No,Ticker,Company,Sector,Industry,Country,Market Cap,P/E,Price,Change,Volume,MarketCap_Num,PE_Num,Change_Num,Volume_Num,Cap_Category,Is_Gainer,Is_Loser,Abs_Change,Log_Volume,Log_MarketCap,Price_Band,Change_ZScore
1,A,Agilent Technologies Inc,Healthcare,Diagnostics & Research,USA,32.63B,25.46,115.48,0.82%,"1,111,810",32630000000.000004,25.46,0.82,1111810,Large Cap,True,False,0.82,13.921500775318366,24.208497947582288,High,0.1231195037178449
2,AA,Alcoa Corp,Basic Materials,Aluminum,USA,18.87B,15.95,71.53,-0.74%,"5,665,793",18870000000.0,15.95,-0.74,5665793,Large Cap,False,True,0.74,15.549957601493164,23.660839196379865,Mid,-0.2662096200054955
3,AAA,Alternative Access First Priority CLO Bond ETF,Financial,Exchange Traded Fund,USA,-,-,24.94,-0.14%,"7,782",,,-0.14,7782,Unknown,False,True,0.14,8.959697146959389,,Low,-0.11646764934267224
4,AAAA,Amplius Aggressive Asset Allocation ETF,Financial,Exchange Traded Fund,USA,-,-,26.92,-0.11%,"5,439",,,-0.11,5439,Unknown,False,True,0.11,8.601534339849989,,Low,-0.10898055080953108
5,AAAC,Columbia AAA CLO ETF,Financial,Exchange Traded Fund,USA,-,-,19.99,0.05%,8,,,0.05,8,Unknown,True,False,0.05,2.1972245773362196,,Very Low,-0.06904935863277822
6,AAAU,Goldman Sachs Physical Gold ETF,Financial,Exchange Traded Fund,USA,-,-,46.09,-1.96%,"3,549,419",,,-1.96,3549419,Unknown,False,True,1.96,15.082294767821896,,Low,-0.570684960353236
7,AACB,Artius II Acquisition Inc,Financial,Shell Companies,USA,286.16M,658.60,10.34,0.00%,447,286160000.0,658.6,0.0,447,Micro Cap,False,False,0.0,6.104793232414985,19.472061656409586,Very Low,-0.08152785618801349
8,AACG,ATA Creativity Global ADR,Consumer Defensive,Education & Training Services,China,30.81M,-,0.97,5.33%,"1,931",30810000.0,,5.33,1931,Micro Cap,True,False,5.33,7.566311014772463,17.243349903029845,Penny,1.2486799832000663
9,AACI,Armada Acquisition Corp III,Financial,Shell Companies,USA,335.54M,-,9.86,0.00%,988,335540000.0,,0.0,988,Small Cap,False,False,0.0,6.8966943316227125,19.6312517352868,Very Low,-0.08152785618801349
10,AACOU,Abony Acquisition Corp I,Financial,Shell Companies,USA,205.32M,-,9.95,-0.20%,"2,090",205320000.0,,-0.2,2090,Micro Cap,False,True,0.2,7.645397699428633,19.140080300526822,Very Low,-0.13144184640895457
11,AACPU,Apogee Acquisition Corp,Financial,Shell Companies,USA,-,-,,-,0,,,,0,Unknown,False,False,,0.0,,,
12,AADR,AdvisorShares Dorsey Wright ADR ETF,Financial,Exchange Traded Fund,USA,-,-,83.25,-0.28%,"2,183",,,-0.28,2183,Unknown,False,True,0.28,7.688913336864796,,Mid,-0.151407442497331
13,AAEQ,Alpha Architect US Equity 2 ETF,Financial,Exchange Traded Fund,USA,-,-,46.92,0.13%,"4,215",,,0.13,4215,Unknown,True,False,0.13,8.346642090221199,,Low,-0.04908376254440179
14,AAL,American Airlines Group Inc,Industrials,Airlines,USA,7.16B,65.26,10.84,-2.61%,"52,701,537",7160000000.0,65.26,-2.61,52701537,Mid Cap,False,True,2.61,17.780155197146467,22.69177581805863,Very Low,-0.7329054285712946
15,AALG,Leverage Shares 2X Long AAL Daily ETF,Financial,Exchange Traded Fund,USA,-,-,8.03,-6.03%,"79,065",,,-6.03,79065,Unknown,False,True,6.03,11.278038225698847,,Very Low,-1.586434661349387
16,AAME,Atlantic American Corp,Financial,Insurance - Life,USA,45.28M,9.85,2.22,-1.33%,"11,911",45280000.0,9.85,-1.33,11911,Micro Cap,False,True,1.33,9.385301574363845,17.628376013944006,Penny,-0.41345589115727166
17,AAMI,Acadian Asset Management Inc,Financial,Asset Management,USA,1.97B,25.02,55.28,-1.64%,"328,432",1970000000.0,25.02,-1.64,328432,Small Cap,False,True,1.64,12.702088138722628,21.401299380203923,Mid,-0.4908225759997303
18,AAOI,Applied Optoelectronics Inc,Technology,Communication Equipment,USA,7.81B,-,103.91,20.34%,"19,811,717",7810000000.0,,20.34,19811717,Mid Cap,True,False,20.34,16.801784138791266,22.778670800926047,High,4.994724949281694
19,AAON,AAON Inc,Industrials,Building Products & Equipment,USA,6.63B,62.86,81.36,-2.74%,"630,257",6630000000.0,62.86,-2.74,630257,Mid Cap,False,True,2.74,13.35388453834525,22.614870641295013,Mid,-0.7653495222149063
20,AAOX,Tradr 2X Long AAOI Daily ETF,Financial,Exchange Traded Fund,USA,-,-,26.33,40.43%,"2,732,572",,,40.43,2732572,Unknown,True,False,40.43,14.82075421413801,,Low,10.008585266975224
21,AAP,Advance Auto Parts Inc,Consumer Cyclical,Auto Parts,USA,3.11B,71.14,51.83,-4.72%,"1,272,829",3110000000.0,71.14,-4.72,1272829,Mid Cap,False,True,4.72,14.056753325809654,21.8578885634591,Mid,-1.2594980254022228
22,AAPB,GraniteShares 2x Long AAPL Daily ETF,Financial,Exchange Traded Fund,USA,-,-,27.5,0.03%,"42,215",,,0.03,42215,Unknown,True,False,0.03,10.650554575085504,,Low,-0.07404075765487232
23,AAPD,Direxion Daily AAPL Bear 1X ETF,Financial,Exchange Traded Fund,USA,-,-,13.84,-0.12%,"13,185,050",,,-0.12,13185050,Unknown,False,True,0.12,16.394594245793897,,Very Low,-0.11147625032057813
24,AAPG,Ascentage Pharma Group International ADR,Healthcare,Biotechnology,China,2.53B,-,27.32,3.96%,"6,547",2530000000.0,,3.96,6547,Mid Cap,True,False,3.96,8.786914938491025,21.651485140081096,Low,0.9067691501866199
25,AAPL,Apple Inc,Technology,Consumer Electronics,USA,3757.20B,32.38,255.92,0.11%,"31,149,390",3757200000000.0,32.38,0.11,31149390,Mega Cap,True,False,0.11,17.254305252444823,28.954695115067036,Very High,-0.0540751615664959
26,AAPR,Innovator Equity Defined Protection ETF - 2 Yr to April 2026,Financial,Exchange Traded Fund,USA,-,-,28.87,0.00%,"28,775",,,0.0,28775,Unknown,False,False,0.0,10.26729698537546,,Low,-0.08152785618801349
27,AAPU,Direxion Daily AAPL Bull 2X ETF,Financial,Exchange Traded Fund,USA,-,-,28.5,0.11%,"1,532,098",,,0.11,1532098,Unknown,True,False,0.11,14.242149248604722,,Low,-0.0540751615664959
28,AAPW,Roundhill AAPL WeeklyPay ETF,Financial,Exchange Traded Fund,USA,-,-,34.85,0.32%,"3,048",,,0.32,3048,Unknown,True,False,0.32,8.022568946988255,,Low,-0.0016654718345077695
29,AAPX,T-Rex 2X Long Apple Daily Target ETF,Financial,Exchange Traded Fund,USA,-,-,25.9,0.27%,"70,061",,,0.27,70061,Unknown,True,False,0.27,11.15713584330377,,Low,-0.014143969389743036
30,AAPY,Kurv Yield Premium Strategy Apple (AAPL) ETF,Financial,Exchange Traded Fund,USA,-,-,22.24,0.27%,729,,,0.27,729,Unknown,True,False,0.27,6.593044534142437,,Low,-0.014143969389743036
31,AARD,Aardvark Therapeutics Inc,Healthcare,Biotechnology,USA,93.81M,-,4.3,5.13%,"132,532",93810000.0,,5.13,132532,Micro Cap,True,False,5.13,11.79458695000274,18.356782028761977,Penny,1.1987659929791252
32,AAT,American Assets Trust Inc,Real Estate,REIT - Diversified,USA,1.15B,20.31,18.67,1.74%,"356,125",1150000000.0,20.31,1.74,356125,Small Cap,True,False,1.74,12.783039879799075,20.863027780191135,Very Low,0.3527238587341739
33,AAUA,Alpha Architect US Equity 3 ETF,Financial,Exchange Traded Fund,USA,-,-,49.52,0.25%,"1,508",,,0.25,1508,Unknown,True,False,0.25,7.319202458767849,,Low,-0.019135368411837148
34,AAUC,Allied Gold Corp,Basic Materials,Gold,Canada,3.87B,-,31.19,-0.06%,"193,823",3870000000.0,,-0.06,193823,Mid Cap,False,True,0.06,12.174705809780674,22.0765203442465,Low,-0.09650205325429581
35,AAUM,Tema Alternative Asset Managers ETF,Financial,Exchange Traded Fund,USA,-,-,19.21,-1.04%,408,,,-1.04,408,Unknown,False,True,1.04,6.013715156042802,,Very Low,-0.3410806053369071
36,AAUS,Alpha Architect US Equity ETF,Financial,Exchange Traded Fund,USA,-,-,52.79,0.06%,9,,,0.06,9,Unknown,True,False,0.06,2.302585092994046,,Mid,-0.06655365912173117
37,AAVM,Alpha Architect Global Factor Equity ETF,Financial,Exchange Traded Fund,USA,-,-,31.69,-0.77%,"2,119",,,-0.77,2119,Unknown,False,True,0.77,7.659171367666058,,Low,-0.27369671853863664
38,AAXJ,iShares MSCI All Country Asia ex Japan ETF,Financial,Exchange Traded Fund,USA,-,-,96.11,-1.11%,"1,504,343",,,-1.11,1504343,Unknown,False,True,1.11,14.223867480742967,,Mid,-0.3585505019142365
39,AB,AllianceBernstein Holding Lp,Financial,Asset Management,USA,3.56B,12.87,38.63,1.68%,"273,374",3560000000.0,12.87,1.68,273374,Mid Cap,True,False,1.68,12.51859975797907,21.993026382091248,Low,0.33774966166789155
40,ABAT,American Battery Technology Company,Industrials,Waste Management,USA,366.15M,-,2.78,2.21%,"2,200,270",366150000.0,,2.21,2200270,Small Cap,True,False,2.21,14.604091092560468,19.718553646202473,Penny,0.4700217357533854
41,ABBV,Abbvie Inc,Healthcare,Drug Manufacturers - General,USA,369.26B,88.44,208.84,-2.86%,"5,083,736",369260000000.0,88.44,-2.86,5083736,Mega Cap,False,True,2.86,15.441557179032856,26.634766839916715,Very High,-0.7952979163474709
42,ABCB,Ameris Bancorp,Financial,Banks - Regional,USA,5.32B,13.07,78.4,-0.13%,"377,192",5320000000.0,13.07,-0.13,377192,Mid Cap,False,True,0.13,12.840512271774967,22.394739140487935,Mid,-0.11397194983162519
43,ABCL,AbCellera Biologics Inc,Healthcare,Biotechnology,Canada,1.07B,-,3.52,0.28%,"3,484,480",1070000000.0000001,,0.28,3484480,Small Cap,True,False,0.28,15.06382966712666,20.790924486354804,Penny,-0.01164826987869598
44,ABCS,Alpha Blue Capital US Small-Mid Cap Dynamic ETF,Financial,Exchange Traded Fund,USA,-,-,29.98,0.18%,"4,113",,,0.18,4113,Unknown,True,False,0.18,8.322151070212902,,Low,-0.036605264989166525
45,ABEO,Abeona Therapeutics Inc,Healthcare,Biotechnology,USA,274.98M,4.83,4.82,5.24%,"766,632",274980000.0,4.83,5.24,766632,Micro Cap,True,False,5.24,13.549763478223584,19.43220892934999,Penny,1.226218687600643
46,ABEQ,Absolute Select Value ETF,Financial,Exchange Traded Fund,USA,-,-,37.86,0.19%,"13,546",,,0.19,13546,Unknown,True,False,0.19,9.513920399580737,,Low,-0.03410956547811947
47,ABEV,Ambev S.A. ADR,Consumer Defensive,Beverages - Brewers,Brazil,45.76B,16.48,2.93,-1.35%,"42,957,245",45760000000.0,16.48,-1.35,42957245,Large Cap,False,True,1.35,17.575715899964745,24.546676184039807,Penny,-0.41844729017936577
48,ABFL,Abacus FCF Leaders ETF,Financial,Exchange Traded Fund,USA,-,-,71.94,0.00%,"18,756",,,0.0,18756,Unknown,False,False,0.0,9.839322295060342,,Mid,-0.08152785618801349
49,ABG,Asbury Automotive Group Inc,Consumer Cyclical,Auto & Truck Dealerships,USA,3.76B,7.77,194.76,0.38%,"121,103",3760000000.0,7.77,0.38,121103,Mid Cap,True,False,0.38,11.704404959548949,22.04768479461417,High,0.013308725231774553
50,ABI,VictoryShares Pioneer Asset-Based Income ETF,Financial,Exchange Traded Fund,USA,-,-,24.89,0.16%,8,,,0.16,8,Unknown,True,False,0.16,2.1972245773362196,,Low,-0.04159666401126063
51,ABIG,Argent Large Cap ETF,Financial,Exchange Traded Fund,USA,-,-,29.45,0.06%,"6,354",,,0.06,6354,Unknown,True,False,0.06,8.756997183623554,,Low,-0.06655365912173117
52,ABLD,Abacus FCF Real Assets Leaders ETF,Financial,Exchange Traded Fund,USA,-,-,31.63,-0.23%,"3,680",,,-0.23,3680,Unknown,False,True,0.23,8.210939733379021,,Low,-0.13892894494209573
53,ABLG,Abacus FCF International Leaders ETF,Financial,Exchange Traded Fund,USA,-,-,29.9,-0.99%,251,,,-0.99,251,Unknown,False,True,0.99,5.529429087511423,,Low,-0.3286021077816718
54,ABLS,Abacus FCF Small Cap Leaders ETF,Financial,Exchange Traded Fund,USA,-,-,18.58,0.19%,257,,,0.19,257,Unknown,True,False,0.19,5.552959584921617,,Very Low,-0.03410956547811947
55,ABLV,Able View Global Inc,Consumer Cyclical,Specialty Retail,China,30.13M,-,0.61,-2.09%,"2,085",30130000.0,,-2.09,2085,Micro Cap,False,True,2.09,7.643003635560718,17.221031944295994,Penny,-0.6031290539968477
56,ABM,ABM Industries Inc,Industrials,Specialty Business Services,USA,2.27B,15.26,38.72,0.05%,"725,724",2270000000.0,15.26,0.05,725724,Mid Cap,True,False,0.05,13.494926434169896,21.54304566888025,Low,-0.06904935863277822
57,ABNB,Airbnb Inc,Consumer Cyclical,Travel Services,USA,76.06B,30.91,124.95,-0.19%,"3,094,492",76060000000.0,30.91,-0.19,3094492,Large Cap,False,True,0.19,14.945134638081115,25.054788339459673,High,-0.1289461468979075
58,ABNG,Leverage Shares 2x Long ABNB Daily ETF,Financial,Exchange Traded Fund,USA,-,-,14.41,-0.53%,"1,162",,,-0.53,1162,Unknown,False,True,0.53,7.0587581525186645,,Very Low,-0.21379993027350735
59,ABNY,YieldMax ABNB Option Income Strategy ETF,Financial,Exchange Traded Fund,USA,-,-,40.38,-1.03%,802,,,-1.03,802,Unknown,False,True,1.03,6.688354713946762,,Low,-0.33858490582586004
60,ABOS,Acumen Pharmaceuticals Inc,Healthcare,Biotechnology,USA,194.97M,-,2.7,5.88%,"635,601",194970000.0,,5.88,635601,Micro Cap,True,False,5.88,13.362327860272849,19.088356263667634,Penny,1.3859434563076543
61,ABOT,Abacus FCF Innovation Leaders ETF,Financial,Exchange Traded Fund,USA,-,-,33.49,0.69%,23,,,0.69,23,Unknown,True,False,0.69,3.1780538303479458,,Low,0.0906754100742332
62,ABR,Arbor Realty Trust Inc,Real Estate,REIT - Mortgage,USA,1.45B,13.87,7.5,-0.13%,"2,381,139",1450000000.0,13.87,-0.13,2381139,Small Cap,False,True,0.13,14.68308992256444,21.09482939406855,Very Low,-0.11397194983162519
63,ABSI,Absci Corp,Healthcare,Biotechnology,USA,468.25M,-,3.06,-2.86%,"4,666,424",468250000.0,,-2.86,4666424,Small Cap,False,True,2.86,15.35590381185621,19.964512901424083,Penny,-0.7952979163474709
64,ABT,Abbott Laboratories,Healthcare,Medical Devices,USA,179.16B,27.67,102.87,0.48%,"5,442,089",179160000000.0,27.67,0.48,5442089,Large Cap,True,False,0.48,15.509673736226063,25.911545098291093,High,0.03826572034224508
65,ABTC,American Bitcoin Corp,Financial,Capital Markets,USA,963.16M,-,0.91,-0.96%,"7,518,746",963160000.0,,-0.96,7518746,Small Cap,False,True,0.96,15.832910059702552,20.685730104455555,Penny,-0.32111500924853065
66,ABTS,Abits Group Inc,Financial,Capital Markets,Hong Kong,3.53M,-,1.49,5.67%,"33,382",3530000.0,,5.67,33382,Micro Cap,True,False,5.67,10.415802067353537,15.07680871219556,Penny,1.3335337665756661
67,ABUF,Aptus Laddered Buffer ETF,Financial,Exchange Traded Fund,USA,-,-,25.12,0.00%,0,,,0.0,0,Unknown,False,False,0.0,0.0,,Low,-0.08152785618801349
68,ABUS,Arbutus Biopharma Corp,Healthcare,Biotechnology,USA,875.74M,-,4.48,-0.88%,"611,685",875740000.0,,-0.88,611685,Small Cap,False,True,0.88,13.323974357932615,20.590579802334666,Penny,-0.30114941316015426
69,ABVC,ABVC BioPharma Inc,Healthcare,Biotechnology,USA,27.73M,-,1.09,0.93%,"54,756",27730000.0,,0.93,54756,Micro Cap,True,False,0.93,10.910660493387415,17.138025453653988,Penny,0.15057219833936253
70,ABVE,Above Food Ingredients Inc,Consumer Defensive,Packaged Foods,Canada,48.64M,-,0.95,7.49%,"1,145,621",48640000.0,,7.49,1145621,Micro Cap,True,False,7.49,13.95145827891474,17.699956816181395,Penny,1.78775107758623
71,ABVX,Abivax ADR,Healthcare,Biotechnology,France,9.37B,-,118.37,2.96%,"954,766",9370000000.0,,2.96,954766,Mid Cap,True,False,2.96,13.769222610637543,22.960778933303466,High,0.6571991990819145
72,ABX,Abacus Global Management Inc,Financial,Insurance - Life,USA,781.03M,21.66,8.09,4.25%,"594,699",781030000.0,21.66,4.25,594699,Small Cap,True,False,4.25,13.295812355694686,20.47612412063852,Very Low,0.9791444360069844
73,ABXB,Abacus Flexible Bond Leaders ETF,Financial,Exchange Traded Fund,USA,-,-,19.34,0.12%,71,,,0.12,71,Unknown,True,False,0.12,4.276666119016055,,Very Low,-0.051579462055448846
74,ACA,Arcosa Inc,Industrials,Engineering & Construction,USA,5.28B,25.41,107.7,-0.30%,"308,383",5280000000.0,25.41,-0.3,308383,Mid Cap,False,True,0.3,12.639101038651013,22.387191934853977,High,-0.15639884151942512
75,ACAAU,Averin Capital Acquisition Corp,Financial,Shell Companies,USA,251.31M,-,10.05,0.32%,"5,107",251310000.0,,0.32,5107,Micro Cap,True,False,0.32,8.53856321715243,19.342197798777253,Very Low,-0.0016654718345077695
76,ACAD,Acadia Pharmaceuticals Inc,Healthcare,Biotechnology,USA,3.78B,9.70,22.2,-0.54%,"1,702,906",3780000000.0,9.7,-0.54,1702906,Mid Cap,False,True,0.54,14.347847348641046,22.052989846842458,Low,-0.2162956297845544
77,ACB,Aurora Cannabis Inc,Healthcare,Drug Manufacturers - Specialty & Generic,Canada,195.08M,-,3.44,2.69%,"687,600",195080000.0,,2.69,687600,Micro Cap,True,False,2.69,13.44096400682369,19.08892029393223,Penny,0.5898153122836439
78,ACCL,Acco Group Holdings Ltd,Industrials,Consulting Services,Hong Kong,19.11M,145.74,1.37,3.79%,"12,347",19110000.0,145.74,3.79,12347,Micro Cap,True,False,3.79,9.42124938562205,16.765722368545077,Penny,0.86434225849882
79,ACCO,Acco Brands Corporation,Industrials,Business Equipment & Supplies,USA,259.69M,6.51,2.88,-1.71%,"1,181,825",259690000.0,6.51,-1.71,1181825,Micro Cap,False,True,1.71,13.982571257990173,19.374999173773922,Penny,-0.5082924725770597
80,ACCS,ACCESS Newswire Inc,Communication Services,Advertising Agencies,USA,32.80M,7.21,8.5,-0.58%,"2,697",32799999.999999996,7.21,-0.58,2697,Micro Cap,False,True,0.58,7.900266036767701,17.305939103842178,Very Low,-0.2262784278287426
81,ACDC,ProFrac Holding Corp,Energy,Oil & Gas Equipment & Services,USA,1.10B,-,6.08,2.88%,"1,176,039",1100000000.0,,2.88,1176039,Small Cap,True,False,2.88,13.977663420467701,20.818576017659826,Very Low,0.637233602993538
82,ACEI,Innovator Equity Autocallable Income Strategy ETF,Financial,Exchange Traded Fund,USA,-,-,23.23,-2.39%,"20,509",,,-2.39,20509,Unknown,False,True,2.39,9.928667851066427,,Low,-0.6780000393282595
83,ACEL,Accel Entertainment Inc,Consumer Cyclical,Gambling,USA,900.50M,18.29,11.04,0.36%,"350,151",900500000.0,18.29,0.36,350151,Small Cap,True,False,0.36,12.766122624905135,20.618460723690777,Very Low,0.008317326209680441
84,ACEP,ARS Core Equity Portfolio ETF,Financial,Exchange Traded Fund,USA,-,-,17.66,0.20%,748,,,0.2,748,Unknown,True,False,0.2,6.618738983517219,,Very Low,-0.03161386596707241
85,ACES,ALPS Clean Energy ETF,Financial,Exchange Traded Fund,USA,-,-,33.46,-0.56%,"13,672",,,-0.56,13672,Unknown,False,True,0.56,9.523178364309082,,Low,-0.22128702880664852
86,ACET,Adicet Bio Inc,Healthcare,Biotechnology,USA,67.08M,-,6.99,1.60%,"64,015",67080000.0,,1.6,64015,Micro Cap,True,False,1.6,11.066888331097017,18.021396509826854,Very Low,0.3177840655795151
87,ACFN,Acorn Energy Inc,Technology,Scientific & Technical Instruments,USA,43.11M,17.35,17.2,6.34%,"5,503",43110000.0,17.35,6.34,5503,Micro Cap,True,False,6.34,8.61323037961318,17.57926556991979,Very Low,1.5007456338158187
88,ACGCU,ACP Holdings Acquisition Corp,Financial,Shell Companies,USA,-,-,,-,0,,,,0,Unknown,False,False,,0.0,,,
89,ACGL,Arch Capital Group Ltd,Financial,Insurance - Diversified,Bermuda,34.42B,8.33,96.74,1.31%,"1,410,535",34420000000.0,8.33,1.31,1410535,Large Cap,True,False,1.31,14.159480331962717,24.26190362775886,Mid,0.24540877975915057
90,ACGR,American Century Large Cap Growth ETF,Financial,Exchange Traded Fund,USA,-,-,60.04,0.09%,10,,,0.09,10,Unknown,True,False,0.09,2.3978952727983707,,Mid,-0.05906656058859001
91,ACH,Accendra Health Inc,Healthcare,Medical Distribution,USA,201.03M,-,2.63,6.05%,"618,097",201030000.0,,6.05,618097,Micro Cap,True,False,6.05,13.334402299919756,19.118964713591843,Penny,1.4283703479954541
92,ACHC,Acadia Healthcare Company Inc,Healthcare,Medical Care Facilities,USA,2.21B,-,23.96,1.23%,"2,129,731",2210000000.0,,1.23,2129731,Mid Cap,True,False,1.23,14.571506708173162,21.51625835292856,Low,0.22544318367077412
93,ACHR,Archer Aviation Inc,Industrials,Aerospace & Defense,USA,4.04B,-,5.42,4.03%,"20,908,655",4040000000.0,,4.03,20908655,Mid Cap,True,False,4.03,16.855673793872775,22.119510529166995,Very Low,0.9242390467639493
94,ACHV,Achieve Life Sciences Inc,Healthcare,Biotechnology,Canada,171.97M,-,3.23,2.87%,"504,188",171970000.0,,2.87,504188,Micro Cap,True,False,2.87,13.13070647675858,18.96283060677535,Penny,0.634737903482491
95,ACI,Albertsons Companies Inc,Consumer Defensive,Grocery Stores,USA,8.97B,11.24,17.45,2.59%,"5,924,242",8970000000.0,11.24,2.59,5924242,Mid Cap,True,False,2.59,15.594563473109911,22.917151513128598,Very Low,0.5648583171731735
96,ACIC,American Coastal Insurance Corp,Financial,Insurance - Property & Casualty,USA,533.76M,5.11,10.97,-0.18%,"138,995",533760000.0,5.11,-0.18,138995,Small Cap,False,True,0.18,11.842200434720347,20.095456859568102,Very Low,-0.12645044738686045
97,ACII,Innovator Index Autocallable Income Strategy ETF,Financial,Exchange Traded Fund,USA,-,-,25.13,0.48%,"377,330",,,0.48,377330,Unknown,True,False,0.48,12.840878065312452,,Low,0.03826572034224508
98,ACIO,Aptus Collared Investment Opportunity ETF,Financial,Exchange Traded Fund,USA,-,-,42.2,0.02%,"88,692",,,0.02,88692,Unknown,True,False,0.02,11.392936247483393,,Low,-0.07653645716591938
99,ACIU,AC Immune SA,Healthcare,Biotechnology,Switzerland,280.90M,-,2.76,-1.08%,"119,822",280900000.0,,-1.08,119822,Micro Cap,False,True,1.08,11.693770932880817,19.453509295634458,Penny,-0.3510634033810953
100,ACIW,ACI Worldwide Inc,Technology,Software - Infrastructure,USA,4.20B,19.07,41.33,0.90%,"739,842",4200000000.0,19.07,0.9,739842,Mid Cap,True,False,0.9,13.514193280508614,22.15835036247383,Low,0.14308509980622136
101,ACKY,VistaShares Target 15 ACKtivist Distribution ETF,Financial,Exchange Traded Fund,USA,-,-,17.58,-0.10%,"30,245",,,-0.1,30245,Unknown,False,True,0.1,10.317119223310685,,Very Low,-0.10648485129848402
102,ACLC,American Century Large Cap Equity ETF,Financial,Exchange Traded Fund,USA,-,-,74.41,-0.00%,"55,423",,,-0.0,55423,Unknown,False,False,0.0,10.922767991922107,,Mid,-0.08152785618801349
103,ACLO,TCW AAA CLO ETF,Financial,Exchange Traded Fund,USA,-,-,50.21,0.06%,186,,,0.06,186,Unknown,True,False,0.06,5.231108616854587,,Mid,-0.06655365912173117
104,ACLS,Axcelis Technologies Inc,Technology,Semiconductor Equipment & Materials,USA,2.92B,25.05,95.09,-0.44%,"353,670",2920000000.0,25.05,-0.44,353670,Mid Cap,False,True,0.44,12.776122381444843,21.794849453569068,Mid,-0.19133863467408385
105,ACLX,Arcellx Inc,Healthcare,Biotechnology,USA,6.71B,-,114.77,0.02%,"1,212,198",6710000000.0,,0.02,1212198,Mid Cap,True,False,0.02,14.007946623552604,22.626864788079033,High,-0.07653645716591938
106,ACM,AECOM,Industrials,Engineering & Construction,USA,10.95B,19.44,84.71,-1.16%,"1,057,416",10950000000.0,19.44,-1.16,1057416,Large Cap,False,True,1.16,13.871339699824668,23.116605293300246,Mid,-0.3710289994694717
107,ACMR,ACM Research Inc,Technology,Semiconductor Equipment & Materials,USA,2.66B,29.56,40.54,0.20%,"777,400",2660000000.0,29.56,0.2,777400,Mid Cap,True,False,0.2,13.563711583738511,21.70159196011596,Low,-0.03161386596707241
108,ACN,Accenture plc,Technology,Information Technology Services,Ireland,123.60B,16.49,201.33,2.17%,"5,518,318",123600000000.0,16.49,2.17,5518318,Large Cap,True,False,2.17,15.523583842889403,25.54031638197809,Very High,0.4600389377091972
109,ACNB,ACNB Corp,Financial,Banks - Regional,USA,496.97M,13.54,48.0,-0.10%,"37,251",496970000.0,13.54,-0.1,37251,Small Cap,False,True,0.1,10.525460913641549,20.024040222078188,Low,-0.10648485129848402
110,ACNT,Ascent Industries Co,Basic Materials,Chemicals,USA,124.05M,150.23,13.1,-0.38%,"123,946",124050000.0,150.23,-0.38,123946,Micro Cap,False,True,0.38,11.727609333862647,18.63619527616335,Very Low,-0.17636443760780154
111,ACOG,Alpha Cognition Inc,Healthcare,Biotechnology,USA,130.21M,-,5.98,0.34%,"56,401",130210000.00000001,,0.34,56401,Micro Cap,True,False,0.34,10.940259897850332,18.684659097384813,Very Low,0.0033259271875863425
112,ACON,Aclarion Inc,Healthcare,Health Information Services,USA,8.15M,-,3.57,4.69%,"55,293",8150000.0,,4.69,55293,Micro Cap,True,False,4.69,10.920419682528133,15.913528607916424,Penny,1.088955214493055
113,ACP,abrdn Income Credit Strategies Fund,Financial,Closed-End Fund - Debt,USA,638.65M,15.42,5.09,-0.39%,"319,769",638650000.0,15.42,-0.39,319769,Small Cap,False,True,0.39,12.675357266351293,20.274867133018862,Very Low,-0.1788601371188486
114,ACR,ACRES Commercial Realty Corp,Real Estate,REIT - Mortgage,USA,134.49M,2773.53,18.86,-1.67%,"17,700",134490000.0,2773.53,-1.67,17700,Micro Cap,False,True,1.67,9.781376414141157,18.71700041223523,Very Low,-0.49830967453287145
115,ACRE,Ares Commercial Real Estate Corp,Real Estate,REIT - Mortgage,USA,263.55M,-,4.76,0.85%,"496,281",263550000.0,,0.85,496281,Micro Cap,True,False,0.85,13.114899592531762,19.389753665059835,Penny,0.13060660225098608
116,ACRS,Aclaris Therapeutics Inc,Healthcare,Biotechnology,USA,506.50M,-,4.2,1.45%,"940,049",506500000.0,,1.45,940049,Small Cap,True,False,1.45,13.753688344320931,20.043034883627346,Penny,0.28034857291380927
117,ACRV,Acrivon Therapeutics Inc,Healthcare,Biotechnology,USA,58.89M,-,1.52,4.11%,"392,238",58890000.0,,4.11,392238,Micro Cap,True,False,4.11,12.87962662686235,17.891181871901566,Penny,0.9442046428523257
118,ACSG,American Century Small Cap Growth Insights ETF,Financial,Exchange Traded Fund,USA,-,-,40.12,0.34%,"6,930",,,0.34,6930,Unknown,True,False,0.34,8.843759381917984,,Low,0.0033259271875863425
119,ACSI,American Customer Satisfaction ETF,Financial,Exchange Traded Fund,USA,-,-,64.88,0.28%,33,,,0.28,33,Unknown,True,False,0.28,3.5263605246161616,,Mid,-0.01164826987869598
120,ACSV,American Century Small Cap Value Insights ETF,Financial,Exchange Traded Fund,USA,-,-,42.98,0.26%,221,,,0.26,221,Unknown,True,False,0.26,5.402677381872279,,Low,-0.01663966890079009
121,ACT,Enact Holdings Inc,Financial,Insurance - Specialty,USA,5.85B,9.15,41.35,1.92%,"275,517",5850000000.0,9.15,1.92,275517,Mid Cap,True,False,1.92,12.526408241193995,22.489707498361117,Low,0.39764644993302084
122,ACTG,Acacia Research Corp,Industrials,Business Equipment & Supplies,USA,482.38M,22.43,5.0,1.63%,"216,563",482380000.0,22.43,1.63,216563,Small Cap,True,False,1.63,12.285641394749298,19.994242745221023,Penny,0.3252711641126562
123,ACTU,Actuate Therapeutics Inc,Healthcare,Biotechnology,USA,58.80M,-,2.48,-0.40%,"42,815",58800000.0,,-0.4,42815,Micro Cap,False,True,0.4,10.6646671434879,17.889652429875657,Penny,-0.18135583662989566
124,ACU,Acme United Corp,Consumer Defensive,Household & Personal Products,USA,170.57M,18.05,44.79,-0.29%,"13,707",170570000.0,18.05,-0.29,13707,Micro Cap,False,True,0.29,9.525734882994499,18.95465633347975,Low,-0.15390314200837807
125,ACV,Virtus Diversified Income & Convertible Fund,Financial,Closed-End Fund - Equity,USA,255.99M,5.92,24.67,0.73%,"21,047",255990000.0,5.92,0.73,21047,Micro Cap,True,False,0.73,9.95456082272013,19.36064894308728,Low,0.10065820811842142
126,ACVA,ACV Auctions Inc,Consumer Cyclical,Auto & Truck Dealerships,USA,758.95M,-,4.36,2.11%,"2,536,808",758950000.0,,2.11,2536808,Small Cap,True,False,2.11,14.746417549976709,20.44744645835475,Penny,0.44506474064291485
127,ACVF,American Conservative Values ETF,Financial,Exchange Traded Fund,USA,-,-,47.99,0.29%,"2,338",,,0.29,2338,Unknown,True,False,0.29,7.757478766584179,,Low,-0.009152570367648938
128,ACVT,Advent Convertible Bond ETF,Financial,Exchange Traded Fund,USA,-,-,26.1,-0.06%,7,,,-0.06,7,Unknown,False,True,0.06,2.0794415416798357,,Low,-0.09650205325429581
129,ACWI,iShares MSCI ACWI ETF,Financial,Exchange Traded Fund,USA,-,-,139.44,-0.16%,"3,515,819",,,-0.16,3515819,Unknown,False,True,0.16,15.07278334193747,,High,-0.12145904836476636
130,ACWV,iShares MSCI Global Min Vol Factor ETF,Financial,Exchange Traded Fund,USA,-,-,119.9,0.32%,"58,595",,,0.32,58595,Unknown,True,False,0.32,10.978421713849661,,High,-0.0016654718345077695
131,ACWX,iShares MSCI ACWI ex US ETF,Financial,Exchange Traded Fund,USA,-,-,68.93,-0.66%,"3,455,539",,,-0.66,3455539,Unknown,False,True,0.66,15.055489298195393,,Mid,-0.24624402391711905
132,ACXP,Acurx Pharmaceuticals Inc,Healthcare,Biotechnology,USA,10.51M,-,3.68,-5.40%,"162,426",10510000.0,,-5.4,162426,Micro Cap,False,True,5.4,11.997983949048328,16.167837838000608,Penny,-1.4292055921534226
133,ACYN,FT Vest Laddered Autocallable Barrier & Income ETF,Financial,Exchange Traded Fund,USA,-,-,20.57,0.98%,"303,351",,,0.98,303351,Unknown,True,False,0.98,12.622649126393048,,Low,0.16305069589459778
134,AD,Array Digital Infrastructure Inc,Communication Services,Telecom Services,USA,4.15B,14.39,48.0,0.80%,"147,137",4150000000.0000005,14.39,0.8,147137,Mid Cap,True,False,0.8,11.899126200896935,22.146374171429983,Low,0.11812810469575082
135,ADAC,American Drive Acquisition Co,Financial,Shell Companies,USA,284.62M,-,9.9,0.00%,"1,577",284620000.0,,0.0,1577,Micro Cap,False,False,0.0,7.363913501405819,19.466665518733244,Very Low,-0.08152785618801349
136,ADAG,Adagene Inc ADR,Healthcare,Biotechnology,China,188.05M,-,3.99,-13.45%,"1,225,420",188050000.0,,-13.45,1225420,Micro Cap,False,True,13.45,14.018795016388152,19.052218448198353,Penny,-3.4382436985463007
137,ADAM,Adamas Trust Inc,Real Estate,REIT - Mortgage,USA,668.61M,6.70,7.39,0.54%,"548,595",668610000.0,6.7,0.54,548595,Small Cap,True,False,0.54,13.215117566172147,20.320711489959848,Very Low,0.05323991740852742
138,ADBE,Adobe Inc,Technology,Software - Application,USA,98.19B,14.15,242.92,0.64%,"3,586,782",98190000000.0,14.15,0.64,3586782,Large Cap,True,False,0.64,15.092766258448039,25.310170214137795,Very High,0.07819691251899795
139,ADBG,Leverage Shares 2X Long ADBE Daily ETF,Financial,Exchange Traded Fund,USA,-,-,4.58,1.33%,"2,264,169",,,1.33,2264169,Unknown,True,False,1.33,14.632718803825446,,Penny,0.25040017878124465
140,ADBU,Direxion Daily ADBE Bull 2X ETF,Financial,Exchange Traded Fund,USA,-,-,25.68,1.04%,"51,141",,,1.04,51141,Unknown,True,False,1.04,10.84236135641054,,Low,0.17802489296088012
141,ADC,Agree Realty Corp,Real Estate,REIT - Retail,USA,9.20B,43.37,76.61,1.02%,"895,058",9200000000.0,43.37,1.02,895058,Mid Cap,True,False,1.02,13.704644916871956,22.942469321110103,Mid,0.173033493938786
142,ADCT,Adc Therapeutics SA,Healthcare,Biotechnology,Switzerland,480.23M,-,3.78,-0.53%,"1,355,030",480230000.0,,-0.53,1355030,Small Cap,False,True,0.53,14.119334890263017,19.989775715851525,Penny,-0.21379993027350735
143,ADEA,Adeia Inc,Technology,Software - Application,USA,2.73B,25.47,25.07,0.00%,"835,683",2730000000.0,25.47,0.0,835683,Mid Cap,False,False,0.0,13.636005830179826,21.72756744650958,Low,-0.08152785618801349
144,ADFI,Anfield Dynamic Fixed Income ETF,Financial,Exchange Traded Fund,USA,-,-,8.51,0.18%,"10,660",,,0.18,10660,Unknown,True,False,0.18,9.274347501950475,,Very Low,-0.036605264989166525
145,ADGM,Adagio Medical Holdings Inc,Healthcare,Medical Devices,USA,27.76M,-,1.25,6.84%,"11,039",27760000.0,,6.84,11039,Micro Cap,True,False,6.84,9.309280319831087,17.139106729625933,Penny,1.6255306093681714
146,ADI,Analog Devices Inc,Technology,Semiconductors,USA,155.41B,58.15,318.34,-0.70%,"2,384,821",155410000000.0,58.15,-0.7,2384821,Large Cap,False,True,0.7,14.684635046395698,25.769332622880366,Very High,-0.25622682196130725
147,ADIL,Adial Pharmaceuticals Inc,Healthcare,Biotechnology,USA,2.41M,-,1.69,-2.31%,"43,151",2410000.0,,-2.31,43151,Micro Cap,False,True,2.31,10.67248404537951,14.69513772040451,Penny,-0.658034443239883
148,ADIV,Guinness Atkinson Asia Pacific Dividend Builder ETF,Financial,Exchange Traded Fund,USA,-,-,17.64,0.06%,"93,085",,,0.06,93085,Unknown,True,False,0.06,11.441279076017713,,Very Low,-0.06655365912173117
149,ADM,Archer Daniels Midland Co,Consumer Defensive,Farm Products,USA,35.53B,33.13,73.83,2.02%,"3,349,916",35530000000.0,33.13,2.02,3349916,Large Cap,True,False,2.02,15.024446127374913,24.29364324700749,Mid,0.4226034450434914
150,ADMA,Adma Biologics Inc,Healthcare,Biotechnology,USA,2.19B,15.34,9.19,0.88%,"6,123,814",2190000000.0,15.34,0.88,6123814,Mid Cap,True,False,0.88,15.627695826289694,21.50716738123144,Very Low,0.13809370078412725
151,ADME,Aptus Drawdown Managed Equity ETF,Financial,Exchange Traded Fund,USA,-,-,49.65,-0.04%,"7,178",,,-0.04,7178,Unknown,False,True,0.04,8.878915376576483,,Low,-0.0915106542322017
152,ADNT,Adient plc,Consumer Cyclical,Auto Parts,USA,1.60B,-,20.37,-2.21%,"625,375",1600000000.0,,-2.21,625375,Small Cap,False,True,2.21,13.346108347829803,21.193269466817146,Low,-0.6330774481294124
153,ADP,Automatic Data Processing Inc,Technology,Software - Application,USA,82.14B,19.60,204.01,1.36%,"2,846,390",82140000000.0,19.6,1.36,2846390,Large Cap,True,False,1.36,14.861562434000007,25.131690945486998,Very High,0.2578872773143858
154,ADPT,Adaptive Biotechnologies Corp,Healthcare,Biotechnology,USA,2.28B,-,14.81,2.63%,"1,565,437",2280000000.0,,2.63,1565437,Mid Cap,True,False,2.63,14.263676215003944,21.547441280351357,Very Low,0.5748411152173617
155,ADPV,Adaptiv Select ETF,Financial,Exchange Traded Fund,USA,-,-,42.18,-2.54%,"67,695",,,-2.54,67695,Unknown,False,True,2.54,11.122782372959849,,Low,-0.7154355319939651
156,ADSE,Ads-Tec Energy Plc,Industrials,Electrical Equipment & Parts,Ireland,646.92M,-,10.76,-7.24%,"2,545",646920000.0,,-7.24,2545,Small Cap,False,True,7.24,7.842278779117352,20.28773319876164,Very Low,-1.8884143021860804
157,ADSK,Autodesk Inc,Technology,Software - Application,USA,50.23B,45.51,238.08,0.09%,"1,990,466",50230000000.0,45.51,0.09,1990466,Large Cap,True,False,0.09,14.503879842536023,24.639878294728273,Very High,-0.05906656058859001
158,ADT,ADT Inc,Industrials,Security & Protection Services,USA,5.43B,9.95,6.62,1.07%,"9,719,747",5430000000.0,9.95,1.07,9719747,Mid Cap,True,False,1.07,16.089670250174613,22.415204971076417,Very Low,0.18551199149402128
159,ADTN,ADTRAN Holdings Inc,Technology,Communication Equipment,USA,1.04B,-,12.88,1.18%,"2,298,409",1040000000.0,,1.18,2298409,Small Cap,True,False,1.18,14.64772813749052,20.76248655106123,Very Low,0.21296468611553884
160,ADTX,Aditxt Inc,Healthcare,Biotechnology,USA,0.41M,-,0.79,-11.72%,"797,687",410000.0,,-11.72,797687,Micro Cap,False,True,11.72,13.589472822536727,12.923914877701906,Penny,-3.006487683135161
161,ADUR,Aduro Clean Technologies Inc,Industrials,Pollution & Treatment Controls,Canada,345.11M,-,10.37,0.58%,"212,327",345110000.0,,0.58,212327,Small Cap,True,False,0.58,12.265887527831332,19.659373767654117,Very Low,0.06322271545271561
162,ADUS,Addus HomeCare Corporation,Healthcare,Medical Care Facilities,USA,1.71B,17.57,91.59,-2.41%,"268,709",1710000000.0,17.57,-2.41,268709,Small Cap,False,True,2.41,12.501388010137351,21.259759208045775,Mid,-0.6829914383503535
163,ADV,Advantage Solutions Inc,Communication Services,Advertising Agencies,USA,284.93M,-,21.75,13.34%,"69,714",284930000.0,,13.34,69714,Micro Cap,True,False,13.34,11.152170781629122,19.467754097539405,Low,3.247735291548756
164,ADVB,Advanced Biomed Inc,Healthcare,Diagnostics & Research,Taiwan,6.21M,34.37,4.55,2.02%,"2,937",6210000.0,34.37,2.02,2937,Micro Cap,True,False,2.02,7.9854843567338225,15.641671614940245,Penny,0.4226034450434914
165,ADVE,Matthews Asia Dividend Active ETF,Financial,Exchange Traded Fund,USA,-,-,41.83,-0.98%,231,,,-0.98,231,Unknown,False,True,0.98,5.44673737166631,,Low,-0.32610640827062476
166,ADX,Adams Diversified Equity Fund,Financial,Closed-End Fund - Equity,USA,2.75B,5.64,22.43,0.13%,"195,946",2750000000.0,5.64,0.13,195946,Mid Cap,True,False,0.13,12.18559949348251,21.734866748988527,Low,-0.04908376254440179
167,ADXN,Addex Therapeutics Ltd ADR,Healthcare,Biotechnology,Switzerland,7.21M,-,5.72,-8.93%,"8,663",7210000.0,,-8.93,8663,Micro Cap,False,True,8.93,9.066931788680826,15.790979647957377,Very Low,-2.3101875195530326
168,AEAQ,Activate Energy Acquisition Corp,Financial,Shell Companies,Cayman Islands,311.22M,-,9.94,0.10%,"46,738",311220000.0,,0.1,46738,Small Cap,True,False,0.1,10.752334212913182,19.5560106187688,Very Low,-0.05657086107754295
169,AEBI,Aebi Schmidt Holding AG,Industrials,Farm & Heavy Construction Machinery,Switzerland,741.83M,18.64,9.58,2.13%,"350,312",741830000.0,18.64,2.13,350312,Small Cap,True,False,2.13,12.766582319544654,20.42463066571772,Very Low,0.45005613966500896
170,AEC,Anfield Energy Inc,Energy,Uranium,Canada,87.02M,-,5.48,-3.18%,"25,994",87020000.0,,-3.18,25994,Micro Cap,False,True,3.18,10.165659490817816,18.281648546748418,Very Low,-0.8751603007009767
171,AEE,Ameren Corp,Utilities,Utilities - Regulated Electric,USA,30.87B,20.88,111.68,0.80%,"1,034,282",30870000000.0,20.88,0.8,1034282,Large Cap,True,False,0.8,13.84921899099375,24.153050675492874,High,0.11812810469575082
172,AEF,abrdn Emerging Markets ex-China Fund Inc,Financial,Closed-End Fund - Equity,USA,299.64M,3.22,7.38,-1.60%,"99,513",299640000.0,3.22,-1.6,99513,Micro Cap,False,True,1.6,11.50805361676646,19.518092315381296,Very Low,-0.4808397779555421
173,AEG,Aegon Ltd,Financial,Insurance - Diversified,Netherlands,11.07B,10.42,7.36,-0.14%,"8,801,303",11070000000.0,10.42,-0.14,8801303,Large Cap,False,True,0.14,15.990410450288776,23.12750458375729,Very Low,-0.11646764934267224
174,AEHL,Antelope Enterprise Holdings Ltd,Industrials,Building Products & Equipment,China,4.07M,-,1.11,-11.20%,"363,270",4070000.0000000005,,-11.2,363270,Micro Cap,False,True,11.2,12.802904391186152,15.219153803118994,Penny,-2.8767113085607137
175,AEHR,Aehr Test Systems,Technology,Semiconductor Equipment & Materials,USA,1.36B,-,44.32,11.92%,"3,581,951",1360000000.0,,11.92,3581951,Small Cap,True,False,11.92,15.091418461178,21.030750537429665,Low,2.8933459609800742
176,AEI,Alset Inc,Real Estate,Real Estate - Development,USA,68.07M,-,1.75,-0.57%,"5,144",68070000.0,,-0.57,5144,Micro Cap,False,True,0.57,8.545780648268149,18.036047160114894,Penny,-0.22378272831769555
177,AEIS,Advanced Energy Industries Inc,Industrials,Electrical Equipment & Parts,USA,12.55B,87.08,332.31,-0.15%,"320,033",12550000000.0,87.08,-0.15,320033,Large Cap,False,True,0.15,12.676182519131778,23.252986502603886,Very High,-0.1189633488537193
178,AEM,Agnico Eagle Mines Ltd,Basic Materials,Gold,Canada,104.48B,23.49,208.54,-0.73%,"2,138,796",104480000000.0,23.49,-0.73,2138796,Large Cap,False,True,0.73,14.575754079400035,25.372261502484104,Very High,-0.2637139204944484
179,AEMD,Aethlon Medical Inc,Healthcare,Medical Devices,USA,2.79M,-,2.12,-1.40%,"18,946",2790000.0,,-1.4,18946,Micro Cap,False,True,1.4,9.849400886632361,14.841552512220423,Penny,-0.430925787734601
180,AEMS,Anfield Enhanced Market ETF,Financial,Exchange Traded Fund,USA,-,-,10.14,0.29%,"30,883",,,0.29,30883,Unknown,True,False,0.29,10.337993529428706,,Very Low,-0.009152570367648938
181,AENT,Alliance Entertainment Holding Corporation,Communication Services,Entertainment,USA,340.40M,15.57,6.68,2.45%,"6,013",340400000.0,15.57,2.45,6013,Small Cap,True,False,2.45,8.701845363548474,19.645631957601214,Very Low,0.5299185240185148
182,AEO,American Eagle Outfitters Inc,Consumer Cyclical,Apparel Retail,USA,2.81B,15.04,16.84,-2.77%,"5,204,276",2810000000.0,15.04,-2.77,5204276,Mid Cap,False,True,2.77,15.464991345483892,21.756450320647936,Very Low,-0.7728366207480475
183,AEON,AEON Biopharma Inc,Healthcare,Biotechnology,USA,22.49M,-,0.89,-9.16%,"74,795",22490000.0,,-9.16,74795,Micro Cap,False,True,9.16,11.22251968659685,16.928581368399705,Penny,-2.367588608307115
184,AEP,American Electric Power Company Inc,Utilities,Utilities - Regulated Electric,USA,71.76B,19.92,132.68,0.77%,"1,998,265",71760000000.0,19.92,0.77,1998265,Large Cap,True,False,0.77,14.50779036246234,24.996593054710885,High,0.11064100616260965
185,AER,Aercap Holdings N.V,Industrials,Rental & Leasing Services,Ireland,23.23B,6.52,139.18,-0.56%,"1,022,008",23230000000.0,6.52,-0.56,1022008,Large Cap,False,True,0.56,13.837280855969242,23.868710383771777,High,-0.22128702880664852
186,AERO,Grupo Aeromexico S.A.B. De C.V. ADR,Industrials,Airlines,Mexico,2.09B,7.97,14.3,0.14%,"196,399",2089999999.9999998,7.97,0.14,196399,Mid Cap,True,False,0.14,12.187908674902502,21.4604299034016,Very Low,-0.046588063033354735
187,AERT,Aeries Technology Inc,Industrials,Consulting Services,Singapore,24.17M,-,0.48,19.25%,"837,363",24170000.0,,19.25,837363,Micro Cap,True,False,19.25,13.638014141435288,17.000622794053267,Penny,4.722693702577565
188,AES,AES Corp,Utilities,Utilities - Diversified,USA,10.19B,10.87,14.3,0.70%,"7,462,789",10190000000.0,10.87,0.7,7462789,Large Cap,True,False,0.7,15.82543989689945,23.04467268427918,Very Low,0.09317110958528026
189,AESI,Atlas Energy Solutions Inc,Energy,Oil & Gas Equipment & Services,USA,1.52B,-,12.15,-0.41%,"3,578,304",1520000000.0,,-0.41,3578304,Small Cap,False,True,0.41,15.09039978257041,21.141976172462492,Very Low,-0.18385153614094268
190,AESPU,Aeon Acquisition I Corp,Financial,Shell Companies,USA,-,-,,-,0,,,,0,Unknown,False,False,,0.0,,,
191,AESR,Anfield U.S. Equity Sector Rotation ETF,Financial,Exchange Traded Fund,USA,-,-,17.02,-0.06%,"14,881",,,-0.06,14881,Unknown,False,True,0.06,9.607907707957207,,Very Low,-0.09650205325429581
192,AETH,Bitwise Trendwise Ether and Treasuries Rotation Strategy ETF,Financial,Exchange Traded Fund,USA,-,-,34.16,0.01%,489,,,0.01,489,Unknown,True,False,0.01,6.194405391104672,,Low,-0.07903215667696643
193,AEVA,Aeva Technologies Inc,Technology,Software - Infrastructure,USA,832.80M,-,13.23,0.23%,"822,311",832800000.0,,0.23,822311,Small Cap,True,False,0.23,13.619875164066663,20.5403040764658,Very Low,-0.024126767433931252
194,AEXA,American Exceptionalism Acquisition Corp. A,Financial,Shell Companies,USA,540.61M,-,10.93,-1.53%,"62,452",540610000.0,,-1.53,62452,Small Cap,False,True,1.53,11.04216955283066,20.10820869145052,Very Low,-0.4633698813782127
195,AEYE,AudioEye Inc,Technology,Software - Application,USA,82.85M,-,6.63,-4.60%,"286,743",82850000.0,,-4.6,286743,Micro Cap,False,True,4.6,12.566345110622748,18.23254231390685,Very Low,-1.229549631269658
196,AFB,AllianceBernstein National Municipal Income Fund Inc,Financial,Closed-End Fund - Debt,USA,301.25M,87.33,10.48,-1.23%,"165,033",301250000.0,87.33,-1.23,165033,Small Cap,False,True,1.23,12.013906792261208,19.523451046088642,Very Low,-0.3884988960468011
197,AFBI,Affinity Bancshares Inc,Financial,Banks - Regional,USA,135.73M,17.20,22.27,-0.22%,"20,676",135730000.0,17.2,-0.22,20676,Micro Cap,False,True,0.22,9.93677725040077,18.726178183641714,Low,-0.13643324543104868
198,AFCG,Advanced Flower Capital Inc,Real Estate,REIT - Mortgage,USA,66.12M,-,2.81,1.44%,"116,287",66120000.00000001,,1.44,116287,Micro Cap,True,False,1.44,11.663825151755843,18.006981846041114,Penny,0.2778528734027622
199,AFG,American Financial Group Inc,Financial,Insurance - Property & Casualty,USA,10.80B,12.86,129.71,1.51%,"387,432",10800000000.0,12.86,1.51,387432,Large Cap,True,False,1.51,12.867298209600246,23.102811971169178,High,0.2953227699800916
200,AFIF,Anfield Universal Fixed Income ETF,Financial,Exchange Traded Fund,USA,-,-,9.34,-0.11%,"68,667",,,-0.11,68667,Unknown,False,True,0.11,11.13703857639082,,Very Low,-0.10898055080953108
201,AFIX,Allspring Broad Market Core Bond ETF,Financial,Exchange Traded Fund,USA,-,-,24.95,0.20%,407,,,0.2,407,Unknown,True,False,0.2,6.0112671744041615,,Low,-0.03161386596707241
202,AFJK,Aimei Health Technology Co Ltd,Financial,Shell Companies,USA,154.57M,126.80,25.55,0.51%,720,154570000.0,126.8,0.51,720,Micro Cap,True,False,0.51,6.580639137284949,18.856157632598062,Low,0.04575281887538625
203,AFK,VanEck Africa Index ETF,Financial,Exchange Traded Fund,USA,-,-,25.93,-1.78%,"33,087",,,-1.78,33087,Unknown,False,True,1.78,10.4069259578681,,Low,-0.5257623691543891
204,AFL,Aflac Inc,Financial,Insurance - Life,USA,57.05B,16.05,110.48,0.77%,"1,438,294",57050000000.0,16.05,0.77,1438294,Large Cap,True,False,0.77,14.17896894225972,24.767193913272024,High,0.11064100616260965
205,AFLG,First Trust Active Factor Large Cap ETF,Financial,Exchange Traded Fund,USA,-,-,38.93,0.08%,"110,222",,,0.08,110222,Unknown,True,False,0.08,11.610260865357507,,Low,-0.061562260099637056
206,AFMC,First Trust Active Factor Mid Cap ETF,Financial,Exchange Traded Fund,USA,-,-,36.0,0.16%,"23,335",,,0.16,23335,Unknown,True,False,0.16,10.057752511547557,,Low,-0.04159666401126063
207,AFOS,ARS Focused Opportunity Strategy ETF,Financial,Exchange Traded Fund,USA,-,-,36.98,-0.19%,"1,317",,,-0.19,1317,Unknown,False,True,0.19,7.183870715062453,,Low,-0.1289461468979075
208,AFRI,Forafric Global PLC,Consumer Defensive,Farm Products,United Kingdom,263.10M,-,9.78,1.14%,"4,284",263100000.00000003,,1.14,4284,Micro Cap,True,False,1.14,8.36287583103188,19.388044749811357,Very Low,0.20298188807135062
209,AFRM,Affirm Holdings Inc,Financial,Credit Services,USA,15.43B,56.97,46.31,1.69%,"3,583,456",15430000000.0,56.97,1.69,3583456,Large Cap,True,False,1.69,15.09183853490223,23.45957950338629,Low,0.3402453611789386
210,AFRU,T-REX 2X Long AFRM Daily Target ETF,Financial,Exchange Traded Fund,USA,-,-,4.82,2.34%,"62,428",,,2.34,62428,Unknown,True,False,2.34,11.041785189987408,,Penny,0.5024658293969971
211,AFSC,abrdn Focused U.S. Small Cap Active ETF,Financial,Exchange Traded Fund,USA,-,-,31.14,0.03%,210,,,0.03,210,Unknown,True,False,0.03,5.351858133476067,,Low,-0.07404075765487232
212,AFSM,First Trust Active Factor Small Cap ETF,Financial,Exchange Traded Fund,USA,-,-,33.35,0.54%,"18,096",,,0.54,18096,Unknown,True,False,0.54,9.803501457660202,,Low,0.05323991740852742
213,AFYA,Afya Ltd,Consumer Defensive,Education & Training Services,Brazil,1.28B,10.39,14.96,-0.07%,"116,369",1280000000.0,10.39,-0.07,116369,Small Cap,False,True,0.07,11.664530049102122,20.970125915659185,Very Low,-0.09899775276534287
214,AG,First Majestic Silver Corporation,Basic Materials,Silver,Canada,10.77B,64.90,21.84,-1.49%,"14,145,611",10770000000.0,64.9,-1.49,14145611,Large Cap,False,True,1.49,16.464915027953644,23.10003032820756,Low,-0.4533870833340245
215,AGAE,Allied Gaming & Entertainment Inc,Communication Services,Entertainment,USA,10.88M,-,0.29,4.49%,"122,870",10880000.0,,4.49,122870,Micro Cap,True,False,4.49,11.718890303511659,16.20243689130383,Penny,1.0390412242721139
216,AGBK,AGI Inc,Financial,Banks - Regional,Brazil,1.15B,-,7.18,0.14%,"197,920",1150000000.0,,0.14,197920,Small Cap,True,False,0.14,12.195623240160034,20.863027780191135,Very Low,-0.046588063033354735
217,AGCC,Agencia Comercial Spirits Ltd,Consumer Defensive,Beverages - Wineries & Distilleries,Taiwan,532.49M,710.55,15.49,-1.65%,"250,770",532490000.0,710.55,-1.65,250770,Small Cap,False,True,1.65,12.43229545107119,20.093074677906767,Very Low,-0.49331827551077734
218,AGCO,AGCO Corp,Industrials,Farm & Heavy Construction Machinery,USA,8.30B,11.76,114.59,-2.68%,"814,660",8300000000.000001,11.76,-2.68,814660,Mid Cap,False,True,2.68,13.610527354771174,22.839521351869447,High,-0.750375325148624
219,AGD,abrdn Global Dynamic Dividend Fund,Financial,Closed-End Fund - Foreign,USA,272.16M,6.08,10.94,-0.55%,"116,288",272160000.0,6.08,-0.55,116288,Micro Cap,False,True,0.55,11.663833751058439,19.421900690286137,Very Low,-0.21879132929560147
220,AGEM,abrdn Emerging Markets Dividend Active ETF,Financial,Exchange Traded Fund,USA,-,-,40.49,-0.99%,"12,273",,,-0.99,12273,Unknown,False,True,0.99,9.415238482949043,,Low,-0.3286021077816718
221,AGEN,Agenus Inc,Healthcare,Biotechnology,USA,127.87M,-,3.33,-2.06%,"480,750",127870000.0,,-2.06,480750,Micro Cap,False,True,2.06,13.083104743532067,18.666524688607794,Penny,-0.5956419554637067
222,AGG,iShares Core U.S. Aggregate Bond ETF,Financial,Exchange Traded Fund,USA,-,-,99.23,0.23%,"12,005,994",,,0.23,12005994,Unknown,True,False,0.23,16.3009166663354,,Mid,-0.024126767433931252
223,AGGA,EA Astoria Dynamic Core US Fixed Income ETF,Financial,Exchange Traded Fund,USA,-,-,25.17,0.16%,"33,954",,,0.16,33954,Unknown,True,False,0.16,10.432791397547891,,Low,-0.04159666401126063
224,AGGH,Simplify Aggregate Bond ETF,Financial,Exchange Traded Fund,USA,-,-,20.4,0.29%,"105,745",,,0.29,105745,Unknown,True,False,0.29,11.568795271134038,,Low,-0.009152570367648938
225,AGGS,Harbor Disciplined Bond ETF,Financial,Exchange Traded Fund,USA,-,-,40.83,0.21%,24,,,0.21,24,Unknown,True,False,0.21,3.2188758248682006,,Low,-0.029118166456025364
226,AGGY,WisdomTree Yield Enhanced U.S. Aggregate Bond Fund,Financial,Exchange Traded Fund,USA,-,-,43.64,0.38%,"50,242",,,0.38,50242,Unknown,True,False,0.38,10.824626512735104,,Low,0.013308725231774553
227,AGH,Aureus Greenway Holdings Inc,Consumer Cyclical,Leisure,USA,79.40M,-,3.92,-1.51%,"614,532",79400000.0,,-1.51,614532,Micro Cap,False,True,1.51,13.328617908743222,18.190008938811822,Penny,-0.4583784823561186
228,AGI,Alamos Gold Inc,Basic Materials,Gold,Canada,19.32B,21.95,46.01,0.85%,"3,232,009",19320000000.0,21.95,0.85,3232009,Large Cap,True,False,0.85,14.988614792677742,23.684406665782543,Low,0.13060660225098608
229,AGIG,Abundia Global Impact Group Inc,Utilities,Utilities - Renewable,USA,53.34M,-,1.22,-9.63%,"579,152",53340000.0,,-9.63,579152,Micro Cap,False,True,9.63,13.269321970352255,17.7921970954658,Penny,-2.4848864853263266
230,AGIO,Agios Pharmaceuticals Inc,Healthcare,Biotechnology,USA,2.06B,-,35.2,2.95%,"1,425,264",2060000000.0,,2.95,1425264,Mid Cap,True,False,2.95,14.169868319307838,21.44597182023334,Low,0.6547034995708675
231,AGIQ,SoFi Agentic AI ETF,Financial,Exchange Traded Fund,USA,-,-,20.33,-0.30%,"7,055",,,-0.3,7055,Unknown,False,True,0.3,8.861633597686627,,Low,-0.15639884151942512
232,AGIX,KraneShares Artificial Intelligence & Technology ETF,Financial,Exchange Traded Fund,USA,-,-,33.5,1.18%,"332,784",,,1.18,332784,Unknown,True,False,1.18,12.715251914798028,,Low,0.21296468611553884
233,AGL,Agilon Health Inc,Healthcare,Medical Care Facilities,USA,178.35M,-,10.74,10.15%,"415,549",178350000.0,,10.15,415549,Micro Cap,True,False,10.15,12.937358222981173,18.999258475376127,Very Low,2.451607147524746
234,AGM,Federal Agricultural Mortgage Corp,Financial,Credit Services,USA,1.60B,9.03,150.3,1.12%,"70,787",1600000000.0,9.03,1.12,70787,Small Cap,True,False,1.12,11.167444773791075,21.193269466817146,High,0.19799048904925656
235,AGMB,AgomAb Therapeutics NV ADR,Healthcare,Biotechnology,Belgium,522.49M,-,10.72,-9.00%,"178,472",522490000.0,,-9.0,178472,Small Cap,False,True,9.0,12.092192608256605,20.074116404778025,Very Low,-2.327657416130362
236,AGMH,AGM Group Holdings Inc,Technology,Computer Hardware,Hong Kong,1.74M,0.02,0.87,-6.66%,"19,340",1740000.0,0.02,-6.66,19340,Micro Cap,False,True,6.66,9.86998247397873,14.36939624590319,Penny,-1.7436637305453513
237,AGMI,Themes Silver Miners ETF,Financial,Exchange Traded Fund,USA,-,-,69.82,-0.84%,"1,414",,,-0.84,1414,Unknown,False,True,0.84,7.254884810077338,,Mid,-0.29116661511596603
238,AGNC,AGNC Investment Corp,Real Estate,REIT - Mortgage,USA,11.40B,7.28,10.15,1.30%,"12,471,371",11400000000.0,7.28,1.3,12471371,Large Cap,True,False,1.3,16.338946335661756,23.15687919243458,Very Low,0.2429130802481035
239,AGNG,Global X Aging Population ETF,Financial,Exchange Traded Fund,USA,-,-,35.96,-0.36%,"5,704",,,-0.36,5704,Unknown,False,True,0.36,8.649098262296176,,Low,-0.17137303858570743
240,AGO,Assured Guaranty Ltd,Financial,Insurance - Specialty,Bermuda,3.65B,7.94,81.1,0.57%,"247,982",3650000000.0,7.94,0.57,247982,Mid Cap,True,False,0.57,12.421115474410474,22.017993004814784,Mid,0.06072701594166856
241,AGOX,Adaptive Alpha Opportunities ETF,Financial,Exchange Traded Fund,USA,-,-,27.29,1.26%,"67,878",,,1.26,67878,Unknown,True,False,1.26,11.12548198735986,,Low,0.2329302822039153
242,AGPU,Axe Compute Inc,Technology,Software - Infrastructure,USA,22.54M,-,4.07,14.33%,"8,186,630",22540000.0,,14.33,8186630,Micro Cap,True,False,14.33,15.918013015888091,16.930802110941475,Penny,3.494809543142414
243,AGQ,ProShares Ultra Silver 2x Shares,Financial,Exchange Traded Fund,USA,-,-,110.77,-6.85%,"5,232,544",,,-6.85,5232544,Unknown,False,True,6.85,15.470408333360869,,High,-1.7910820212552452
244,AGQI,First Trust Active Global Quality Income ETF,Financial,Exchange Traded Fund,USA,-,-,17.02,-0.54%,"5,274",,,-0.54,5274,Unknown,False,True,0.54,8.570733958344267,,Very Low,-0.2162956297845544
245,AGRH,iShares Interest Rate Hedged U.S. Aggregate Bond ETF,Financial,Exchange Traded Fund,USA,-,-,26.08,-0.29%,921,,,-0.29,921,Unknown,False,True,0.29,6.826545223556594,,Low,-0.15390314200837807
246,AGRO,Adecoagro S.A,Consumer Defensive,Farm Products,Luxembourg,2.15B,-,15.22,2.63%,"1,305,061",2150000000.0,,2.63,1305061,Mid Cap,True,False,2.63,14.08176110718893,21.4887336795511,Very Low,0.5748411152173617
247,AGRW,Allspring LT Large Growth ETF,Financial,Exchange Traded Fund,USA,-,-,27.44,0.35%,937,,,0.35,937,Unknown,True,False,0.35,6.843749949006225,,Low,0.0058216266986333845
248,AGRZ,Agroz Inc,Consumer Defensive,Farm Products,Malaysia,10.66M,-,0.49,-4.74%,"478,355",10660000.0,,-4.74,478355,Micro Cap,False,True,4.74,13.078110504144613,16.1820090705106,Penny,-1.264489424424317
249,AGX,"Argan, Inc",Industrials,Engineering & Construction,USA,8.02B,59.08,575.16,0.66%,"295,089",8020000000.0,59.08,0.66,295089,Mid Cap,True,False,0.66,12.595035673538831,22.805204258949523,Ultra High,0.08318831154109206
250,AGYS,"Agilysys, Inc",Technology,Software - Application,USA,2.00B,66.32,71.09,2.11%,"174,272",2000000000.0,66.32,2.11,174272,Mid Cap,True,False,2.11,12.068378314173414,21.416413018006356,Mid,0.44506474064291485
251,AGZ,iShares Agency Bond ETF,Financial,Exchange Traded Fund,USA,-,-,109.46,0.07%,"12,308",,,0.07,12308,Unknown,True,False,0.07,9.418085981110297,,High,-0.06405795961068411
252,AGZD,WisdomTree Interest Rate Hedged U.S. Aggregate Bond Fund,Financial,Exchange Traded Fund,USA,-,-,22.55,0.16%,"21,981",,,0.16,21981,Unknown,True,False,0.16,9.997979215628845,,Low,-0.04159666401126063
253,AHCO,AdaptHealth Corp,Healthcare,Medical Devices,USA,1.64B,-,12.03,1.43%,"1,056,739",1640000000.0,,1.43,1056739,Small Cap,True,False,1.43,13.870699255408157,21.217962079392276,Very Low,0.27535717389171516
254,AHG,Akso Health Group ADR,Healthcare,Medical Distribution,China,1.90B,-,2.22,-4.31%,"160,433",1900000000.0,,-4.31,160433,Small Cap,False,True,4.31,11.985637922026882,21.365119723645122,Penny,-1.1571743454492935
255,AHLT,American Beacon AHL Trend ETF,Financial,Exchange Traded Fund,USA,-,-,28.58,1.01%,"3,827",,,1.01,3827,Unknown,True,False,1.01,8.250097752572845,,Low,0.17053779442773895
256,AHMA,Ambitions Enterprise Management Co LLC,Consumer Cyclical,Travel Services,United Arab Emirates,34.22M,107.41,1.16,-0.85%,"226,847",34220000.0,107.41,-0.85,226847,Micro Cap,False,True,0.85,12.332035468654745,17.348320855650996,Penny,-0.29366231462701303
257,AHR,American Healthcare REIT Inc,Real Estate,REIT - Healthcare Facilities,USA,9.14B,117.90,48.09,1.20%,"1,911,677",9140000000.0,117.9,1.2,1911677,Mid Cap,True,False,1.2,14.463491948369079,22.93592622252188,Low,0.21795608513763295
258,AHRT,AH Realty Trust Inc,Real Estate,REIT - Diversified,USA,454.78M,-,5.67,5.00%,"1,855,178",454780000.0,,5.0,1855178,Small Cap,True,False,5.0,14.43349174532511,19.935324345698785,Very Low,1.1663218993355136
259,AHT,Ashford Hospitality Trust Inc,Real Estate,REIT - Hotel & Motel,USA,16.77M,-,2.59,-3.00%,"19,450",16770000.0,,-3.0,19450,Micro Cap,False,True,3.0,9.875653761606692,16.63510219342968,Penny,-0.8302377095021296
260,AHYB,American Century Select High Yield ETF,Financial,Exchange Traded Fund,USA,-,-,46.21,0.08%,"19,347",,,0.08,19347,Unknown,True,False,0.08,9.870344333942874,,Low,-0.061562260099637056
261,AI,C3.ai Inc,Technology,Software - Infrastructure,USA,1.26B,-,8.64,2.01%,"3,739,057",1260000000.0,,2.01,3739057,Small Cap,True,False,2.01,15.134344266007968,20.95437755870345,Very Low,0.4201077455324443
262,AIA,iShares Asia 50 ETF,Financial,Exchange Traded Fund,USA,-,-,105.62,-1.66%,"140,159",,,-1.66,140159,Unknown,False,True,1.66,11.85053990617022,,High,-0.4958139750218244
263,AIB,BlockchAIn Digital Infrastructure Inc,Technology,Software - Infrastructure,USA,114.96M,-,1.16,16.00%,"561,009",114960000.0,,16.0,561009,Micro Cap,True,False,16.0,13.237494009657908,18.56009480843372,Penny,3.9115913614872726
264,AIBD,Direxion Daily AI and Big Data Bear 2X ETF,Financial,Exchange Traded Fund,USA,-,-,9.52,-1.46%,"34,552",,,-1.46,34552,Unknown,False,True,1.46,10.450249656106424,,Very Low,-0.44589998480088333
265,AIBU,Direxion Daily AI and Big Data Bull 2X ETF,Financial,Exchange Traded Fund,USA,-,-,37.73,1.76%,"2,959",,,1.76,2959,Unknown,True,False,1.76,7.992944547318106,,Low,0.357715257756268
266,AIDX,20/20 Biolabs Inc,Healthcare,Medical Devices,USA,9.96M,-,1.83,-2.66%,"57,068",9960000.0,,-2.66,57068,Micro Cap,False,True,2.66,10.95201634103625,16.11408772996238,Penny,-0.7453839261265298
267,AIEQ,Amplify AI Powered Equity ETF,Financial,Exchange Traded Fund,USA,-,-,43.6,0.12%,"2,670",,,0.12,2670,Unknown,True,False,0.12,7.890208213109961,,Low,-0.051579462055448846
268,AIFD,TCW Artificial Intelligence ETF,Financial,Exchange Traded Fund,USA,-,-,39.82,0.86%,"6,986",,,0.86,6986,Unknown,True,False,0.86,8.85180655855245,,Low,0.13310230176203314
269,AIFF,Firefly Neuroscience Inc,Technology,Software - Application,USA,31.36M,-,2.12,-5.36%,"974,442",31360000.0,,-5.36,974442,Micro Cap,False,True,5.36,13.789621304684935,17.261043785334238,Penny,-1.4192227941092344
270,AIFU,AIFU Inc,Financial,Insurance Brokers,China,170.77M,-,1.47,6.67%,"2,015",170770000.0,,6.67,2015,Micro Cap,True,False,6.67,7.60887062919126,18.955828185719252,Penny,1.5831037176803715
271,AIG,American International Group Inc,Financial,Insurance - Diversified,USA,40.47B,13.92,75.42,-0.19%,"2,294,433",40470000000.0,13.92,-0.19,2294433,Large Cap,False,True,0.19,14.645996747966624,24.423826795858893,Mid,-0.1289461468979075
272,AIHS,Senmiao Technology Ltd,Industrials,Rental & Leasing Services,China,5.33M,-,1.17,2.63%,"45,023",5330000.0,,2.63,45023,Micro Cap,True,False,2.63,10.714950959914116,15.48886198375927,Penny,0.5748411152173617
273,AII,American Integrity Insurance Group Inc,Financial,Insurance - Property & Casualty,USA,375.72M,0.06,19.19,1.43%,"65,356",375720000.0,0.06,1.43,65356,Small Cap,True,False,1.43,11.08761982884766,19.744354745752144,Very Low,0.27535717389171516
274,AIIA,AI Infrastructure Acquisition Corp,Financial,Shell Companies,USA,193.67M,-,10.04,0.00%,12,193670000.0,,0.0,12,Micro Cap,False,False,0.0,2.5649493574615367,19.081666242867335,Very Low,-0.08152785618801349
275,AIIO,Robo.ai Inc,Consumer Cyclical,Auto Manufacturers,United Arab Emirates,25.92M,-,0.07,-22.65%,"5,558,029",25920000.0,,-22.65,5558029,Micro Cap,False,True,22.65,15.530754286895064,17.070525468028595,Penny,-5.73428724870959
276,AIM,AIM ImmunoTech Inc,Healthcare,Biotechnology,USA,4.85M,-,0.6,8.18%,"194,431",4850000.0,,8.18,194431,Micro Cap,True,False,8.18,12.17783776651539,15.394489469099211,Penny,1.9599543438484766
277,AIMD,Ainos Inc,Technology,Scientific & Technical Instruments,USA,10.46M,-,1.44,0.00%,"4,886",10460000.0,,0.0,4886,Micro Cap,False,False,0.0,8.494333897270154,16.163069112203342,Penny,-0.08152785618801349
278,AIMS,Acuitas Small Cap Active ETF,Financial,Exchange Traded Fund,USA,-,-,24.04,0.47%,"1,989",,,0.47,1989,Unknown,True,False,0.47,7.595889917718538,,Low,0.03577002083119803
279,AIN,Albany International Corp,Consumer Cyclical,Textile Manufacturing,USA,1.48B,-,52.26,-3.11%,"245,311",1480000000.0,,-3.11,245311,Small Cap,False,True,3.11,12.410286148740227,21.11530792539811,Mid,-0.8576904041236473
280,AINP,Allspring Income Plus ETF,Financial,Exchange Traded Fund,USA,-,-,24.91,0.15%,539,,,0.15,539,Unknown,True,False,0.15,6.29156913955832,,Low,-0.044092363522307686
281,AINT,FINQ DOLLAR NEUTRAL U.S. Large Cap AI-Managed Equity ETF,Financial,Exchange Traded Fund,USA,-,-,24.84,0.20%,6,,,0.2,6,Unknown,True,False,0.2,1.9459101490553132,,Low,-0.03161386596707241
282,AIO,Virtus Artificial Intelligence & Technology Opportunities Fund,Financial,Closed-End Fund - Equity,USA,750.58M,5.17,21.8,-0.23%,"53,271",750580000.0,5.17,-0.23,53271,Small Cap,False,True,0.23,10.883166143790458,20.436356800292117,Low,-0.13892894494209573
283,AIOO,AllianzIM U.S. Equity Buffer100 Protection ETF,Financial,Exchange Traded Fund,USA,-,-,25.7,0.08%,"24,896",,,0.08,24896,Unknown,True,False,0.08,10.122502593266558,,Low,-0.061562260099637056
284,AIOS,AIOS Tech Inc,Technology,Information Technology Services,China,2.55M,-,0.55,-2.38%,"128,628",2550000.0,,-2.38,128628,Micro Cap,False,True,2.38,11.76468757080636,14.751604309291395,Penny,-0.6755043398172123
285,AIOT,PowerFleet Inc,Technology,Software - Infrastructure,USA,413.17M,-,3.08,1.32%,"1,773,575",413170000.0,,1.32,1773575,Small Cap,True,False,1.32,14.388508405392955,19.83936969092844,Penny,0.24790447927019763
286,AIP,Arteris Inc,Technology,Semiconductors,USA,827.50M,-,18.2,3.70%,"428,823",827500000.0,,3.7,428823,Small Cap,True,False,3.7,12.968801857321713,20.53391966642395,Very Low,0.8418809628993965
287,AIPI,REX AI Equity Premium Income ETF,Financial,Exchange Traded Fund,USA,-,-,34.21,0.38%,"83,229",,,0.38,83229,Unknown,True,False,0.38,11.32936313874014,,Low,0.013308725231774553
288,AIPO,Defiance AI & Power Infrastructure ETF,Financial,Exchange Traded Fund,USA,-,-,25.44,0.16%,"155,059",,,0.16,155059,Unknown,True,False,0.16,11.95156741777295,,Low,-0.04159666401126063
289,AIQ,Global X Artificial Intelligence & Technology ETF,Financial,Exchange Traded Fund,USA,-,-,47.27,-0.15%,"1,661,318",,,-0.15,1661318,Unknown,False,True,0.15,14.323122423135752,,Low,-0.1189633488537193
290,AIR,AAR Corp,Industrials,Aerospace & Defense,USA,4.37B,24.17,109.78,-1.43%,"410,229",4370000000.0,24.17,-1.43,410229,Mid Cap,False,True,1.43,12.92447325700225,22.198028846282742,High,-0.43841288626774216
291,AIRE,reAlpha Tech Corp,Real Estate,Real Estate Services,USA,32.99M,-,0.25,-1.77%,"1,024,802",32990000.000000004,,-1.77,1024802,Micro Cap,False,True,1.77,13.840010956960844,17.31171507351698,Penny,-0.5232666696433421
292,AIRG,Airgain Inc,Technology,Communication Equipment,USA,66.50M,-,5.44,3.42%,"68,189",66500000.0,,3.42,68189,Micro Cap,True,False,3.42,11.130053205514699,18.012712520663676,Very Low,0.772001376590079
293,AIRI,Air Industries Group,Industrials,Aerospace & Defense,USA,15.44M,-,3.23,-0.31%,"50,250",15440000.0,,-0.31,50250,Micro Cap,False,True,0.31,10.824785726220822,16.552472167327743,Penny,-0.15889454103047218
294,AIRJ,AirJoule Technologies Corp,Industrials,Building Products & Equipment,USA,183.44M,-,2.68,3.47%,"424,446",183440000.0,,3.47,424446,Micro Cap,True,False,3.47,12.95854242417082,19.027398201965298,Penny,0.7844798741453142
295,AIRO,AIRO Group Holdings Inc,Industrials,Aerospace & Defense,USA,273.80M,-,8.71,5.96%,"637,330",273800000.0,,5.96,637330,Micro Cap,True,False,5.96,13.365044422830806,19.427908474470925,Very Low,1.4059090523960307
296,AIRR,First Trust RBA American Industrial Renaissance ETF,Financial,Exchange Traded Fund,USA,-,-,112.87,-0.26%,"517,569",,,-0.26,517569,Unknown,False,True,0.26,13.156900060674564,,High,-0.1464160434752369
297,AIRS,Airsculpt Technologies Inc,Healthcare,Medical Care Facilities,USA,223.63M,-,3.17,16.12%,"3,424,707",223630000.0,,16.12,3424707,Micro Cap,True,False,16.12,15.046526770569555,19.22550346287457,Penny,3.9415397556198375
298,AIRT,Air T Inc,Industrials,Conglomerates,USA,58.65M,-,21.7,1.69%,"1,735",58650000.0,,1.69,1735,Micro Cap,True,False,1.69,7.459338895220296,17.887098150114056,Low,0.3402453611789386
299,AIS,VistaShares Artificial Intelligence Supercycle ETF,Financial,Exchange Traded Fund,USA,-,-,43.33,0.12%,"81,978",,,0.12,81978,Unknown,True,False,0.12,11.314218395886835,,Low,-0.051579462055448846
300,AISP,Airship AI Holdings Inc,Technology,Software - Infrastructure,USA,77.34M,3.11,2.25,-0.88%,"400,855",77340000.0,3.11,-0.88,400855,Micro Cap,False,True,0.88,12.901357539551666,18.163721857073345,Penny,-0.30114941316015426
301,AIT,Applied Industrial Technologies Inc,Industrials,Industrial Distribution,USA,9.96B,25.42,267.12,-0.83%,"139,688",9960000000.0,25.42,-0.83,139688,Mid Cap,False,True,0.83,11.847173801987404,23.02184290864332,Very High,-0.2886709156049189
302,AIUP,FINQ FIRST U.S. Large Cap AI-Managed Equity ETF,Financial,Exchange Traded Fund,USA,-,-,23.88,0.38%,207,,,0.38,207,Unknown,True,False,0.38,5.337538079701318,,Low,0.013308725231774553
303,AIV,Apartment Investment & Management Co,Real Estate,REIT - Residential,USA,582.67M,-,4.05,0.75%,"1,396,499",582670000.0,,0.75,1396499,Small Cap,True,False,0.75,14.149479664367368,20.183131548035316,Penny,0.10564960714051554
304,AIVC,Amplify Bloomberg AI Value Chain ETF,Financial,Exchange Traded Fund,USA,-,-,71.25,0.58%,"1,948",,,0.58,1948,Unknown,True,False,0.58,7.575071699507561,,Mid,0.06322271545271561
305,AIVI,WisdomTree International AI Enhanced Value Fund,Financial,Exchange Traded Fund,USA,-,-,54.57,-0.42%,"1,607",,,-0.42,1607,Unknown,False,True,0.42,7.382746449738912,,Mid,-0.18634723565198974
306,AIVL,WisdomTree U.S. AI Enhanced Value Fund,Financial,Exchange Traded Fund,USA,-,-,117.4,0.51%,467,,,0.51,467,Unknown,True,False,0.51,6.148468295917647,,High,0.04575281887538625
307,AIXC,AIxCrypto Holdings Inc,Technology,Software - Infrastructure,USA,25.90M,-,1.28,3.23%,"21,617",25900000.0,,3.23,21617,Micro Cap,True,False,3.23,9.981281579976148,17.069753565279804,Penny,0.7245830858801848
308,AIXI,Xiao-I Corp ADR,Technology,Software - Application,China,1.76M,-,0.13,33.10%,"218,493,016",1760000.0,,33.1,218493016,Micro Cap,True,False,33.1,19.202264613179157,14.38082493519599,Penny,8.179237525377735
309,AIYY,YieldMax AI Option Income Strategy ETF,Financial,Exchange Traded Fund,USA,-,-,9.84,-1.70%,"30,713",,,-1.7,30713,Unknown,False,True,1.7,10.332473855685638,,Very Low,-0.5057967730660127
310,AIZ,Assurant Inc,Financial,Insurance - Property & Casualty,USA,10.85B,12.83,218.26,0.89%,"288,398",10850000000.0,12.83,0.89,288398,Large Cap,True,False,0.89,12.57210021698054,23.107430917025045,Very High,0.1405894002951743
311,AJAN,Innovator Equity Defined Protection ETF - 2 Yr to January 2028,Financial,Exchange Traded Fund,USA,-,-,27.69,0.07%,"9,618",,,0.07,9618,Unknown,True,False,0.07,9.171495588152615,,Low,-0.06405795961068411
312,AJG,Arthur J. Gallagher & Co,Financial,Insurance Brokers,USA,55.95B,37.86,217.61,0.59%,"1,730,654",55950000000.0,37.86,0.59,1730654,Large Cap,True,False,0.59,14.364010507535015,24.74772427172222,Very High,0.06571841496376267
313,AJUL,Innovator Equity Defined Protection ETF - 2 Yr to July 2026,Financial,Exchange Traded Fund,USA,-,-,29.1,0.09%,"6,095",,,0.09,6095,Unknown,True,False,0.09,8.715388097366482,,Low,-0.05906656058859001
314,AKA,a.k.a. Brands Holding Corp,Consumer Cyclical,Apparel Retail,USA,113.44M,-,10.49,3.84%,"2,778",113440000.0,,3.84,2778,Micro Cap,True,False,3.84,7.929846429742503,18.546784629563323,Very Low,0.8768207560540552
315,AKAF,The Frontier Economic Fund,Financial,Exchange Traded Fund,USA,-,-,31.15,0.27%,13,,,0.27,13,Unknown,True,False,0.27,2.6390573296152584,,Low,-0.014143969389743036
316,AKAM,Akamai Technologies Inc,Technology,Software - Infrastructure,USA,17.10B,38.37,118.0,1.94%,"4,114,254",17100000000.000002,38.37,1.94,4114254,Large Cap,True,False,1.94,15.229968330745217,23.562344300513505,High,0.40263784895511495
317,AKAN,Akanda Corp,Healthcare,Drug Manufacturers - Specialty & Generic,United Kingdom,1.38M,-,0.69,-0.99%,"88,962",1380000.0,,-0.99,88962,Micro Cap,False,True,0.99,11.395975831937383,14.137594781770806,Penny,-0.3286021077816718
318,AKBA,Akebia Therapeutics Inc,Healthcare,Drug Manufacturers - Specialty & Generic,USA,369.67M,-,1.38,-2.13%,"1,876,856",369670000.0,,-2.13,1876856,Small Cap,False,True,2.13,14.445109127264153,19.728121276443545,Penny,-0.6131118520410359
319,AKO-A,Embotelladora Andina S.A. ADR,Consumer Defensive,Beverages - Non-Alcoholic,Chile,1.97B,14.35,25.0,12.71%,"2,247",1970000000.0,14.35,12.71,2247,Small Cap,True,False,12.71,7.717796211013582,21.401299380203923,Low,3.0905062223527917
320,AKO-B,Embotelladora Andina S.A. ADR,Consumer Defensive,Beverages - Non-Alcoholic,Chile,2.02B,13.38,25.64,-1.63%,"6,275",2020000000.0,13.38,-1.63,6275,Mid Cap,False,True,1.63,8.744488113852924,21.426363348854576,Low,-0.4883268764886832
321,AKR,Acadia Realty Trust,Real Estate,REIT - Retail,USA,2.59B,206.38,19.42,0.88%,"1,367,588",2590000000.0,206.38,0.88,1367588,Mid Cap,True,False,0.88,14.128559893427425,21.67492371304396,Very Low,0.13809370078412725
322,AKRE,Akre Focus ETF,Financial,Exchange Traded Fund,USA,-,-,52.92,0.42%,"508,748",,,0.42,508748,Unknown,True,False,0.42,13.139710050135044,,Mid,0.02329152327596276
323,AKTS,Aktis Oncology Inc,Healthcare,Biotechnology,USA,927.56M,-,17.37,1.76%,"380,427",927560000.0,,1.76,380427,Small Cap,True,False,1.76,12.849052213674288,20.648068041458608,Very Low,0.357715257756268
324,AKTX,Akari Therapeutics Plc ADR,Healthcare,Biotechnology,USA,202.36M,-,4.47,-3.87%,"5,577",202360000.0,,-3.87,5577,Micro Cap,False,True,3.87,8.626585568187433,19.125558852329696,Penny,-1.0473635669632233
325,AL,Air Lease Corp,Industrials,Rental & Leasing Services,USA,7.28B,6.98,64.95,0.00%,"3,049,147",7280000000.0,6.98,0.0,3049147,Mid Cap,False,False,0.0,14.930372765297424,22.70839669929237,Mid,-0.08152785618801349
326,ALAB,Astera Labs Inc,Technology,Semiconductors,USA,19.94B,96.10,117.14,10.17%,"4,481,088",19940000000.0,96.1,10.17,4481088,Large Cap,True,False,10.17,15.315376655209068,23.715993601530254,High,2.45659854654684
327,ALAI,Alger AI Enablers & Adopters ETF,Financial,Exchange Traded Fund,USA,-,-,33.7,0.27%,"178,871",,,0.27,178871,Unknown,True,False,0.27,12.094425745229639,,Low,-0.014143969389743036
328,ALAR,Alarum Technologies Ltd ADR,Technology,Software - Infrastructure,Israel,45.38M,47.28,6.25,3.14%,"17,167",45380000.0,47.28,3.14,17167,Micro Cap,True,False,3.14,9.75080246487048,17.630582059352108,Very Low,0.7021217902807614
329,ALB,Albemarle Corp,Basic Materials,Specialty Chemicals,USA,20.99B,-,178.09,-0.21%,"1,145,781",20990000000.0,,-0.21,1145781,Large Cap,False,True,0.21,13.951597931285304,23.767311970826594,High,-0.13393754592000162
330,ALBG,Leverage Shares 2X Long ALB Daily ETF,Financial,Exchange Traded Fund,USA,-,-,14.83,-0.17%,"2,037",,,-0.17,2037,Unknown,False,True,0.17,7.61972421378267,,Very Low,-0.12395474787581341
331,ALBT,Avalon GloboCare Corp,Real Estate,Real Estate Services,USA,4.65M,-,0.58,9.06%,"255,842",4650000.0,,9.06,255842,Micro Cap,True,False,9.06,12.45231925407783,15.35237799261728,Penny,2.179575900820617
332,ALC,Alcon Inc,Healthcare,Medical Instruments & Supplies,Switzerland,36.34B,37.75,74.56,-1.26%,"1,279,801",36340000000.0,37.75,-1.26,1279801,Large Cap,False,True,1.26,14.062215936430455,24.316184899941955,Mid,-0.39598599457994227
333,ALCO,Alico Inc,Consumer Defensive,Farm Products,USA,322.80M,-,42.16,2.31%,"38,284",322800000.0,,2.31,38284,Small Cap,True,False,2.31,10.552813453547223,19.59254349745796,Low,0.49497873086385596
334,ALCY,Alchemy Investments Acquisition Corp 1,Financial,Shell Companies,USA,49.99M,-,11.88,0.17%,754,49990000.0,,0.17,754,Micro Cap,True,False,0.17,6.626717749249025,17.727333563393753,Very Low,-0.039100964500213574
335,ALDF,Aldel Financial II Inc,Financial,Shell Companies,USA,315.71M,40.31,10.56,0.00%,0,315710000.0,40.31,0.0,0,Small Cap,False,False,0.0,0.0,19.570334631835454,Very Low,-0.08152785618801349
336,ALDX,Aldeyra Therapeutics Inc,Healthcare,Biotechnology,USA,99.90M,-,1.66,-1.19%,"1,805,456",99900000.0,,-1.19,1805456,Micro Cap,False,True,1.19,14.406324303298621,18.41968025362879,Penny,-0.3785160980026129
337,ALEC,Alector Inc,Healthcare,Biotechnology,USA,265.97M,-,2.41,-4.74%,"1,316,688",265970000.00000003,,-4.74,1316688,Micro Cap,False,True,4.74,14.090630810090659,19.398894082190544,Penny,-1.264489424424317
338,ALF,Centurion Acquisition Corp,Financial,Shell Companies,USA,388.15M,33.06,10.8,0.37%,"3,215",388150000.0,33.06,0.37,3215,Small Cap,True,False,0.37,8.075893630298857,19.776902423392286,Very Low,0.010813025720727497
339,ALG,Alamo Group Inc,Industrials,Farm & Heavy Construction Machinery,USA,2.04B,19.57,168.2,-1.06%,"136,790",2040000000.0,19.57,-1.06,136790,Mid Cap,False,True,1.06,11.82620949253268,21.436215645292734,High,-0.3460720043590012
340,ALGM,Allegro Microsystems Inc,Technology,Semiconductors,USA,6.04B,-,32.6,-2.10%,"1,312,879",6040000000.0,,-2.1,1312879,Mid Cap,False,True,2.1,14.08773375535351,22.521669849058696,Low,-0.6056247535078949
341,ALGN,"Align Technology, Inc",Healthcare,Medical Instruments & Supplies,USA,12.16B,30.15,170.6,-1.23%,"1,081,303",12160000000.0,30.15,-1.23,1081303,Large Cap,False,True,1.23,13.893678278177688,23.22141771356667,High,-0.3884988960468011
342,ALGS,Aligos Therapeutics Inc,Healthcare,Biotechnology,USA,49.32M,-,7.97,2.97%,"39,566",49320000.0,,2.97,39566,Micro Cap,True,False,2.97,10.585750716493994,17.713840256536166,Very Low,0.6596948985929615
343,ALGT,Allegiant Travel,Industrials,Airlines,USA,1.53B,-,82.83,-0.34%,"433,280",1530000000.0,,-0.34,433280,Small Cap,False,True,0.34,12.979141757239695,21.14853357300435,Mid,-0.16638163956361335
344,ALH,Alliance Laundry Holdings Inc,Consumer Cyclical,"Furnishings, Fixtures & Appliances",USA,4.23B,-,21.36,-0.47%,"1,249,935",4230000000.0000005,,-0.47,1249935,Mid Cap,False,True,0.47,14.03860290796772,22.165467830241006,Low,-0.19882573320722502
345,ALHC,Alignment Healthcare Inc,Healthcare,Healthcare Plans,USA,3.83B,-,18.76,5.10%,"2,728,173",3830000000.0,,5.1,2728173,Mid Cap,True,False,5.1,14.819143078902643,22.06613064040006,Very Low,1.191278894445984
346,ALIL,Argent Focused Small Cap ETF,Financial,Exchange Traded Fund,USA,-,-,28.07,0.05%,383,,,0.05,383,Unknown,True,False,0.05,5.950642552587727,,Low,-0.06904935863277822
347,ALIS,Calisa Acquisition Corp,Financial,Shell Companies,USA,84.36M,-,10.03,0.10%,13,84360000.0,,0.1,13,Micro Cap,True,False,0.1,2.6390573296152584,18.250603925428805,Very Low,-0.05657086107754295
348,ALIT,Alight Inc,Technology,Software - Application,USA,294.40M,-,0.55,-4.64%,"18,714,166",294400000.0,,-4.64,18714166,Micro Cap,False,True,4.64,16.74479138857854,19.500449948215735,Penny,-1.2395324293138463
349,ALK,Alaska Air Group Inc,Industrials,Airlines,USA,4.28B,42.64,37.33,-0.85%,"4,077,491",4280000000.0000005,42.64,-0.85,4077491,Mid Cap,False,True,0.85,15.22099265148887,22.177218846773762,Low,-0.29366231462701303
350,ALKS,Alkermes plc,Healthcare,Drug Manufacturers - Specialty & Generic,Ireland,5.81B,24.32,34.84,-0.60%,"2,485,560",5810000000.0,24.32,-0.6,2485560,Mid Cap,False,True,0.6,14.72600894656131,22.482846407982347,Low,-0.23126982685083672
351,ALKT,Alkami Technology Inc,Technology,Software - Application,USA,1.76B,-,16.56,3.44%,"1,237,420",1760000000.0,,3.44,1237420,Small Cap,True,False,3.44,14.028539933003387,21.288579646564653,Very Low,0.776992775612173
352,ALL,Allstate Corp,Financial,Insurance - Property & Casualty,USA,53.73B,5.42,207.03,1.44%,"1,382,881",53730000000.0,5.42,1.44,1382881,Large Cap,True,False,1.44,14.139680285242505,24.707237341705753,Very High,0.2778528734027622
353,ALLE,Allegion plc,Industrials,Security & Protection Services,Ireland,12.15B,18.96,141.06,-2.15%,"816,621",12150000000.0,18.96,-2.15,816621,Large Cap,False,True,2.15,13.612931598479484,23.220595006815273,High,-0.6181032510631301
354,ALLO,Allogene Therapeutics Inc,Healthcare,Biotechnology,USA,604.57M,-,2.48,-3.12%,"4,299,094",604570000.0,,-3.12,4299094,Small Cap,False,True,3.12,15.27391509339662,20.220028021149414,Penny,-0.8601861036346943
355,ALLR,Allarity Therapeutics Inc,Healthcare,Biotechnology,USA,18.35M,-,1.16,2.65%,"55,115",18350000.0,,2.65,55115,Micro Cap,True,False,2.65,10.917195334113794,16.725140186960765,Penny,0.5798325142394557
356,ALLT,Allot Ltd,Technology,Software - Infrastructure,Israel,344.50M,97.40,7.11,2.75%,"338,031",344500000.0,97.4,2.75,338031,Small Cap,True,False,2.75,12.730895844540015,19.657604651320746,Very Low,0.6047895093499264
357,ALLW,State Street Bridgewater All Weather ETF,Financial,Exchange Traded Fund,USA,-,-,29.1,0.45%,"421,475",,,0.45,421475,Unknown,True,False,0.45,12.951518115301154,,Low,0.030778621809103932
358,ALLY,Ally Financial Inc,Financial,Credit Services,USA,12.27B,16.92,39.84,0.18%,"2,310,746",12270000000.0,16.92,0.18,2310746,Large Cap,True,False,0.18,14.653081406846402,23.23042309575073,Low,-0.036605264989166525
359,ALM,Almonty Industries Inc,Basic Materials,Other Industrial Metals & Mining,Canada,4.31B,-,15.36,2.26%,"3,804,901",4310000000.0,,2.26,3804901,Mid Cap,True,False,2.26,15.151800793361486,22.184203741294088,Very Low,0.48250023330862063
360,ALMS,Alumis Inc,Healthcare,Biotechnology,USA,2.97B,-,23.37,2.82%,"1,412,309",2970000000.0,,2.82,1412309,Mid Cap,True,False,2.82,14.160737219680675,21.81182779009772,Low,0.6222594059272556
361,ALMU,Aeluma Inc,Technology,Semiconductors,USA,241.96M,-,13.44,4.59%,"193,617",241960000.0,,4.59,193617,Micro Cap,True,False,4.59,12.173642424709298,19.304282985335902,Very Low,1.0639982193825843
362,ALNT,Allient Inc,Technology,Electronic Components,USA,1.03B,46.01,60.54,-2.07%,"160,662",1030000000.0,46.01,-2.07,160662,Small Cap,False,True,2.07,11.987064282527449,20.752824640158828,Mid,-0.5981376549747537
363,ALNY,Alnylam Pharmaceuticals Inc,Healthcare,Biotechnology,USA,42.29B,141.27,318.85,-3.01%,"872,456",42290000000.0,141.27,-3.01,872456,Large Cap,False,True,3.01,13.679068648176617,24.467816488454453,Very High,-0.8327334090131766
364,ALOT,AstroNova Inc,Technology,Computer Hardware,USA,69.59M,-,9.11,0.66%,"160,817",69590000.0,,0.66,160817,Micro Cap,True,False,0.66,11.988028569760663,18.058131451190913,Very Low,0.08318831154109206
365,ALOV,Aldabra 4 Liquidity Opportunity Vehicle Inc,Financial,Shell Companies,USA,369.20M,-,9.84,-0.51%,"34,124",369200000.0,,-0.51,34124,Small Cap,False,True,0.51,10.437785532487261,19.72684906330153,Very Low,-0.20880853125141324
366,ALOY,REalloys Inc,Basic Materials,Other Industrial Metals & Mining,USA,549.84M,-,9.19,0.88%,"1,132,727",549840000.0,,0.88,1132727,Small Cap,True,False,0.88,13.940139440579578,20.125137886596335,Very Low,0.13809370078412725
367,ALPS,ALPS Group Inc,Healthcare,Biotechnology,Malaysia,168.06M,-,1.01,0.00%,"7,940",168060000.0,,0.0,7940,Micro Cap,False,False,0.0,8.97979449089521,18.9398316224146,Penny,-0.08152785618801349
368,ALRG,Allspring LT Large Core ETF,Financial,Exchange Traded Fund,USA,-,-,26.71,0.00%,0,,,0.0,0,Unknown,False,False,0.0,0.0,,Low,-0.08152785618801349
369,ALRM,Alarm.com Holdings Inc,Technology,Software - Application,USA,2.17B,17.73,43.67,0.85%,"267,331",2170000000.0,17.73,0.85,267331,Mid Cap,True,False,0.85,12.496246610636932,21.497993004959607,Low,0.13060660225098608
370,ALRS,Alerus Financial Corp,Financial,Banks - Regional,USA,605.56M,35.88,23.84,0.97%,"144,781",605560000.0,35.88,0.97,144781,Small Cap,True,False,0.97,11.882984441814434,20.221664209359314,Low,0.16055499638355072
371,ALSN,Allison Transmission Holdings Inc,Consumer Cyclical,Auto Parts,USA,9.69B,15.95,117.06,-1.50%,"355,307",9690000000.0,15.95,-1.5,355307,Mid Cap,False,True,1.5,12.78074029793914,22.994360262952284,High,-0.45588278284507155
372,ALT,Altimmune Inc,Healthcare,Biotechnology,USA,434.43M,-,3.34,7.05%,"2,727,750",434430000.0,,7.05,2727750,Small Cap,True,False,7.05,14.81898801811979,19.88954538727476,Penny,1.6779402991001595
373,ALTG,Alta Equipment Group Inc,Industrials,Rental & Leasing Services,USA,169.08M,-,5.24,-0.19%,"303,077",169080000.0,,-0.19,303077,Micro Cap,False,True,0.19,12.62174547710576,18.945882539577223,Very Low,-0.1289461468979075
374,ALTI,AlTi Global Inc,Financial,Asset Management,USA,560.22M,-,3.82,4.66%,"102,145",560220000.0,,4.66,102145,Small Cap,True,False,4.66,11.534158441378237,20.143840123473176,Penny,1.0814681159599138
375,ALTL,Pacer Lunt Large Cap Alternator ETF,Financial,Exchange Traded Fund,USA,-,-,44.36,0.75%,"4,002",,,0.75,4002,Unknown,True,False,0.75,8.294799358992574,,Low,0.10564960714051554
376,ALTO,Alto Ingredients Inc,Basic Materials,Specialty Chemicals,USA,360.96M,30.62,4.67,-2.51%,"1,414,263",360960000.0,30.62,-2.51,1414263,Small Cap,False,True,2.51,14.162119812396284,19.704277709604302,Penny,-0.7079484334608239
377,ALTS,ALT5 Sigma Corp,Technology,Software - Application,USA,144.03M,-,1.14,3.64%,"4,155,737",144030000.0,,3.64,4155737,Micro Cap,True,False,3.64,15.240000587828115,18.78553217611823,Penny,0.8269067658331141
378,ALTY,Global X Alternative Income ETF,Financial,Exchange Traded Fund,USA,-,-,12.1,0.42%,"8,149",,,0.42,8149,Unknown,True,False,0.42,9.005773206234908,,Very Low,0.02329152327596276
379,ALUB,Alussa Energy Acquisition Corp. II,Financial,Shell Companies,USA,358.84M,-,9.98,0.00%,18,358840000.0,,0.0,18,Small Cap,False,False,0.0,2.9444389791664403,19.698387167442114,Very Low,-0.08152785618801349
380,ALUB-U,Alussa Energy Acquisition Corp. II,Financial,Shell Companies,USA,358.84M,-,10.13,0.00%,0,358840000.0,,0.0,0,Small Cap,False,False,0.0,0.0,19.698387167442114,Very Low,-0.08152785618801349
381,ALV,Autoliv Inc,Consumer Cyclical,Auto Parts,Sweden,7.87B,11.00,105.29,-1.69%,"477,798",7870000000.0,11.0,-1.69,477798,Mid Cap,False,True,1.69,13.076945420945746,22.786323899502786,High,-0.5033010735549657
382,ALVO,Alvotech,Healthcare,Drug Manufacturers - Specialty & Generic,Luxembourg,1.21B,37.86,3.65,0.83%,"246,832",1210000000.0,37.86,0.83,246832,Small Cap,True,False,0.83,12.416467273582077,20.91388619738151,Penny,0.12561520322889197
383,ALX,Alexander's Inc,Real Estate,REIT - Retail,USA,1.18B,41.97,230.72,1.33%,"50,466",1180000000.0,41.97,1.33,50466,Small Cap,True,False,1.33,10.829074936315378,20.888780276271444,Very High,0.25040017878124465
384,ALXO,Alx Oncology Holdings Inc,Healthcare,Biotechnology,USA,259.27M,-,1.97,-0.51%,"415,021",259269999.99999997,,-0.51,415021,Micro Cap,False,True,0.51,12.936086809855938,19.373380551567667,Penny,-0.20880853125141324
385,ALZN,Alzamend Neuro Inc,Healthcare,Biotechnology,USA,3.80M,-,1.0,-1.97%,"93,629",3800000.0,,-1.97,93629,Micro Cap,False,True,1.97,11.447106123932935,15.150511887854474,Penny,-0.5731806598642831
386,AM,Antero Midstream Corp,Energy,Oil & Gas Midstream,USA,10.76B,26.61,22.75,0.89%,"1,526,728",10760000000.0,26.61,0.89,1526728,Large Cap,True,False,0.89,14.238638096283072,23.099101391772987,Low,0.1405894002951743
387,AMAL,Amalgamated Financial Corp,Financial,Banks - Regional,USA,1.18B,11.53,39.4,0.82%,"114,180",1180000000.0,11.53,0.82,114180,Small Cap,True,False,0.82,11.645540187581142,20.888780276271444,Low,0.1231195037178449
388,AMAT,Applied Materials Inc,Technology,Semiconductor Equipment & Materials,USA,276.55B,35.69,348.47,-1.51%,"4,253,830",276550000000.0,35.69,-1.51,4253830,Mega Cap,False,True,1.51,15.2633305466377,26.345657473390713,Very High,-0.4583784823561186
389,AMAX,RH Hedged Multi-Asset Income ETF,Financial,Exchange Traded Fund,USA,-,-,7.76,0.32%,"44,911",,,0.32,44911,Unknown,True,False,0.32,10.712460298601664,,Very Low,-0.0016654718345077695
390,AMBA,Ambarella Inc,Technology,Semiconductor Equipment & Materials,USA,2.21B,-,50.54,-1.06%,"667,932",2210000000.0,,-1.06,667932,Mid Cap,False,True,1.06,13.411943148087264,21.51625835292856,Mid,-0.3460720043590012
391,AMBO,Ambow Education Holding Ltd ADR,Consumer Defensive,Education & Training Services,USA,6.24M,-,2.38,9.68%,"19,786",6240000.0,,9.68,19786,Micro Cap,True,False,9.68,9.89278043539244,15.646490900602007,Penny,2.334309270505534
392,AMBP,Ardagh Metal Packaging S.A,Consumer Cyclical,Packaging & Containers,Luxembourg,2.44B,-,4.09,-0.49%,"890,538",2440000000.0,,-0.49,890538,Mid Cap,False,True,0.49,13.69958217637329,21.61526387666136,Penny,-0.20381713222931913
393,AMBQ,Ambiq Micro Inc,Technology,Semiconductors,USA,606.62M,-,28.53,5.94%,"339,965",606620000.0,,5.94,339965,Small Cap,True,False,5.94,12.73660089159201,20.223413124979828,Low,1.4009176533739367
394,AMBR,Amber International Holding Ltd. ADR,Technology,Software - Infrastructure,Singapore,216.10M,-,2.5,0.40%,"18,485",216100000.0,,0.4,18485,Micro Cap,True,False,0.4,9.824768967824722,19.1912518261046,Penny,0.018300124253868663
395,AMC,AMC Entertainment Holdings Inc,Communication Services,Entertainment,USA,624.91M,-,1.12,8.74%,"40,939,094",624910000.0,,8.74,40939094,Small Cap,True,False,8.74,17.527596032432815,20.25311819893191,Penny,2.0997135164671112
396,AMCI,AMC Robotics Corp,Technology,Computer Hardware,USA,135.12M,-,5.98,-1.16%,"27,756",135120000.0,,-1.16,27756,Micro Cap,False,True,1.16,10.231243339616583,18.721673837864646,Very Low,-0.3710289994694717
397,AMCR,Amcor Plc,Consumer Cyclical,Packaging & Containers,Switzerland,18.45B,26.11,39.93,-1.89%,"3,887,408",18450000000.0,26.11,-1.89,3887408,Large Cap,False,True,1.89,15.173253426835519,23.638330207487147,Low,-0.5532150637759067
398,AMCX,AMC Networks Inc,Communication Services,Entertainment,USA,306.26M,5.24,7.17,2.43%,"331,388",306260000.0,5.24,2.43,331388,Small Cap,True,False,2.43,12.71104819090712,19.539944975616535,Very Low,0.5249271249964206
399,AMD,Advanced Micro Devices Inc,Technology,Semiconductors,USA,354.61B,82.24,217.5,3.47%,"38,260,180",354610000000.0,82.24,3.47,38260180,Mega Cap,True,False,3.47,17.459920252754525,26.594284430981325,Very High,0.7844798741453142
400,AMDD,Direxion Daily AMD Bear 1X ETF,Financial,Exchange Traded Fund,USA,-,-,8.37,-3.32%,"12,252,845",,,-3.32,12252845,Unknown,False,True,3.32,16.321268794501993,,Very Low,-0.9101000938556354
401,AMDG,Leverage Shares 2X Long AMD Daily ETF,Financial,Exchange Traded Fund,USA,-,-,23.53,6.59%,"58,366",,,6.59,58366,Unknown,True,False,6.59,10.974505940611799,,Low,1.563138121591995
402,AMDL,GraniteShares 2x Long AMD Daily ETF,Financial,Exchange Traded Fund,USA,-,-,13.93,6.83%,"11,213,732",,,6.83,11213732,Unknown,True,False,6.83,16.232649745858495,,Very Low,1.6230349098571244
403,AMDW,Roundhill AMD WeeklyPay ETF,Financial,Exchange Traded Fund,USA,-,-,44.0,3.81%,"28,606",,,3.81,28606,Unknown,True,False,3.81,10.26140672210502,,Low,0.869333657520914
404,AMDY,Yieldmax AMD Option Income Strategy ETF,Financial,Exchange Traded Fund,USA,-,-,32.37,1.16%,"52,459",,,1.16,52459,Unknown,True,False,1.16,10.867806253420865,,Low,0.20797328709344473
405,AME,Ametek Inc,Industrials,Specialty Industrial Machinery,USA,49.98B,34.10,218.29,-0.16%,"776,333",49980000000.0,34.1,-0.16,776333,Large Cap,False,True,0.16,13.562338118935655,24.634888762373226,Very High,-0.12145904836476636
406,AMG,Affiliated Managers Group Inc,Financial,Asset Management,USA,7.09B,11.59,265.51,-2.92%,"393,807",7090000000.0,11.59,-2.92,393807,Mid Cap,False,True,2.92,12.883618759861468,22.68195117763149,Very High,-0.8102721134137532
407,AMGN,AMGEN Inc,Healthcare,Drug Manufacturers - General,USA,187.56B,24.45,347.94,-1.51%,"1,603,555",187560000000.0,24.45,-1.51,1603555,Large Cap,False,True,1.51,14.287734221110147,25.957364631173128,Very High,-0.4583784823561186
408,AMH,American Homes 4 Rent,Real Estate,REIT - Residential,USA,10.58B,24.64,29.08,3.23%,"2,953,436",10580000000.0,24.64,3.23,2953436,Large Cap,True,False,3.23,14.898480134877243,23.082231263471083,Low,0.7245830858801848
409,AMID,Argent Mid Cap ETF,Financial,Exchange Traded Fund,USA,-,-,32.51,0.27%,"2,310",,,0.27,2310,Unknown,True,False,0.27,7.745435610274381,,Low,-0.014143969389743036
410,AMIX,Autonomix Medical Inc,Healthcare,Medical Devices,USA,4.50M,-,0.39,-1.99%,"76,669",4500000.0,,-1.99,76669,Micro Cap,False,True,1.99,11.24726577655294,15.319588176962746,Penny,-0.5781720588863772
411,AMJB,Alerian MLP Index ETNs,Financial,Exchange Traded Fund,USA,-,-,34.26,0.56%,"31,335",,,0.56,31335,Unknown,True,False,0.56,10.352522875345667,,Low,0.05823131643062153
412,AMKR,AMKOR Technology Inc,Technology,Semiconductor Equipment & Materials,USA,11.55B,31.04,46.7,0.45%,"1,772,948",11550000000.0,31.04,0.45,1772948,Large Cap,True,False,0.45,14.388154819837215,23.169951274000795,Low,0.030778621809103932
413,AMLP,Alerian MLP ETF,Financial,Exchange Traded Fund,USA,-,-,52.37,0.54%,"1,450,296",,,0.54,1450296,Unknown,True,False,0.54,14.187278921008659,,Mid,0.05323991740852742
414,AMLX,Amylyx Pharmaceuticals Inc,Healthcare,Drug Manufacturers - Specialty & Generic,USA,1.65B,-,14.95,4.18%,"1,283,971",1650000000.0,,4.18,1283971,Small Cap,True,False,4.18,14.065468956140688,21.22404112546496,Very Low,0.961674539429655
415,AMN,AMN Healthcare Services Inc,Healthcare,Medical Care Facilities,USA,703.27M,-,18.2,-1.94%,"951,841",703270000.0,,-1.94,951841,Small Cap,False,True,1.94,13.766154333613002,20.37125144574033,Very Low,-0.565693561331142
416,AMOD,Alpha Modus Holdings Inc,Technology,Software - Application,USA,17.28M,-,0.34,-8.04%,"675,028",17280000.0,,-8.04,675028,Micro Cap,False,True,8.04,13.422510931894749,16.66506037921055,Penny,-2.0880702630698447
417,AMOM,QRAFT AI Enhanced U.S. Large Cap Momentum ETF,Financial,Exchange Traded Fund,USA,-,-,48.13,-0.09%,"15,273",,,-0.09,15273,Unknown,False,True,0.09,9.63390731544833,,Low,-0.10398915178743696
418,AMP,Ameriprise Financial Inc,Financial,Asset Management,USA,39.57B,11.94,433.94,-0.63%,"619,888",39570000000.0,11.94,-0.63,619888,Large Cap,False,True,0.63,13.337295708735022,24.401337092369015,Very High,-0.23875692538397789
419,AMPG,Amplitech Group Inc,Technology,Communication Equipment,USA,48.89M,-,1.93,1.58%,"218,749",48890000.0,,1.58,218749,Micro Cap,True,False,1.58,12.29568480421986,17.705083455008907,Penny,0.312792666557421
420,AMPH,Amphastar Pharmaceuticals Inc,Healthcare,Drug Manufacturers - Specialty & Generic,USA,927.82M,10.06,20.45,1.04%,"390,454",927820000.0,10.06,1.04,390454,Small Cap,True,False,1.04,12.875068004745799,20.648348307497283,Low,0.17802489296088012
421,AMPL,Amplitude Inc,Technology,Software - Application,USA,914.69M,-,6.84,0.74%,"1,048,837",914690000.0,,0.74,1048837,Small Cap,True,False,0.74,13.863193442659327,20.63409576911391,Very Low,0.10315390762946848
422,AMPX,Amprius Technologies Inc,Industrials,Electrical Equipment & Parts,USA,2.19B,-,16.0,3.09%,"5,905,937",2190000000.0,,3.09,5905937,Mid Cap,True,False,3.09,15.591468843432054,21.50716738123144,Very Low,0.6896432927255262
423,AMPY,Amplify Energy Corp,Energy,Oil & Gas E&P,USA,246.77M,5.92,5.98,1.87%,"1,002,537",246770000.0,5.92,1.87,1002537,Micro Cap,True,False,1.87,13.818045342681383,19.323967290743624,Very Low,0.3851679523777856
424,AMR,Alpha Metallurgical Resources Inc,Basic Materials,Coking Coal,USA,2.68B,-,209.31,5.54%,"206,325",2680000000.0,,5.54,206325,Mid Cap,True,False,5.54,12.237212721171543,21.70908263184231,Very High,1.3010896729320545
425,AMRC,Ameresco Inc,Industrials,Engineering & Construction,USA,1.30B,29.81,24.59,-0.32%,"755,001",1300000000.0,29.81,-0.32,755001,Small Cap,False,True,0.32,13.534475677234276,20.985630102183134,Low,-0.16139024054151924
426,AMRN,Amarin Corp ADR,Healthcare,Drug Manufacturers - General,Ireland,306.74M,-,14.74,0.68%,"13,168",306740000.0,,0.68,13168,Small Cap,True,False,0.68,9.48562086171022,19.541511044447,Very Low,0.08817971056318617
427,AMRX,Amneal Pharmaceuticals Inc,Healthcare,Drug Manufacturers - Specialty & Generic,USA,3.93B,56.37,12.48,-1.81%,"1,351,066",3930000000.0,56.37,-1.81,1351066,Mid Cap,False,True,1.81,14.116405208606801,22.091905263082033,Very Low,-0.5332494676875303
428,AMRZ,Amrize Ltd,Basic Materials,Building Materials,USA,29.97B,25.31,54.23,-1.72%,"2,629,875",29970000000.0,25.31,-1.72,2629875,Large Cap,False,True,1.72,14.782447254753459,24.12346271830835,Mid,-0.5107881720881068
429,AMS,American Shared Hospital Services,Healthcare,Medical Care Facilities,USA,8.91M,-,1.35,0.00%,"13,319",8910000.0,,0.0,13319,Micro Cap,False,False,0.0,9.49702194409438,16.002684911680433,Penny,-0.08152785618801349
430,AMSC,American Superconductor Corp,Industrials,Specialty Industrial Machinery,USA,1.53B,10.95,32.09,-1.72%,"630,302",1530000000.0,10.95,-1.72,630302,Small Cap,False,True,1.72,13.353955935128141,21.14853357300435,Low,-0.5107881720881068
431,AMSF,Amerisafe Inc,Financial,Insurance - Specialty,USA,619.67M,13.34,32.97,1.23%,"237,992",619670000.0,13.34,1.23,237992,Small Cap,True,False,1.23,12.379996540456371,20.24469763785305,Low,0.22544318367077412
432,AMST,Amesite Inc,Technology,Software - Application,USA,8.09M,-,1.77,0.00%,"4,749",8090000.0,,0.0,4749,Micro Cap,False,False,0.0,8.465899897028686,15.90613941264406,Penny,-0.08152785618801349
433,AMT,American Tower Corp,Real Estate,REIT - Specialty,USA,80.97B,32.19,173.73,1.58%,"4,223,585",80970000000.0,32.19,1.58,4223585,Large Cap,True,False,1.58,15.25619508820117,25.117344552656785,High,0.312792666557421
434,AMTB,Amerant Bancorp Inc,Financial,Banks - Regional,USA,916.06M,18.18,22.77,0.84%,"173,551",916060000.0,18.18,0.84,173551,Small Cap,True,False,0.84,12.06423254528,20.63559242376827,Low,0.12811090273993903
435,AMTD,AMTD IDEA Group ADR,Financial,Asset Management,France,39.65M,1.33,0.98,-0.99%,"10,632",39650000.0,1.33,-0.99,10632,Micro Cap,False,True,0.99,9.271717651651086,17.495601531265812,Penny,-0.3286021077816718
436,AMTM,Amentum Holdings Inc,Industrials,Specialty Business Services,USA,6.60B,67.16,27.04,2.66%,"1,392,621",6600000000.0,67.16,2.66,1392621,Mid Cap,True,False,2.66,14.146698859154109,22.610335486130307,Low,0.5823282137505029
437,AMTX,Aemetis Inc,Basic Materials,Specialty Chemicals,USA,210.56M,-,3.16,6.04%,"2,099,850",210560000.0,,6.04,2099850,Micro Cap,True,False,6.04,14.55737694779546,19.165281210850466,Penny,1.4258746484844071
438,AMUB,UBS ETRACS Alerian MLP Index ETN,Financial,Exchange Traded Fund,USA,-,-,21.64,0.71%,442,,,0.71,442,Unknown,True,False,0.71,6.093569770045136,,Low,0.09566680909632731
439,AMUN,abrdn Ultra Short Municipal Income Active ETF,Financial,Exchange Traded Fund,USA,-,-,26.03,0.06%,186,,,0.06,186,Unknown,True,False,0.06,5.231108616854587,,Low,-0.06655365912173117
440,AMUU,Direxion Daily AMD Bull 2X ETF,Financial,Exchange Traded Fund,USA,-,-,48.51,6.71%,"101,633",,,6.71,101633,Unknown,True,False,6.71,11.529133403814438,,Low,1.5930865157245597
441,AMWD,American Woodmark Corp,Consumer Cyclical,"Furnishings, Fixtures & Appliances",USA,557.58M,32.93,38.27,-3.11%,"132,887",557580000.0,32.93,-3.11,132887,Small Cap,False,True,3.11,11.797261947170913,20.13911655055504,Low,-0.8576904041236473
442,AMWL,American Well Corporation,Healthcare,Health Information Services,USA,91.03M,-,5.5,3.97%,"22,193",91030000.0,,3.97,22193,Micro Cap,True,False,3.97,10.00757726106051,18.32669969146686,Very Low,0.9092648496976669
443,AMX,America Movil S.A.B.DE C.V. ADR,Communication Services,Telecom Services,Mexico,78.29B,17.85,25.58,0.20%,"863,575",78290000000.0,17.85,0.2,863575,Large Cap,True,False,0.2,13.668837186592805,25.083685717879007,Low,-0.03161386596707241
444,AMYY,GraniteShares YieldBOOST AMD ETF,Financial,Exchange Traded Fund,USA,-,-,15.52,-0.89%,"9,715",,,-0.89,9715,Unknown,False,True,0.89,9.181529290122063,,Very Low,-0.30364511267120126
445,AMZA,InfraCap MLP ETF 1.25x Shares,Financial,Exchange Traded Fund,USA,-,-,45.67,2.10%,"38,345",,,2.1,38345,Unknown,True,False,2.1,10.554405498878337,,Low,0.44256904113186785
446,AMZD,Direxion Daily AMZN Bear 1X ETF,Financial,Exchange Traded Fund,USA,-,-,10.94,0.55%,"12,913,750",,,0.55,12913750,Unknown,True,False,0.55,16.37380327058263,,Very Low,0.055735616919574474
447,AMZE,Amaze Holdings Inc,Technology,Software - Application,USA,4.69M,-,0.13,-6.13%,"1,743,744",4690000.0,,-6.13,1743744,Micro Cap,False,True,6.13,14.371545657164189,15.360943353642055,Penny,-1.6113916564598574
448,AMZN,Amazon.com Inc,Consumer Cyclical,Internet Retail,USA,2251.86B,29.25,209.77,-0.38%,"31,255,136",2251860000000.0,29.25,-0.38,31255136,Mega Cap,False,True,0.38,17.257694304637116,28.44277765731129,Very High,-0.17636443760780154
449,AMZO,Tradr 2X Short AMZN Daily ETF,Financial,Exchange Traded Fund,USA,-,-,24.82,0.87%,"3,085",,,0.87,3085,Unknown,True,False,0.87,8.034631032923107,,Low,0.1355980012730802
450,AMZP,Kurv Yield Premium Strategy Amazon (AMZN) ETF,Financial,Exchange Traded Fund,USA,-,-,23.42,-0.47%,"4,045",,,-0.47,4045,Unknown,False,True,0.47,8.305484017727691,,Low,-0.19882573320722502
451,AMZU,Direxion Daily AMZN Bull 2X ETF,Financial,Exchange Traded Fund,USA,-,-,27.2,-0.87%,"2,008,184",,,-0.87,2008184,Unknown,False,True,0.87,14.512741887024017,,Low,-0.29865371364910714
452,AMZW,Roundhill AMZN WeeklyPay ETF,Financial,Exchange Traded Fund,USA,-,-,34.13,0.12%,"19,251",,,0.12,19251,Unknown,True,False,0.12,9.865370230423,,Low,-0.051579462055448846
453,AMZY,YieldMax AMZN Option Income Strategy ETF,Financial,Exchange Traded Fund,USA,-,-,11.0,-0.45%,"274,738",,,-0.45,274738,Unknown,False,True,0.45,12.523576835067665,,Very Low,-0.1938343341851309
454,AMZZ,GraniteShares 2x Long AMZN Daily ETF,Financial,Exchange Traded Fund,USA,-,-,24.88,-0.79%,"102,048",,,-0.79,102048,Unknown,False,True,0.79,11.5332083690719,,Low,-0.27868811756073075
455,AN,Autonation Inc,Consumer Cyclical,Auto & Truck Dealerships,USA,6.86B,11.59,197.68,-0.15%,"312,217",6860000000.0,11.59,-0.15,312217,Mid Cap,False,True,0.15,12.651456940750599,22.648973278829978,High,-0.1189633488537193
456,ANAB,AnaptysBio Inc,Healthcare,Biotechnology,USA,1.66B,-,57.68,1.67%,"611,617",1660000000.0,,1.67,611617,Small Cap,True,False,1.67,13.323863183604615,21.230083439917273,Mid,0.3352539621568445
457,ANDE,Andersons Inc,Consumer Defensive,Food Distribution,USA,2.50B,26.25,73.41,0.99%,"252,618",2500000000.0,26.25,0.99,252618,Mid Cap,True,False,0.99,12.439637703805365,21.639556569220566,Mid,0.16554639540564484
458,ANDG,Andersen Group Inc,Consumer Cyclical,Personal Services,USA,3.31B,5.92,29.67,1.61%,"197,762",3310000000.0,5.92,1.61,197762,Mid Cap,True,False,1.61,12.194824623039313,21.9202140266375,Low,0.32027976509056216
459,ANEL,Defiance Daily Target 2x Long ANET ETF,Financial,Exchange Traded Fund,USA,-,-,13.5,2.93%,"31,239",,,2.93,31239,Unknown,True,False,2.93,10.349454603953623,,Very Low,0.6497121005487733
460,ANET,Arista Networks Inc,Technology,Computer Hardware,USA,159.18B,46.01,126.68,1.47%,"5,120,014",159180000000.0,46.01,1.47,5120014,Large Cap,True,False,1.47,15.4486679266989,25.793301474330395,High,0.2853399719359034
461,ANEW,ProShares MSCI Transformational Changes ETF,Financial,Exchange Traded Fund,USA,-,-,45.67,0.01%,13,,,0.01,13,Unknown,True,False,0.01,2.6390573296152584,,Low,-0.07903215667696643
462,ANF,Abercrombie & Fitch Co,Consumer Cyclical,Apparel Retail,USA,4.14B,8.76,92.25,-2.13%,"816,319",4139999999.9999995,8.76,-2.13,816319,Mid Cap,False,True,2.13,13.612561713935584,22.14396162502518,Mid,-0.6131118520410359
463,ANGH,Anghami Inc,Communication Services,Entertainment,United Arab Emirates,31.09M,-,3.43,2.69%,925,31090000.0,,2.69,925,Micro Cap,True,False,2.69,6.8308742346461795,17.25239681419962,Penny,0.5898153122836439
464,ANGI,Angi Inc,Communication Services,Internet Content & Information,USA,274.72M,7.34,6.85,-0.58%,"660,626",274720000.0,7.34,-0.58,660626,Micro Cap,False,True,0.58,13.400944663038196,19.43126295875351,Very Low,-0.2262784278287426
465,ANGL,VanEck Fallen Angel High Yield Bond ETF,Financial,Exchange Traded Fund,USA,-,-,28.81,0.28%,"2,727,366",,,0.28,2727366,Unknown,True,False,0.28,14.818847232897312,,Low,-0.01164826987869598
466,ANGO,Angiodynamic Inc,Healthcare,Medical Instruments & Supplies,USA,424.95M,-,10.31,-13.65%,"1,224,028",424950000.0,,-13.65,1224028,Small Cap,False,True,13.65,14.017658434584195,19.867482075262128,Very Low,-3.488157688767242
467,ANGX,Angel Studios Inc,Communication Services,Entertainment,USA,506.83M,-,2.99,-0.33%,"623,552",506830000.0,,-0.33,623552,Small Cap,False,True,0.33,13.343189044499216,20.043686201581053,Penny,-0.1638859400525663
468,ANIK,Anika Therapeutics Inc,Healthcare,Drug Manufacturers - Specialty & Generic,USA,198.33M,-,14.8,-1.20%,"98,847",198330000.0,,-1.2,98847,Micro Cap,False,True,1.2,11.501338595718309,19.10544287301997,Very Low,-0.38101179751365993
469,ANIP,ANI Pharmaceuticals Inc,Healthcare,Drug Manufacturers - Specialty & Generic,USA,1.66B,22.14,74.21,-2.30%,"275,750",1660000000.0,22.14,-2.3,275750,Small Cap,False,True,2.3,12.527253563582429,21.230083439917273,Mid,-0.6555387437288358
470,ANIX,Anixa Biosciences Inc,Healthcare,Biotechnology,USA,85.50M,-,2.55,-6.25%,"69,390",85500000.0,,-6.25,69390,Micro Cap,False,True,6.25,11.147512455088211,18.264026945602897,Penny,-1.641340050592422
471,ANL,Adlai Nortye Ltd. ADR,Healthcare,Biotechnology,China,255.54M,-,8.18,3.54%,"453,411",255540000.0,,3.54,453411,Micro Cap,True,False,3.54,13.024556483401403,19.358889515040733,Very Low,0.8019497707226436
472,ANNA,AleAnna Inc,Energy,Oil & Gas E&P,USA,525.90M,178.51,7.89,8.68%,"7,347,336",525900000.0,178.51,8.68,7347336,Small Cap,True,False,8.68,15.809848492612664,20.080621640461075,Very Low,2.084739319400829
473,ANNX,Annexon Inc,Healthcare,Biotechnology,USA,882.61M,-,5.5,2.61%,"3,329,638",882610000.0,,2.61,3329638,Small Cap,True,False,2.61,15.018374447671603,20.598393986029425,Very Low,0.5698497161952675
474,ANPA,Rich Sparkle Holdings Ltd,Industrials,Specialty Business Services,Hong Kong,111.87M,6884.62,8.95,-4.48%,"11,446",111870000.0,6884.62,-4.48,11446,Micro Cap,False,True,4.48,9.345482965918476,18.53284804976206,Very Low,-1.1996012371370937
475,ANRO,Alto Neuroscience Inc,Healthcare,Biotechnology,USA,692.58M,-,21.68,-7.39%,"691,110",692580000.0,,-7.39,691110,Small Cap,False,True,7.39,13.446055726607426,20.355934314263028,Low,-1.925849794851786
476,ANSC,Agriculture & Natural Solutions Acquisition Corp,Financial,Shell Companies,USA,468.86M,46.29,11.29,0.00%,204,468860000.0,46.29,0.0,204,Small Cap,False,False,0.0,5.3230099791384085,19.965814776518478,Very Low,-0.08152785618801349
477,ANTA,Antalpha Platform Holding Co,Financial,Credit Services,Singapore,166.22M,9.41,7.02,8.00%,"3,203",166220000.0,9.41,8.0,3203,Micro Cap,True,False,8.0,8.07215530818825,18.928822776105278,Very Low,1.9150317526496297
478,ANTX,AN2 Therapeutics Inc,Healthcare,Biotechnology,USA,117.53M,-,3.27,-5.22%,"412,054",117530000.0,,-5.22,412054,Micro Cap,False,True,5.22,12.928912114567611,18.582204186617503,Penny,-1.3842830009545755
479,ANV,GraniteShares Autocallable NVDA ETF,Financial,Exchange Traded Fund,USA,-,-,24.57,-0.04%,692,,,-0.04,692,Unknown,False,True,0.04,6.541029999189903,,Low,-0.0915106542322017
480,ANVS,Annovis Bio Inc,Healthcare,Biotechnology,USA,64.65M,-,2.28,7.55%,"962,605",64650000.00000001,,7.55,962605,Micro Cap,True,False,7.55,13.777399468950357,17.984498678650045,Penny,1.8027252746525122
481,ANY,Sphere 3D Corp,Financial,Capital Markets,USA,5.73M,-,1.52,0.66%,"33,405",5730000.0,,0.66,33405,Micro Cap,True,False,0.66,10.416490803549893,15.561226263210976,Penny,0.08318831154109206
482,AOA,iShares Core 80/20 Aggressive Allocation ETF,Financial,Exchange Traded Fund,USA,-,-,88.63,-0.45%,"137,618",,,-0.45,137618,Unknown,False,True,0.45,11.83224427634437,,Mid,-0.1938343341851309
483,AOCT,Innovator Equity Defined Protection ETF - 2 Yr to October 2026,Financial,Exchange Traded Fund,USA,-,-,26.53,0.03%,503,,,0.03,503,Unknown,True,False,0.03,6.222576268071369,,Low,-0.07404075765487232
484,AOD,abrdn Total Dynamic Dividend Fund,Financial,Closed-End Fund - Foreign,USA,986.83M,5.96,9.36,-1.06%,"393,355",986830000.0,5.96,-1.06,393355,Small Cap,False,True,1.06,12.882470333232003,20.710008344467834,Very Low,-0.3460720043590012
485,AOHY,Angel Oak High Yield Opportunities ETF,Financial,Exchange Traded Fund,USA,-,-,10.98,0.00%,"58,613",,,0.0,58613,Unknown,False,False,0.0,10.978728854880998,,Very Low,-0.08152785618801349
486,AOK,iShares Core 30/70 Conservative Allocation ETF,Financial,Exchange Traded Fund,USA,-,-,39.9,-0.27%,"175,846",,,-0.27,175846,Unknown,False,True,0.27,12.077369577762292,,Low,-0.14891174298628396
487,AOM,iShares Core 40/60 Moderate Allocation ETF,Financial,Exchange Traded Fund,USA,-,-,47.26,-0.59%,"224,501",,,-0.59,224501,Unknown,False,True,0.59,12.321639894810733,,Low,-0.22877412733978966
488,AOMR,Angel Oak Mortgage REIT Inc,Real Estate,REIT - Mortgage,USA,203.30M,4.52,8.16,0.12%,"51,881",203300000.0,4.52,0.12,51881,Micro Cap,True,False,0.12,10.856727188188485,19.130193283517414,Very Low,-0.051579462055448846
489,AON,Aon plc,Financial,Insurance Brokers,Ireland,69.23B,18.98,323.14,0.56%,"1,124,001",69230000000.0,18.98,0.56,1124001,Large Cap,True,False,0.56,13.932406088793622,24.96070013165079,Very High,0.05823131643062153
490,AOR,iShares Core 60/40 Balanced Allocation ETF,Financial,Exchange Traded Fund,USA,-,-,64.39,-0.54%,"297,039",,,-0.54,297039,Unknown,False,True,0.54,12.601622088850961,,Mid,-0.2162956297845544
491,AORT,Artivion Inc,Healthcare,Medical Devices,USA,1.64B,171.11,34.17,0.03%,"448,179",1640000000.0,171.11,0.03,448179,Small Cap,True,False,0.03,13.012950216417142,21.217962079392276,Low,-0.07404075765487232
492,AOS,A.O. Smith Corp,Industrials,Specialty Industrial Machinery,USA,8.90B,16.73,64.35,-1.12%,"1,132,415",8900000000.0,16.73,-1.12,1132415,Mid Cap,False,True,1.12,13.939863961403002,22.909317113796863,Mid,-0.36104620142528354
493,AOSL,Alpha & Omega Semiconductor Ltd,Technology,Semiconductors,USA,675.87M,-,22.71,-0.57%,"167,605",675870000.0,,-0.57,167605,Small Cap,False,True,0.57,12.029371265912005,20.33151130930101,Low,-0.22378272831769555
494,AOTG,AOT Growth and Innovation ETF,Financial,Exchange Traded Fund,USA,-,-,48.24,0.39%,"2,618",,,0.39,2618,Unknown,True,False,0.39,7.870547844507712,,Low,0.015804424742821607
495,AOTS,AOT Software Platform ETF,Financial,Exchange Traded Fund,USA,-,-,21.15,0.59%,103,,,0.59,103,Unknown,True,False,0.59,4.6443908991413725,,Low,0.06571841496376267
496,AOUT,American Outdoor Brands Inc,Consumer Cyclical,Leisure,USA,113.74M,-,9.03,-1.20%,"54,152",113740000.0,,-1.2,54152,Micro Cap,False,True,1.2,10.899568652556571,18.54942570863491,Very Low,-0.38101179751365993
497,AP,Ampco-Pittsburgh Corp,Industrials,Metal Fabrication,USA,145.74M,-,7.17,-0.42%,"105,159",145740000.0,,-0.42,105159,Micro Cap,False,True,0.42,11.563238278843817,18.797334777067945,Very Low,-0.18634723565198974
498,APA,APA Corporation,Energy,Oil & Gas E&P,USA,14.85B,10.56,42.04,1.67%,"9,892,124",14850000000.0,10.56,1.67,9892124,Large Cap,True,False,1.67,16.107249544017524,23.42126570226246,Low,0.3352539621568445
499,APAC,StoneBridge Acquisition II Corp,Financial,Shell Companies,USA,80.83M,269.71,10.06,0.10%,3,80830000.0,269.71,0.1,3,Micro Cap,True,False,0.1,1.3862943611198906,18.20785875408167,Very Low,-0.05657086107754295
500,APAD,A Paradise Acquisition Corp,Financial,Shell Companies,Hong Kong,277.30M,840.50,10.17,0.00%,"29,673",277300000.0,840.5,0.0,29673,Micro Cap,False,False,0.0,10.298026520510739,19.44061051419221,Very Low,-0.08152785618801349
501,APAM,Artisan Partners Asset Management Inc,Financial,Asset Management,USA,2.95B,9.34,36.57,0.03%,"1,063,725",2950000000.0,9.34,0.03,1063725,Mid Cap,True,False,0.03,13.877288396923076,21.80507100763712,Low,-0.07404075765487232
502,APC,ARKO Petroleum Corp,Energy,Oil & Gas Refining & Marketing,USA,835.51M,-,18.12,-0.22%,"169,805",835510000.0,,-0.22,169805,Small Cap,False,True,0.22,12.042411887924139,20.54355287600588,Very Low,-0.13643324543104868
503,APCB,ActivePassive Core Bond ETF,Financial,Exchange Traded Fund,USA,-,-,29.44,0.24%,"67,363",,,0.24,67363,Unknown,True,False,0.24,11.117866029575945,,Low,-0.021631067922884203
504,APD,Air Products & Chemicals Inc,Basic Materials,Specialty Chemicals,USA,65.36B,-,293.55,1.42%,"1,352,253",65360000000.0,,1.42,1352253,Large Cap,True,False,1.42,14.117283387762207,24.903176287513457,Very High,0.2728614743806681
505,APEI,American Public Education Inc,Consumer Defensive,Education & Training Services,USA,1.06B,42.58,57.66,0.28%,"188,690",1060000000.0,42.58,0.28,188690,Small Cap,True,False,0.28,12.147866035465633,20.781534746013783,Mid,-0.01164826987869598
506,APG,APi Group Corporation,Industrials,Engineering & Construction,USA,18.30B,-,42.03,1.20%,"2,979,536",18300000000.0,,1.2,2979536,Large Cap,True,False,1.2,14.907278477283038,23.630166896848433,Low,0.21795608513763295
507,APGE,Apogee Therapeutics Inc,Healthcare,Biotechnology,USA,5.86B,-,84.34,0.12%,"663,242",5860000000.0,,0.12,663242,Mid Cap,True,False,0.12,13.404896717854582,22.491415440705982,Mid,-0.051579462055448846
508,APH,Amphenol Corp,Technology,Electronic Components,USA,157.34B,38.33,128.0,0.23%,"5,584,050",157340000000.0,38.33,0.23,5584050,Large Cap,True,False,0.23,15.53542505662046,25.781674905853862,High,-0.024126767433931252
509,APHU,T-REX 2X Long APH Daily Target ETF,Financial,Exchange Traded Fund,USA,-,-,17.75,-0.28%,"1,897",,,-0.28,1897,Unknown,False,True,0.28,7.5485559791698735,,Very Low,-0.151407442497331
510,API,Agora Inc ADR,Technology,Software - Application,China,272.56M,37.50,3.66,0.55%,"142,319",272560000.0,37.5,0.55,142319,Micro Cap,True,False,0.55,11.865833322339716,19.423369334985903,Penny,0.055735616919574474
511,APIE,ActivePassive International Equity ETF,Financial,Exchange Traded Fund,USA,-,-,35.58,-0.34%,"66,324",,,-0.34,66324,Unknown,False,True,0.34,11.10232217900594,,Low,-0.16638163956361335
512,APLD,Applied Digital Corporation,Technology,Information Technology Services,USA,6.87B,-,24.56,0.29%,"19,646,424",6870000000.0,,0.29,19646424,Mid Cap,True,False,0.29,16.793405945885336,22.65042994332623,Low,-0.009152570367648938
513,APLE,Apple Hospitality REIT Inc,Real Estate,REIT - Hotel & Motel,USA,2.72B,15.63,11.53,-0.17%,"3,246,245",2720000000.0,15.63,-0.17,3246245,Mid Cap,False,True,0.17,14.993009809767347,21.723897717621963,Very Low,-0.12395474787581341
514,APLM,Apollomics Inc,Healthcare,Biotechnology,USA,15.62M,-,14.12,-4.08%,556,15620000.0,,-4.08,556,Micro Cap,False,True,4.08,6.322565239927284,16.564062766396297,Very Low,-1.0997732566952114
515,APLS,Apellis Pharmaceuticals Inc,Healthcare,Biotechnology,USA,5.17B,327.21,40.41,0.05%,"10,333,522",5170000000.0,327.21,0.05,10333522,Mid Cap,True,False,0.05,16.150903828451572,22.366138525660173,Low,-0.06904935863277822
516,APLU,Allspring Core Plus ETF,Financial,Exchange Traded Fund,USA,-,-,24.74,0.23%,"21,348",,,0.23,21348,Unknown,True,False,0.23,9.968760179152325,,Low,-0.024126767433931252
517,APLX,Tradr 2X Long APLD Daily ETF,Financial,Exchange Traded Fund,USA,-,-,11.66,0.52%,"2,463,499",,,0.52,2463499,Unknown,True,False,0.52,14.717093660966155,,Very Low,0.048248518386433306
518,APLY,YieldMax AAPL Option Income Strategy ETF,Financial,Exchange Traded Fund,USA,-,-,11.72,-0.42%,"90,463",,,-0.42,90463,Unknown,False,True,0.42,11.412707260493317,,Very Low,-0.18634723565198974
519,APLZ,Tradr 2X Short APLD Daily ETF,Financial,Exchange Traded Fund,USA,-,-,19.36,-0.62%,"472,517",,,-0.62,472517,Unknown,False,True,0.62,13.065831120428424,,Very Low,-0.23626122587293083
520,APM,Aptorum Group Ltd,Healthcare,Biotechnology,United Kingdom,7.54M,-,0.93,-2.93%,"13,025",7540000.0,,-2.93,13025,Micro Cap,False,True,2.93,9.474702639106347,15.835732872610125,Penny,-0.8127678129248004
521,APMU,ActivePassive Intermediate Municipal Bond ETF,Financial,Exchange Traded Fund,USA,-,-,24.9,0.12%,"12,868",,,0.12,12868,Unknown,True,False,0.12,9.462576597493666,,Low,-0.051579462055448846
522,APO,Apollo Global Management Inc,Financial,Asset Management,USA,61.90B,19.57,107.04,-2.91%,"5,417,158",61900000000.0,19.57,-2.91,5417158,Large Cap,False,True,2.91,15.505082066249148,24.848786016653115,High,-0.8077764139027062
523,APOC,Innovator Equity Defined Protection ETF - 6mo Apr/Oct,Financial,Exchange Traded Fund,USA,-,-,25.82,-0.10%,"28,460",,,-0.1,28460,Unknown,False,True,0.1,10.256290008060986,,Low,-0.10648485129848402
524,APOG,Apogee Enterprises Inc,Industrials,Building Products & Equipment,USA,717.36M,18.03,33.35,-1.19%,"161,966",717360000.0,18.03,-1.19,161966,Small Cap,False,True,1.19,11.9951478897604,20.391088366002066,Low,-0.3785160980026129
525,APP,Applovin Corp,Communication Services,Advertising Agencies,USA,130.31B,40.89,386.37,-0.38%,"3,195,443",130310000000.0,40.89,-0.38,3195443,Large Cap,False,True,0.38,14.977236603274884,25.5931820641109,Very High,-0.17636443760780154
526,APPF,Appfolio Inc,Technology,Software - Application,USA,5.65B,40.49,157.11,1.93%,"222,078",5650000000.0,40.49,1.93,222078,Mid Cap,True,False,1.93,12.310788453408595,22.454921382281753,High,0.4001421494440679
527,APPN,Appian Corp,Technology,Software - Infrastructure,USA,1.81B,1548.73,24.47,1.75%,"395,393",1810000000.0,1548.73,1.75,395393,Small Cap,True,False,1.75,12.887638015096691,21.316592682776633,Low,0.35521955824522095
528,APPS,Digital Turbine Inc,Technology,Software - Application,USA,346.51M,-,2.89,-2.69%,"2,002,178",346510000.0,,-2.69,2002178,Small Cap,False,True,2.69,14.509746645449825,19.66342223909257,Penny,-0.752871024659671
529,APPX,Tradr 2X Long APP Daily ETF,Financial,Exchange Traded Fund,USA,-,-,25.68,-0.81%,"501,896",,,-0.81,501896,Unknown,False,True,0.81,13.126150198338848,,Low,-0.28367951658282486
530,APRB,Aptus April Buffer ETF,Financial,Exchange Traded Fund,USA,-,-,25.39,-0.01%,"9,369",,,-0.01,9369,Unknown,False,True,0.01,9.145268375232467,,Low,-0.08402355569906055
531,APRE,Aprea Therapeutics Inc,Healthcare,Biotechnology,USA,8.19M,-,0.72,1.65%,"108,610",8189999.999999999,,1.65,108610,Micro Cap,True,False,1.65,11.595527970487012,15.918424577929366,Penny,0.3302625631347504
532,APRH,Innovator Premium Income 20 Barrier ETF - April,Financial,Exchange Traded Fund,USA,-,-,24.65,0.31%,"19,017",,,0.31,19017,Unknown,True,False,0.31,9.85314117809939,,Low,-0.004161171345554825
533,APRJ,Innovator Premium Income 30 Barrier ETF - April,Financial,Exchange Traded Fund,USA,-,-,24.59,0.39%,"7,062",,,0.39,7062,Unknown,True,False,0.39,8.862625169408922,,Low,0.015804424742821607
534,APRP,PGIM S&P 500 Buffer 12 ETF - April,Financial,Exchange Traded Fund,USA,-,-,30.49,0.09%,"20,334",,,0.09,20334,Unknown,True,False,0.09,9.920098818341325,,Low,-0.05906656058859001
535,APRT,AllianzIM U.S. Equity Buffer10 Apr ETF,Financial,Exchange Traded Fund,USA,-,-,42.71,0.06%,"13,296",,,0.06,13296,Unknown,True,False,0.06,9.495293724856706,,Low,-0.06655365912173117
536,APRW,AllianzIM U.S. Equity Buffer20 Apr ETF,Financial,Exchange Traded Fund,USA,-,-,35.53,0.10%,"127,128",,,0.1,127128,Unknown,True,False,0.1,11.752957597949257,,Low,-0.05657086107754295
537,APRZ,TrueShares Structured Outcome (April) ETF,Financial,Exchange Traded Fund,USA,-,-,35.92,0.09%,303,,,0.09,303,Unknown,True,False,0.09,5.717027701406222,,Low,-0.05906656058859001
538,APT,Alpha Pro Tech Ltd,Industrials,Building Products & Equipment,Canada,45.22M,13.22,4.44,-6.72%,"31,068",45220000.0,13.22,-6.72,31068,Micro Cap,False,True,6.72,10.3439658164813,17.627050046928208,Penny,-1.7586379276116335
539,APTV,Aptiv PLC,Consumer Cyclical,Auto Parts,Switzerland,13.00B,80.28,60.99,-1.77%,"4,046,773",13000000000.0,80.28,-1.77,4046773,Large Cap,False,True,1.77,15.213430578463738,23.28821519448487,Mid,-0.5232666696433421
540,APTV-WI,Aptiv PLC. - When Issued - Mar 2026,Consumer Cyclical,Auto Parts,Switzerland,13.00B,-,58.5,0.00%,0,13000000000.0,,0.0,0,Large Cap,False,False,0.0,0.0,23.28821519448487,Mid,-0.08152785618801349
541,APUE,ActivePassive U.S. Equity ETF,Financial,Exchange Traded Fund,USA,-,-,40.37,0.02%,"160,179",,,0.02,160179,Unknown,True,False,0.02,11.984053461877673,,Low,-0.07653645716591938
542,APUS,Apimeds Pharmaceuticals US Inc,Healthcare,Drug Manufacturers - Specialty & Generic,USA,23.64M,-,1.88,7.43%,"31,594",23640000.0,,7.43,31594,Micro Cap,True,False,7.43,10.360754159207556,16.978450792803354,Penny,1.7727768805199475
543,APVO,Aptevo Therapeutics Inc,Healthcare,Biotechnology,USA,4.93M,-,4.17,0.00%,"21,227",4930000.0,,0.0,21227,Micro Cap,False,False,0.0,9.963076343947785,15.41084974885861,Penny,-0.08152785618801349
544,APWC,Asia Pacific Wire & Cable Corp Ltd,Industrials,Electrical Equipment & Parts,Taiwan,27.42M,9.98,1.33,-3.64%,841,27420000.0,9.98,-3.64,841,Micro Cap,False,True,3.64,6.7357800142423265,17.126783268568172,Penny,-0.9899624782091412
545,APXM,FT Vest U.S. Equity Max Buffer ETF - April,Financial,Exchange Traded Fund,USA,-,-,31.33,-0.02%,77,,,-0.02,77,Unknown,False,True,0.02,4.356708826689592,,Low,-0.0865192552101076
546,APXT,Apex Treasury Corp,Financial,Shell Companies,USA,458.22M,-,9.97,-0.20%,607,458220000.0,,-0.2,607,Small Cap,False,True,0.2,6.410174881966167,19.94285997827498,Very Low,-0.13144184640895457
547,APYX,Apyx Medical Corp,Healthcare,Medical Devices,USA,153.93M,-,3.68,1.38%,"44,038",153930000.0,,1.38,44038,Micro Cap,True,False,1.38,10.692830883948481,18.852008518082716,Penny,0.2628786763364799
548,AQB,AquaBounty Technologies Inc,Consumer Defensive,Farm Products,USA,4.51M,-,0.88,-1.07%,"10,331",4510000.0,,-1.07,10331,Micro Cap,False,True,1.07,9.243001154215731,15.321807933208326,Penny,-0.34856770387004826
549,AQEC,AQE Core ETF,Financial,Exchange Traded Fund,USA,-,-,23.74,0.40%,"14,095",,,0.4,14095,Unknown,True,False,0.4,9.553646348175961,,Low,0.018300124253868663
550,AQLT,iShares MSCI Global Quality Factor ETF,Financial,Exchange Traded Fund,USA,-,-,27.88,-0.24%,"9,984",,,-0.24,9984,Unknown,False,True,0.24,9.208839245849916,,Low,-0.1414246444531428
551,AQMS,Aqua Metals Inc,Industrials,Waste Management,USA,12.97M,-,3.87,-3.97%,"36,325",12970000.0,,-3.97,36325,Micro Cap,False,True,3.97,10.500289017309388,16.378149633393626,Penny,-1.072320562073694
552,AQN,Algonquin Power & Utilities Corp,Utilities,Utilities - Diversified,Canada,4.93B,28.11,6.23,0.00%,"3,593,589",4930000000.0,28.11,0.0,3593589,Mid Cap,False,False,0.0,15.094662260797545,22.31860482520385,Very Low,-0.08152785618801349
553,AQST,Aquestive Therapeutics Inc,Healthcare,Drug Manufacturers - Specialty & Generic,USA,504.05M,-,4.13,0.00%,"914,125",504050000.0,,0.0,914125,Small Cap,False,False,0.0,13.72572369651495,20.038186029448156,Penny,-0.08152785618801349
554,AQWA,Global X Clean Water ETF,Financial,Exchange Traded Fund,USA,-,-,19.12,-0.47%,"8,187",,,-0.47,8187,Unknown,False,True,0.47,9.01042494678118,,Very Low,-0.19882573320722502
555,AR,Antero Resources Corp,Energy,Oil & Gas E&P,USA,12.48B,19.94,40.45,-1.00%,"6,503,493",12480000000.0,19.94,-1.0,6503493,Large Cap,False,True,1.0,15.687850128905358,23.24739319996782,Low,-0.33109780729271887
556,ARAI,Arrive AI Inc,Technology,Software - Infrastructure,USA,26.27M,-,0.72,-16.25%,"672,947",26270000.0,,-16.25,672947,Micro Cap,False,True,16.25,13.419423339668441,17.083938199727957,Penny,-4.137039561639476
557,ARAY,Accuray Inc,Healthcare,Medical Devices,USA,49.33M,-,0.42,6.82%,"1,331,212",49330000.0,,6.82,1331212,Micro Cap,True,False,6.82,14.101601114626398,17.71404299348156,Penny,1.6205392103460774
558,ARB,AltShares Merger Arbitrage ETF,Financial,Exchange Traded Fund,USA,-,-,29.33,-0.01%,"9,709",,,-0.01,9709,Unknown,False,True,0.01,9.18091156128537,,Low,-0.08402355569906055
559,ARBB,ARB IOT Group Ltd,Technology,Information Technology Services,Singapore,7.56M,-,4.28,6.73%,692,7560000.0,,6.73,692,Micro Cap,True,False,6.73,6.541029999189903,15.83838188043084,Penny,1.598077914746654
560,ARBE,Arbe Robotics Ltd,Technology,Scientific & Technical Instruments,Israel,78.50M,-,0.64,0.00%,"544,952",78500000.0,,0.0,544952,Micro Cap,False,False,0.0,13.208454831394516,18.17860919549149,Penny,-0.08152785618801349
561,ARBK,Argo Blockchain Plc ADR,Financial,Capital Markets,United Kingdom,0.92M,-,2.78,0.00%,"23,901",920000.0,,0.0,23901,Micro Cap,False,False,0.0,10.081717416426827,13.732130035981154,Penny,-0.08152785618801349
562,ARCB,ArcBest Corp,Industrials,Trucking,USA,2.24B,38.41,100.51,0.85%,"226,374",2240000000.0,38.41,0.85,226374,Mid Cap,True,False,0.85,12.329948195185715,21.529741703259788,High,0.13060660225098608
563,ARCC,Ares Capital Corp,Financial,Asset Management,USA,12.99B,9.75,18.09,2.03%,"6,662,869",12990000000.0,9.75,2.03,6662869,Large Cap,True,False,2.03,15.712060880623435,23.287445667705903,Very Low,0.4250991445545384
564,ARCI,Archimedes Tech SPAC Partners III Co,Financial,Shell Companies,USA,339.47M,-,9.9,0.41%,"2,327",339470000.0,,0.41,2327,Small Cap,True,False,0.41,7.752764808851328,19.64289613876135,Very Low,0.020795823764915705
565,ARCLU,ARC Group Acquisition I Corp,Financial,Shell Companies,USA,-,-,,-,0,,,,0,Unknown,False,False,,0.0,,,
566,ARCM,Arrow Reserve Capital Management ETF,Financial,Exchange Traded Fund,USA,-,-,100.1,0.02%,77,,,0.02,77,Unknown,True,False,0.02,4.356708826689592,,High,-0.07653645716591938
567,ARCO,Arcos Dorados Holdings Inc,Consumer Cyclical,Restaurants,USA,1.76B,7.17,8.35,0.00%,"379,934",1760000000.0,7.17,0.0,379934,Small Cap,False,False,0.0,12.84775546443982,21.288579646564653,Very Low,-0.08152785618801349
568,ARCT,Arcturus Therapeutics Holdings Inc,Healthcare,Biotechnology,USA,228.24M,-,8.03,2.29%,"504,687",228240000.0,,2.29,504687,Micro Cap,True,False,2.29,13.131695695544797,19.245908269250872,Very Low,0.48998733184176185
569,ARCX,Tradr 2X Long ACHR Daily ETF,Financial,Exchange Traded Fund,USA,-,-,15.97,7.18%,"26,518",,,7.18,26518,Unknown,True,False,7.18,10.18561673619821,,Very Low,1.7103843927437712
570,ARDC,Ares Dynamic Credit Allocation Fund Inc,Financial,Closed-End Fund - Debt,USA,287.11M,12.48,11.98,-1.32%,"152,393",287110000.0,12.48,-1.32,152393,Micro Cap,False,True,1.32,11.934224551380922,19.475375979037004,Very Low,-0.4109601916462246
571,ARDT,Ardent Health Inc,Healthcare,Medical Care Facilities,USA,1.24B,9.02,8.66,-0.12%,"300,493",1240000000.0,9.02,-0.12,300493,Small Cap,False,True,0.12,12.613183066035932,20.93837721736981,Very Low,-0.11147625032057813
572,ARDX,Ardelyx Inc,Healthcare,Biotechnology,USA,1.46B,-,5.94,-2.78%,"2,398,344",1460000000.0,,-2.78,2398344,Small Cap,False,True,2.78,14.690289474112893,21.101702273351588,Very Low,-0.7753323202590945
573,ARE,Alexandria Real Estate Equities Inc,Real Estate,REIT - Office,USA,7.49B,-,43.23,-0.14%,"4,102,098",7490000000.0,,-0.14,4102098,Mid Cap,False,True,0.14,15.227009351891732,22.73683463460905,Low,-0.11646764934267224
574,AREB,American Rebel Holdings Inc,Consumer Cyclical,Footwear & Accessories,USA,1.60M,-,6.46,0.00%,0,1600000.0,,0.0,0,Micro Cap,False,False,0.0,0.0,14.285514812209815,Very Low,-0.08152785618801349
575,AREC,American Resources Corporation,Basic Materials,Coking Coal,USA,248.41M,-,2.45,4.70%,"3,878,982",248410000.0,,4.7,3878982,Micro Cap,True,False,4.7,15.171083563839673,19.330591168887835,Penny,1.091450914004102
576,AREN,Arena Group Holdings Inc,Communication Services,Internet Content & Information,USA,92.83M,0.74,1.95,-4.41%,"71,393",92830000.0,0.74,-4.41,71393,Micro Cap,False,True,4.41,11.175969111183209,18.346280432148493,Penny,-1.1821313405597642
577,ARES,Ares Management Corp,Financial,Asset Management,USA,33.75B,58.58,102.43,-3.19%,"5,073,222",33750000000.0,58.58,-3.19,5073222,Large Cap,False,True,3.19,15.439486873792825,24.242246254294578,High,-0.8776560002120237
578,ARGT,Global X MSCI Argentina ETF,Financial,Exchange Traded Fund,USA,-,-,93.89,0.73%,"370,713",,,0.73,370713,Unknown,True,False,0.73,12.823186154813607,,Mid,0.10065820811842142
579,ARGX,Argen X SE ADR,Healthcare,Biotechnology,Netherlands,46.19B,38.11,746.42,0.44%,"372,184",46190000000.0,38.11,0.44,372184,Large Cap,True,False,0.44,12.827146321464696,24.556029161410574,Ultra High,0.028282922298056876
580,ARHS,Arhaus Inc,Consumer Cyclical,Specialty Retail,USA,900.36M,13.41,6.38,-2.45%,"1,255,351",900360000.0,13.41,-2.45,1255351,Small Cap,False,True,2.45,14.042926569309046,20.61830524242058,Very Low,-0.6929742363945417
581,ARI,Apollo Commercial Real Estate Finance Inc,Real Estate,REIT - Mortgage,USA,1.48B,13.23,10.63,0.95%,"1,328,272",1480000000.0,13.23,0.95,1328272,Small Cap,True,False,0.95,14.099390160180585,21.11530792539811,Very Low,0.1555635973614566
582,ARIS,Aris Mining Corp,Basic Materials,Gold,Canada,3.98B,51.15,19.31,-1.53%,"1,444,202",3980000000.0,51.15,-1.53,1444202,Mid Cap,False,True,1.53,14.183068170271676,22.104547656494013,Very Low,-0.4633698813782127
583,ARKB,ARK 21Shares Bitcoin ETF,Financial,Exchange Traded Fund,USA,-,-,22.24,-1.68%,"4,262,905",,,-1.68,4262905,Unknown,False,True,1.68,15.265461645304848,,Low,-0.5008053740439186
584,ARKD,ARK DIET Q1 Buffer ETF,Financial,Exchange Traded Fund,USA,-,-,18.78,0.11%,86,,,0.11,86,Unknown,True,False,0.11,4.465908118654584,,Very Low,-0.0540751615664959
585,ARKF,ARK Blockchain & Fintech Innovation ETF,Financial,Exchange Traded Fund,USA,-,-,38.07,0.34%,"125,625",,,0.34,125625,Unknown,True,False,0.34,11.7410645179628,,Low,0.0033259271875863425
586,ARKG,ARK Genomic Revolution ETF,Financial,Exchange Traded Fund,USA,-,-,27.36,1.00%,"2,144,518",,,1.0,2144518,Unknown,True,False,1.0,14.578425842773921,,Low,0.1680420949166919
587,ARKI,ARK DIET Q2 Buffer ETF,Financial,Exchange Traded Fund,USA,-,-,20.25,0.10%,"1,878",,,0.1,1878,Unknown,True,False,0.1,7.538494999413465,,Low,-0.05657086107754295
588,ARKK,ARK Innovation ETF,Financial,Exchange Traded Fund,USA,-,-,68.56,0.23%,"11,724,588",,,0.23,11724588,Unknown,True,False,0.23,16.277198818377332,,Mid,-0.024126767433931252
589,ARKO,ARKO Corp,Consumer Cyclical,Specialty Retail,USA,626.54M,38.18,5.65,-1.22%,"501,555",626540000.0,38.18,-1.22,501555,Small Cap,False,True,1.22,13.12547054515504,20.255723178626102,Very Low,-0.38600319653575405
590,ARKQ,ARK Autonomous Technology & Robotics ETF,Financial,Exchange Traded Fund,USA,-,-,114.9,0.34%,"178,601",,,0.34,178601,Unknown,True,False,0.34,12.092915145570123,,High,0.0033259271875863425
591,ARKR,Ark Restaurants Corp,Consumer Cyclical,Restaurants,USA,23.80M,-,6.6,-3.23%,"1,777",23800000.0,,-3.23,1777,Micro Cap,False,True,3.23,7.48324441607385,16.98519618065851,Very Low,-0.887638798256212
592,ARKT,ARK DIET Q4 Buffer ETF,Financial,Exchange Traded Fund,USA,-,-,17.78,-0.08%,890,,,-0.08,890,Unknown,False,True,0.08,6.792344427470809,,Very Low,-0.10149345227638992
593,ARKW,ARK Next Generation Internet ETF,Financial,Exchange Traded Fund,USA,-,-,121.6,0.26%,"124,122",,,0.26,124122,Unknown,True,False,0.26,11.729028288428134,,High,-0.01663966890079009
594,ARKX,ARK Space & Defense Innovation ETF,Financial,Exchange Traded Fund,USA,-,-,30.32,1.37%,"710,247",,,1.37,710247,Unknown,True,False,1.37,13.473369483802578,,Low,0.2603829768254329
595,ARL,American Realty Investors Inc,Real Estate,Real Estate Services,USA,237.76M,15.14,14.72,-3.22%,628,237760000.0,15.14,-3.22,628,Micro Cap,False,True,3.22,6.444131256700441,19.28677232369959,Very Low,-0.885143098745165
596,ARLI,AllianzIM International Equity Buffer15 Uncapped Apr ETF,Financial,Exchange Traded Fund,USA,-,-,25.02,-0.44%,"5,916",,,-0.44,5916,Unknown,False,True,0.44,8.685584842676693,,Low,-0.19133863467408385
597,ARLO,Arlo Technologies Inc,Industrials,Building Products & Equipment,USA,1.50B,103.39,14.03,-0.57%,"584,368",1500000000.0,103.39,-0.57,584368,Small Cap,False,True,0.57,13.278287911592699,21.12873094572124,Very Low,-0.22378272831769555
598,ARLP,"Alliance Resource Partners, LP",Energy,Thermal Coal,USA,3.62B,11.74,28.17,2.18%,"194,670",3620000000.0,11.74,2.18,194670,Mid Cap,True,False,2.18,12.17906623316847,22.009739863060332,Low,0.4625346372202443
599,ARLU,AllianzIM U.S. Equity Buffer15 Uncapped Apr ETF,Financial,Exchange Traded Fund,USA,-,-,28.86,0.11%,"17,534",,,0.11,17534,Unknown,True,False,0.11,9.771954162574279,,Low,-0.0540751615664959
600,ARM,Arm Holdings plc. ADR,Technology,Semiconductors,United Kingdom,158.35B,198.68,149.11,-3.84%,"8,141,912",158350000000.0,198.68,-3.84,8141912,Large Cap,False,True,3.84,15.912535722652674,25.788073609937374,High,-1.039876468430082
601,ARMG,Leverage Shares 2X Long ARM Daily ETF,Financial,Exchange Traded Fund,USA,-,-,9.4,-7.84%,"685,529",,,-7.84,685529,Unknown,False,True,7.84,13.437947540703053,,Very Low,-2.0381562728489038
602,ARMH,Arm Holdings PLC ADRhedged,Financial,Exchange Traded Fund,USA,-,-,63.86,-3.05%,"1,088",,,-3.05,1088,Unknown,False,True,3.05,6.9930151229329605,,Mid,-0.8427162070573648
603,ARMK,Aramark,Industrials,Specialty Business Services,USA,11.18B,35.78,42.55,1.60%,"2,616,592",11180000000.0,35.78,1.6,2616592,Large Cap,True,False,1.6,14.77738364782794,23.13739230476281,Low,0.3177840655795151
604,ARMP,Armata Pharmaceuticals Inc,Healthcare,Biotechnology,USA,372.92M,-,10.18,-3.60%,"22,946",372920000.0,,-3.6,22946,Small Cap,False,True,3.6,10.040942487989975,19.736874480074306,Very Low,-0.979979680164953
605,ARMW,Roundhill ARM WeeklyPay ETF,Financial,Exchange Traded Fund,USA,-,-,33.63,-4.54%,"31,965",,,-4.54,31965,Unknown,False,True,4.54,10.3724281169286,,Low,-1.2145754342033759
606,ARMY,Tema International Defense Innovation ETF,Financial,Exchange Traded Fund,USA,-,-,26.48,0.14%,57,,,0.14,57,Unknown,True,False,0.14,4.060443010546419,,Low,-0.046588063033354735
607,AROC,Archrock Inc,Energy,Oil & Gas Equipment & Services,USA,6.06B,18.96,34.66,1.55%,"1,284,669",6060000000.0,18.96,1.55,1284669,Mid Cap,True,False,1.55,14.066012433991771,22.52497563719265,Low,0.3053055680242798
608,AROW,Arrow Financial Corp,Financial,Banks - Regional,USA,563.54M,12.81,34.13,0.38%,"73,425",563540000.0,12.81,0.38,73425,Small Cap,True,False,0.38,11.204033375313541,20.149748875614996,Low,0.013308725231774553
609,ARP,PMV Adaptive Risk Parity ETF,Financial,Exchange Traded Fund,USA,-,-,31.74,-0.04%,"2,626",,,-0.04,2626,Unknown,False,True,0.04,7.87359778968554,,Low,-0.0915106542322017
610,ARQ,Arq Inc,Industrials,Pollution & Treatment Controls,USA,105.84M,-,2.47,4.66%,"1,017,081",105840000.0,,4.66,1017081,Micro Cap,True,False,4.66,13.832448301082199,18.4774390872192,Penny,1.0814681159599138
611,ARQQ,Arqit Quantum Inc,Technology,Software - Infrastructure,United Kingdom,218.66M,-,13.97,2.80%,"188,351",218660000.0,,2.8,188351,Micro Cap,True,False,2.8,12.146067831593145,19.20302857454392,Very Low,0.6172680069051616
612,ARQT,Arcutis Biotherapeutics Inc,Healthcare,Biotechnology,USA,2.93B,-,23.63,-1.95%,"1,091,843",2930000000.0,,-1.95,1091843,Mid Cap,False,True,1.95,13.903378567939077,21.798268260316686,Low,-0.568189260842189
613,ARR,ARMOUR Residential REIT Inc,Real Estate,REIT - Mortgage,USA,2.05B,6.26,17.14,1.54%,"2,091,031",2049999999.9999998,6.26,1.54,2091031,Mid Cap,True,False,1.54,14.553168281976118,21.441105630584534,Very Low,0.30280986851323277
614,ARRY,Array Technologies Inc,Technology,Solar,USA,1.12B,-,7.34,-2.78%,"3,715,010",1120000000.0,,-2.78,3715010,Small Cap,False,True,2.78,15.127892197098657,20.83659452314627,Very Low,-0.7753323202590945
615,ARTC,Art Technology Acquisition Corp,Financial,Shell Companies,USA,341.68M,-,9.81,-0.20%,3,341680000.0,,-0.2,3,Small Cap,False,True,0.2,1.3862943611198906,19.6493851874242,Very Low,-0.13144184640895457
616,ARTL,Artelo Biosciences Inc,Healthcare,Biotechnology,USA,4.99M,-,7.04,-10.20%,"429,996",4990000.0,,-10.2,429996,Micro Cap,False,True,10.2,12.97153351090122,15.422946668128484,Very Low,-2.6271413574560083
617,ARTNA,Artesian Resources Corp,Utilities,Utilities - Regulated Water,USA,334.85M,14.55,32.19,-0.37%,"18,137",334850000.0,14.55,-0.37,18137,Small Cap,False,True,0.37,9.805764464007513,19.629193231306743,Low,-0.1738687380967545
618,ARTV,Artiva Biotherapeutics Inc,Healthcare,Biotechnology,USA,166.59M,-,6.74,-0.15%,"145,416",166590000.0,,-0.15,145416,Micro Cap,False,True,0.15,11.887360756091647,18.93104626788866,Very Low,-0.1189633488537193
619,ARTW,Art's-way Manufacturing Co. Inc,Industrials,Farm & Heavy Construction Machinery,USA,10.73M,10.18,2.07,-1.43%,"6,973",10730000.0,10.18,-1.43,6973,Micro Cap,False,True,1.43,8.849944227235596,16.18855420780352,Penny,-0.43841288626774216
620,ARTY,iShares Future AI & Tech ETF,Financial,Exchange Traded Fund,USA,-,-,47.73,0.29%,"397,085",,,0.29,397085,Unknown,True,False,0.29,12.891908160894728,,Low,-0.009152570367648938
621,ARVN,Arvinas Inc,Healthcare,Biotechnology,USA,693.98M,-,10.85,-4.24%,"1,289,406",693980000.0,,-4.24,1289406,Small Cap,False,True,4.24,14.069692980725572,20.357953701052978,Very Low,-1.1397044488719643
622,ARVR,First Trust IndxxMetaverse ETF,Financial,Exchange Traded Fund,USA,-,-,44.91,-0.06%,9,,,-0.06,9,Unknown,False,True,0.06,2.302585092994046,,Low,-0.09650205325429581
623,ARW,Arrow Electronics Inc,Technology,Electronics & Computer Distribution,USA,7.45B,13.33,145.85,-0.53%,"369,651",7450000000.0,13.33,-0.53,369651,Mid Cap,False,True,0.53,12.820317301494077,22.731479869472107,High,-0.21379993027350735
624,ARWG,Archer Growth ETF,Financial,Exchange Traded Fund,USA,-,-,23.5,1.54%,200,,,1.54,200,Unknown,True,False,1.54,5.303304908059076,,Low,0.30280986851323277
625,ARWR,Arrowhead Pharmaceuticals Inc,Healthcare,Biotechnology,USA,8.55B,39.68,61.03,-3.00%,"1,451,471",8550000000.000001,39.68,-3.0,1451471,Mid Cap,False,True,3.0,14.188088771871508,22.86919712001204,Mid,-0.8302377095021296
626,ARX,Accelerant Holdings,Financial,Insurance Brokers,Cayman Islands,3.00B,-,13.41,3.95%,"830,589",3000000000.0,,3.95,830589,Mid Cap,True,False,3.95,13.62989157061679,21.821878125947855,Very Low,0.9042734506755729
627,AS,Amer Sports Inc,Consumer Cyclical,Leisure,Finland,19.31B,43.88,33.4,-1.36%,"2,811,152",19310000000.0,43.88,-1.36,2811152,Large Cap,False,True,1.36,14.849105277436278,23.68388893343862,Low,-0.4209429896904128
628,ASA,ASA Gold and Precious Metals Ltd,Financial,Closed-End Fund - Equity,USA,1.19B,1.80,63.19,-2.69%,"62,812",1190000000.0,1.8,-2.69,62812,Small Cap,False,True,2.69,11.047917337402854,20.897219144910185,Mid,-0.752871024659671
629,ASAN,Asana Inc,Technology,Software - Application,USA,1.52B,-,6.37,0.63%,"3,571,616",1520000000.0,,0.63,3571616,Small Cap,True,False,0.63,15.088528992385402,21.141976172462492,Very Low,0.0757012130079509
630,ASB,Associated Banc-Corp,Financial,Banks - Regional,USA,4.31B,9.39,25.98,-0.73%,"2,448,622",4310000000.0,9.39,-0.73,2448622,Mid Cap,False,True,0.73,14.711036383700437,22.184203741294088,Low,-0.2637139204944484
631,ASBP,Aspire Biopharma Holdings Inc,Healthcare,Biotechnology,USA,5.12M,-,1.02,0.99%,"164,631",5120000.0,,0.99,164631,Micro Cap,True,False,0.99,12.011467959022385,15.448665192328171,Penny,0.16554639540564484
632,ASC,Ardmore Shipping Corp,Industrials,Marine Shipping,Bermuda,642.64M,17.79,15.75,3.48%,"411,483",642640000.0,17.79,3.48,411483,Small Cap,True,False,3.48,12.927525416204814,20.281095251385914,Very Low,0.7869755736563612
633,ASCE,Allspring SMID Core ETF,Financial,Exchange Traded Fund,USA,-,-,28.43,0.74%,"7,938",,,0.74,7938,Unknown,True,False,0.74,8.979542601725113,,Low,0.10315390762946848
634,ASCI,abrdn International Small Cap Active ETF,Financial,Exchange Traded Fund,USA,-,-,33.26,-1.60%,122,,,-1.6,122,Unknown,False,True,1.6,4.812184355372417,,Low,-0.4808397779555421
635,ASEA,Global X FTSE Southeast Asia ETF,Financial,Exchange Traded Fund,USA,-,-,19.43,-0.77%,"39,274",,,-0.77,39274,Unknown,False,True,0.77,10.578343463123822,,Very Low,-0.27369671853863664
636,ASG,Liberty All-Star Growth Fund Inc,Financial,Closed-End Fund - Equity,USA,304.26M,22.00,4.84,0.41%,"168,823",304260000.0,22.0,0.41,168823,Small Cap,True,False,0.41,12.03661203113215,19.533393160285918,Penny,0.020795823764915705
637,ASGI,abrdn Global Infrastructure Income Fund,Financial,Closed-End Fund - Equity,USA,661.43M,8.22,22.85,0.79%,"117,261",661430000.0,8.22,0.79,117261,Small Cap,True,False,0.79,11.67216602648737,20.309914717326,Low,0.11563240518470376
638,ASGM,Virtus AlphaSimplex Global Macro ETF,Financial,Exchange Traded Fund,USA,-,-,28.42,-0.10%,3,,,-0.1,3,Unknown,False,True,0.1,1.3862943611198906,,Low,-0.10648485129848402
639,ASGN,ASGN Inc,Technology,Information Technology Services,USA,1.61B,14.99,39.05,1.51%,"386,215",1610000000.0,14.99,1.51,386215,Small Cap,True,False,1.51,12.864152077429619,21.1995000165639,Low,0.2953227699800916
640,ASH,Ashland Inc,Basic Materials,Specialty Chemicals,USA,2.49B,-,54.39,-1.89%,"412,447",2490000000.0,,-1.89,412447,Mid Cap,False,True,1.89,12.929865416204507,21.635548547824634,Mid,-0.5532150637759067
641,ASHR,Xtrackers Harvest CSI 300 China A-Shares ETF,Financial,Exchange Traded Fund,USA,-,-,32.58,-0.55%,"4,290,877",,,-0.55,4290877,Unknown,False,True,0.55,15.27200193196845,,Low,-0.21879132929560147
642,ASHS,Xtrackers Harvest CSI 500 China A-Shares Small Cap ETF,Financial,Exchange Traded Fund,USA,-,-,40.19,-0.62%,"9,199",,,-0.62,9199,Unknown,False,True,0.62,9.126958763037132,,Low,-0.23626122587293083
643,ASIA,Matthews Pacific Tiger Active ETF,Financial,Exchange Traded Fund,USA,-,-,34.67,-1.41%,"1,014",,,-1.41,1014,Unknown,False,True,1.41,6.922643891475888,,Low,-0.43342148724564805
644,ASIC,Ategrity Specialty Insurance Company Holdings,Financial,Insurance - Property & Casualty,USA,957.97M,12.90,19.93,2.31%,"50,670",957970000.0,12.9,2.31,50670,Small Cap,True,False,2.31,10.833109033818927,20.680327021248594,Very Low,0.49497873086385596
645,ASIX,AdvanSix Inc,Basic Materials,Chemicals,USA,680.42M,14.02,25.32,0.88%,"673,456",680420000.0,14.02,0.88,673456,Small Cap,True,False,0.88,13.420179427211563,20.33822081399749,Low,0.13809370078412725
646,ASLE,AerSale Corp,Industrials,Airports & Air Services,USA,291.48M,32.19,6.17,-0.96%,"196,544",291480000.0,32.19,-0.96,196544,Micro Cap,False,True,0.96,12.188646691706795,19.490481954197122,Very Low,-0.32111500924853065
647,ASLV,Allspring Special Large Value ETF,Financial,Exchange Traded Fund,USA,-,-,27.85,-0.12%,"2,136",,,-0.12,2136,Unknown,False,True,0.12,7.667158255319148,,Low,-0.11147625032057813
648,ASM,Avino Silver & Gold Mines Ltd,Basic Materials,Other Precious Metals & Mining,Canada,1.10B,37.49,6.53,-0.91%,"4,192,799",1100000000.0,37.49,-0.91,4192799,Small Cap,False,True,0.91,15.248879326470094,20.818576017659826,Very Low,-0.30863651169329537
649,ASMB,Assembly Biosciences Inc,Healthcare,Biotechnology,USA,460.18M,-,29.01,-1.43%,"37,857",460180000.0,,-1.43,37857,Small Cap,False,True,1.43,10.541597597166165,19.947128277428725,Low,-0.43841288626774216
650,ASMF,Virtus AlphaSimplex Managed Futures ETF,Financial,Exchange Traded Fund,USA,-,-,25.38,0.30%,"13,918",,,0.3,13918,Unknown,True,False,0.3,9.5410100922274,,Low,-0.006656870856601882
651,ASMG,Leverage Shares 2X Long ASML Daily ETF,Financial,Exchange Traded Fund,USA,-,-,31.61,-6.18%,"167,166",,,-6.18,167166,Unknown,False,True,6.18,12.026748591731975,,Low,-1.6238701540150926
652,ASMH,ASML Holding NV ADRhedged,Financial,Exchange Traded Fund,USA,-,-,90.15,-2.44%,"2,873",,,-2.44,2873,Unknown,False,True,2.44,7.96346006663897,,Mid,-0.6904785368834947
653,ASML,ASML Holding NV,Technology,Semiconductor Equipment & Materials,Netherlands,507.69B,47.14,1317.23,-3.13%,"1,880,920",507690000000.0,47.14,-3.13,1880920,Mega Cap,False,True,3.13,14.447272108464452,26.953136862036484,Ultra High,-0.8626818031457413
654,ASMU,Direxion Daily ASML Bull 2X ETF,Financial,Exchange Traded Fund,USA,-,-,20.61,-6.70%,"135,672",,,-6.7,135672,Unknown,False,True,6.7,11.818002857713687,,Low,-1.7536465285895395
655,ASND,Ascendis Pharma A/S ADR,Healthcare,Biotechnology,Denmark,14.07B,-,229.25,0.44%,"752,485",14070000000.0,,0.44,752485,Large Cap,True,False,0.44,13.531137670780936,23.367310708143783,Very High,0.028282922298056876
656,ASNS,Actelis Networks Inc,Technology,Communication Equipment,USA,9.51M,-,0.36,-0.75%,"820,980",9510000.0,,-0.75,820980,Micro Cap,False,True,0.75,13.618255245657638,16.067854539674038,Penny,-0.26870531951654253
657,ASO,Academy Sports and Outdoors Inc,Consumer Cyclical,Specialty Retail,USA,3.69B,10.32,57.35,-0.59%,"1,438,095",3690000000.0,10.32,-0.59,1438095,Mid Cap,False,True,0.59,14.178830574422859,22.02889229526985,Mid,-0.22877412733978966
658,ASPC,A SPAC III Acquisition Corp,Financial,Shell Companies,Hong Kong,25.18M,446.89,10.77,-1.73%,969,25180000.0,446.89,-1.73,969,Micro Cap,False,True,1.73,6.877296071497429,17.041560626294533,Very Low,-0.5132838715991539
659,ASPI,ASP Isotopes Inc,Basic Materials,Chemicals,USA,536.72M,-,4.29,4.38%,"3,138,807",536720000.0,,4.38,3138807,Small Cap,True,False,4.38,14.95935366797695,20.100987103082076,Penny,1.011588529650596
660,ASPN,Aspen Aerogels Inc,Industrials,Building Products & Equipment,USA,305.63M,-,3.69,6.34%,"1,372,690",305630000.0,,6.34,1372690,Small Cap,True,False,6.34,14.132283604796607,19.53788578124972,Penny,1.5007456338158187
661,ASPS,Altisource Portfolio Solutions S.A,Real Estate,Real Estate Services,Luxembourg,76.90M,-,6.82,6.07%,"22,815",76900000.0,,6.07,22815,Micro Cap,True,False,6.07,10.035217323214022,18.158016447479774,Very Low,1.4333617470175484
662,ASR,Grupo Aeroportuario Del Sureste S.A. ADR,Industrials,Airports & Air Services,Mexico,9.62B,19.16,347.3,1.08%,"140,485",9620000000.0,19.16,1.08,140485,Mid Cap,True,False,1.08,11.852863118663018,22.987110101727975,Very High,0.18800769100506834
663,ASRT,Assertio Holdings Inc,Healthcare,Drug Manufacturers - Specialty & Generic,USA,123.81M,-,19.21,-3.37%,"126,263",123810000.0,,-3.37,126263,Micro Cap,False,True,3.37,11.746130232078754,18.634258698473765,Very Low,-0.9225785914108706
664,ASRV,Ameriserv Financial Inc,Financial,Banks - Regional,USA,62.94M,10.93,3.71,2.77%,"9,770",62940000.0,10.93,2.77,9770,Micro Cap,True,False,2.77,9.187174093944343,17.957692465488684,Penny,0.6097809083720204
665,ASST,Strive Inc,Financial,Asset Management,USA,674.30M,-,9.75,-4.04%,"2,549,048",674300000.0,,-4.04,2549048,Small Cap,False,True,4.04,14.751230906398282,20.32918567518783,Very Low,-1.0897904586510232
666,ASTC,Astrotech Corp,Technology,Scientific & Technical Instruments,USA,7.00M,-,3.98,-10.56%,"555,884",7000000.0,,-10.56,555884,Micro Cap,False,True,10.56,13.228316717307134,15.76142084987672,Penny,-2.7169865398537025
667,ASTE,Astec Industries Inc,Industrials,Farm & Heavy Construction Machinery,USA,1.26B,32.78,55.06,-1.98%,"143,184",1260000000.0,32.78,-1.98,143184,Small Cap,False,True,1.98,11.871892779418813,20.95437755870345,Mid,-0.5756763593753302
668,ASTH,Astrana Health Inc,Healthcare,Medical Care Facilities,USA,1.26B,54.92,25.05,2.20%,"302,665",1260000000.0,54.92,2.2,302665,Small Cap,True,False,2.2,12.620385166269722,20.95437755870345,Low,0.4675260362423384
669,ASTI,Ascent Solar Technologies Inc,Technology,Solar,USA,41.16M,-,4.35,12.11%,"628,484",41160000.0,,12.11,628484,Micro Cap,True,False,12.11,13.351067440379184,17.532977493225555,Penny,2.940764251689968
670,ASTL,Algoma Steel Group Inc,Basic Materials,Steel,Canada,434.41M,-,4.14,0.73%,"977,348",434410000.0,,0.73,977348,Small Cap,True,False,0.73,13.792599083205733,19.889499348878836,Penny,0.10065820811842142
671,ASTN,Defiance Daily Target 2X Short ASTS ETF,Financial,Exchange Traded Fund,USA,-,-,11.68,-21.24%,"3,014,436",,,-21.24,3014436,Unknown,False,True,21.24,14.918923637704987,,Very Low,-5.382393617651956
672,ASTS,AST SpaceMobile Inc,Technology,Communication Equipment,USA,35.38B,-,92.62,10.28%,"16,835,871",35380000000.0,,10.28,16835871,Large Cap,True,False,10.28,16.639022406087697,24.289412525706314,Mid,2.4840512411683573
673,ASTX,Tradr 2X Long ASTS Daily ETF,Financial,Exchange Traded Fund,USA,-,-,45.01,20.73%,"2,900,908",,,20.73,2900908,Unknown,True,False,20.73,14.880534694117916,,Low,5.092057230212529
674,ASUR,Asure Software Inc,Technology,Software - Application,USA,239.75M,-,8.45,1.32%,"64,278",239750000.0,,1.32,64278,Micro Cap,True,False,1.32,11.070988262792044,19.295107275898832,Very Low,0.24790447927019763
675,ASX,ASE Technology Holding Co.Ltd ADR,Technology,Semiconductors,Taiwan,48.73B,38.50,22.28,-0.89%,"4,899,403",48730000000.0,38.5,-0.89,4899403,Large Cap,False,True,0.89,15.404624123029944,24.609560693822345,Low,-0.30364511267120126
676,ASYS,Amtech Systems Inc,Technology,Semiconductor Equipment & Materials,USA,174.61M,-,12.12,1.42%,"104,110",174610000.0,,1.42,104110,Micro Cap,True,False,1.42,11.553212916647912,18.97806547922536,Very Low,0.2728614743806681
677,ATAI,AtaiBeckley Inc,Healthcare,Biotechnology,USA,1.38B,-,3.79,2.43%,"3,045,724",1380000000.0,,2.43,3045724,Small Cap,True,False,2.43,14.929249526024057,21.04534933684016,Penny,0.5249271249964206
678,ATAT,Atour Lifestyle Holdings Ltd ADR,Consumer Cyclical,Lodging,China,4.15B,22.56,36.48,-1.25%,"1,006,295",4150000000.0000005,22.56,-1.25,1006295,Mid Cap,False,True,1.25,13.821786820955758,22.146374171429983,Low,-0.3934902950688952
679,ATCH,AtlasClear Holdings Inc,Financial,Capital Markets,USA,29.29M,-,0.2,-3.02%,"835,807",29290000.0,,-3.02,835807,Micro Cap,False,True,3.02,13.636154200618007,17.19275675294526,Penny,-0.8352291085242238
680,ATCL,REX Autocallable Income ETF,Financial,Exchange Traded Fund,USA,-,-,24.21,-0.12%,"4,503",,,-0.12,4503,Unknown,False,True,0.12,8.412721169819527,,Low,-0.11147625032057813
681,ATCX,Atlas Critical Minerals Corp,Basic Materials,Other Precious Metals & Mining,Brazil,28.44M,-,5.69,-0.70%,"18,197",28440000.0,,-0.7,18197,Micro Cap,False,True,0.7,9.809066976916636,17.16330719806106,Very Low,-0.25622682196130725
682,ATEC,Alphatec Holdings Inc,Healthcare,Medical Devices,USA,1.64B,-,10.83,-3.82%,"2,105,539",1640000000.0,,-3.82,2105539,Small Cap,False,True,3.82,14.560082524266402,21.217962079392276,Very Low,-1.034885069407988
683,ATEN,A10 Networks Inc,Technology,Software - Infrastructure,USA,1.72B,41.80,23.99,-0.37%,"668,369",1720000000.0,41.8,-0.37,668369,Small Cap,False,True,0.37,13.41259719139268,21.265590128353168,Low,-0.1738687380967545
684,ATER,Aterian Inc,Consumer Cyclical,"Furnishings, Fixtures & Appliances",USA,6.53M,-,0.6,0.05%,"29,850",6530000.0,,0.05,29850,Micro Cap,True,False,0.05,10.303973619097128,15.69191765439196,Penny,-0.06904935863277822
685,ATEX,Anterix Inc,Communication Services,Telecom Services,USA,756.62M,9.29,40.39,3.27%,"227,230",756620000.0,9.29,3.27,227230,Small Cap,True,False,3.27,12.333722400183515,20.44437170518255,Low,0.734565883924373
686,ATFV,Alger 35 ETF,Financial,Exchange Traded Fund,USA,-,-,31.93,0.89%,"26,370",,,0.89,26370,Unknown,True,False,0.89,10.180020200509242,,Low,0.1405894002951743
687,ATGL,Alpha Technology Group Ltd,Technology,Software - Infrastructure,Hong Kong,246.44M,-,14.21,-7.78%,39,246440000.0,,-7.78,39,Micro Cap,False,True,7.78,3.6888794541139363,19.322629118168425,Very Low,-2.0231820757826213
688,ATHE,Alterity Therapeutics Ltd ADR,Healthcare,Biotechnology,Australia,64.46M,-,3.56,-2.22%,"2,871",64459999.99999999,,-2.22,2871,Micro Cap,False,True,2.22,7.962763930168115,17.981555449865063,Penny,-0.6355731476404596
689,ATHM,Autohome Inc ADR,Communication Services,Internet Content & Information,China,2.06B,10.66,17.36,-1.03%,"267,981",2060000000.0,10.66,-1.03,267981,Mid Cap,False,True,1.03,12.498675093058274,21.44597182023334,Very Low,-0.33858490582586004
690,ATHR,Aether Holdings Inc,Technology,Software - Application,USA,24.41M,-,2.01,-8.22%,"24,709",24410000.0,,-8.22,24709,Micro Cap,False,True,8.22,10.114963298982655,17.01050348333596,Penny,-2.132992854268692
691,ATI,ATI Inc,Industrials,Metal Fabrication,USA,20.08B,51.41,146.63,-3.05%,"2,211,651",20080000000.0,51.41,-3.05,2211651,Large Cap,False,True,3.05,14.609250305558724,23.722990131819742,High,-0.8427162070573648
692,ATII,Archimedes Tech SPAC Partners II Co,Financial,Shell Companies,USA,308.77M,38.61,10.42,0.10%,2,308770000.0,38.61,0.1,2,Small Cap,True,False,0.1,1.0986122886681098,19.54810722437509,Very Low,-0.05657086107754295
693,ATKR,Atkore Inc,Industrials,Electrical Equipment & Parts,USA,2.08B,-,61.51,2.11%,"335,159",2080000000.0,,2.11,335159,Mid Cap,True,False,2.11,12.722363308727223,21.455633731140406,Mid,0.44506474064291485
694,ATLC,Atlanticus Holdings Corp,Financial,Credit Services,USA,797.44M,8.97,53.45,-1.16%,"50,874",797440000.0,8.97,-1.16,50874,Small Cap,False,True,1.16,10.837126922744897,20.496917155937265,Mid,-0.3710289994694717
695,ATLN,Atlantic International Corp,Industrials,Staffing & Employment Services,USA,219.77M,-,3.51,0.00%,"26,794",219770000.0,,0.0,26794,Micro Cap,False,False,0.0,10.19597058192895,19.208092107452604,Penny,-0.08152785618801349
696,ATLO,Ames National Corp,Financial,Banks - Regional,USA,251.19M,13.25,28.36,-0.18%,"68,628",251190000.0,13.25,-0.18,68628,Micro Cap,False,True,0.18,11.136470464909157,19.341720186829775,Low,-0.12645044738686045
697,ATLX,Atlas Lithium Corporation,Basic Materials,Other Industrial Metals & Mining,Brazil,126.18M,-,4.65,4.97%,"376,144",126180000.0,,4.97,376144,Micro Cap,True,False,4.97,12.837729986330567,18.653220024832123,Penny,1.1588348008023723
698,ATMP,iPath Select MLP ETN,Financial,Exchange Traded Fund,USA,-,-,34.16,0.82%,"2,729",,,0.82,2729,Unknown,True,False,0.82,7.912056888179006,,Low,0.1231195037178449
699,ATMU,Atmus Filtration Technologies Inc,Consumer Cyclical,Auto Parts,USA,4.70B,23.01,57.62,-0.86%,"754,715",4700000000.0,23.01,-0.86,754715,Mid Cap,False,True,0.86,13.534096798525244,22.27082834587519,Mid,-0.29615801413806014
700,ATNI,ATN International Inc,Communication Services,Telecom Services,USA,420.77M,-,27.38,-0.18%,"58,022",420770000.0,,-0.18,58022,Small Cap,False,True,0.18,10.96859476264684,19.857596926447254,Low,-0.12645044738686045
701,ATNM,Actinium Pharmaceuticals Inc,Healthcare,Biotechnology,USA,30.76M,-,0.98,-0.97%,"59,299",30760000.0,,-0.97,59299,Micro Cap,False,True,0.97,10.990364584985818,17.24172573511147,Penny,-0.3236107087595777
702,ATO,Atmos Energy Corp,Utilities,Utilities - Regulated Gas,USA,31.26B,24.60,188.97,1.88%,"664,861",31260000000.0,24.6,1.88,664861,Large Cap,True,False,1.88,13.407334779305994,24.165605161971733,High,0.3876636518888326
703,ATOM,Atomera Inc,Technology,Semiconductor Equipment & Materials,USA,157.60M,-,4.07,0.74%,"538,917",157600000.0,,0.74,538917,Micro Cap,True,False,0.74,13.197318704736942,18.87557074173323,Penny,0.10315390762946848
704,ATON,AlphaTON Capital Corp,Financial,Asset Management,United Kingdom,7.41M,-,0.32,-2.65%,"564,845",7410000.0,,-2.65,564845,Micro Cap,False,True,2.65,13.244308406603931,15.818341132225028,Penny,-0.7428882266154828
705,ATOS,Atossa Therapeutics Inc,Healthcare,Biotechnology,USA,46.20M,-,5.36,4.99%,"71,488",46200000.0,,4.99,71488,Micro Cap,True,False,4.99,11.17729887069272,17.648490377696987,Very Low,1.1638261998244666
706,ATPC,Agape ATP Corp,Consumer Defensive,Packaged Foods,Malaysia,3.17M,-,3.17,25.79%,"449,730",3170000.0,,25.79,449730,Micro Cap,True,False,25.79,13.016404905228354,14.969242461310827,Penny,6.3548811828023375
707,ATR,Aptargroup Inc,Healthcare,Medical Instruments & Supplies,USA,8.11B,21.42,126.01,-0.58%,"297,467",8109999999.999999,21.42,-0.58,297467,Mid Cap,False,True,0.58,12.603061935157294,22.816363705197038,High,-0.2262784278287426
708,ATRA,Atara Biotherapeutics Inc,Healthcare,Biotechnology,USA,40.81M,1.71,4.99,-3.48%,"46,934",40810000.0,1.71,-3.48,46934,Micro Cap,False,True,3.48,10.756518944771091,17.524437731885786,Penny,-0.9500312860323883
709,ATRC,Atricure Inc,Healthcare,Medical Instruments & Supplies,USA,1.45B,-,29.07,2.68%,"512,138",1450000000.0,,2.68,512138,Small Cap,True,False,2.68,13.14635135155143,21.09482939406855,Low,0.5873196127725969
710,ATRO,Astronics Corp,Industrials,Aerospace & Defense,USA,2.46B,96.53,69.84,-1.24%,"419,662",2460000000.0,96.53,-1.24,419662,Mid Cap,False,True,1.24,12.947207287227275,21.623427187297185,Mid,-0.39099459555784816
711,ATS,ATS Corporation,Industrials,Specialty Industrial Machinery,Canada,2.79B,189.86,28.46,-1.52%,"83,079",2790000000.0,189.86,-1.52,83079,Mid Cap,False,True,1.52,11.327559277990048,21.749307433138107,Low,-0.46087418186716567
712,ATTR,Arin Tactical Tail Risk ETF,Financial,Exchange Traded Fund,USA,-,-,91.23,0.12%,238,,,0.12,238,Unknown,True,False,0.12,5.476463551931511,,Mid,-0.051579462055448846
713,ATXG,Addentax Group Corp,Industrials,Integrated Freight & Logistics,China,3.88M,-,4.97,-4.79%,"15,938",3880000.0,,-4.79,15938,Micro Cap,False,True,4.79,9.676524215119054,15.171345969331382,Penny,-1.2769679219795522
714,ATYR,Atyr Pharma Inc,Healthcare,Biotechnology,USA,83.04M,-,0.85,-0.46%,"703,901",83040000.0,,-0.46,703901,Micro Cap,False,True,0.46,13.464394420904872,18.23483298942424,Penny,-0.19633003369617796
715,AU,AngloGold Ashanti Plc,Basic Materials,Gold,United Kingdom,51.10B,19.62,101.22,-2.22%,"2,264,425",51100000000.0,19.62,-2.22,2264425,Large Cap,False,True,2.22,14.632831863149029,24.65705033417564,High,-0.6355731476404596
716,AUAU,Global X Gold Miners ETF,Financial,Exchange Traded Fund,USA,-,-,40.78,-1.00%,"1,641",,,-1.0,1641,Unknown,False,True,1.0,7.403670290012373,,Low,-0.33109780729271887
717,AUB,Atlantic Union Bankshares Corp,Financial,Banks - Regional,USA,5.15B,17.75,36.09,0.28%,"869,327",5150000000.0,17.75,0.28,869327,Mid Cap,True,False,0.28,13.675475778372427,22.36226255181623,Low,-0.01164826987869598
718,AUBN,Auburn National Bancorp Inc,Financial,Banks - Regional,USA,81.03M,11.17,23.19,0.73%,599,81030000.0,11.17,0.73,599,Micro Cap,True,False,0.73,6.396929655216146,18.210330026778017,Low,0.10065820811842142
719,AUDC,Audiocodes,Technology,Communication Equipment,Israel,233.49M,28.32,8.71,1.04%,"46,162",233490000.0,28.32,1.04,46162,Micro Cap,True,False,1.04,10.739933890404625,19.26864981188652,Very Low,0.17802489296088012
720,AUGM,FT Vest U.S. Equity Max Buffer ETF - August,Financial,Exchange Traded Fund,USA,-,-,33.98,-0.03%,"1,088",,,-0.03,1088,Unknown,False,True,0.03,6.9930151229329605,,Low,-0.08901495472115466
721,AUGO,Aura Minerals Inc,Basic Materials,Gold,USA,7.33B,-,87.69,0.34%,"1,226,678",7330000000.0,,0.34,1226678,Mid Cap,True,False,0.34,14.019821075774285,22.715241352981398,Mid,0.0033259271875863425
722,AUGP,PGIM S&P 500 Buffer 12 ETF - August,Financial,Exchange Traded Fund,USA,-,-,30.71,0.20%,"1,900",,,0.2,1900,Unknown,True,False,0.2,7.550135342488429,,Low,-0.03161386596707241
723,AUGT,AllianzIM U.S. Equity Buffer10 Aug ETF,Financial,Exchange Traded Fund,USA,-,-,35.08,0.05%,2,,,0.05,2,Unknown,True,False,0.05,1.0986122886681098,,Low,-0.06904935863277822
724,AUGU,AllianzIM U.S. Equity Buffer15 Uncapped Aug ETF,Financial,Exchange Traded Fund,USA,-,-,28.54,0.19%,"8,365",,,0.19,8365,Unknown,True,False,0.19,9.031931152002144,,Low,-0.03410956547811947
725,AUGW,AllianzIM U.S. Equity Buffer20 Aug ETF,Financial,Exchange Traded Fund,USA,-,-,32.34,0.03%,"1,449",,,0.03,1449,Unknown,True,False,0.03,7.27931883541462,,Low,-0.07404075765487232
726,AUGZ,TrueShares Structured Outcome (August) ETF,Financial,Exchange Traded Fund,USA,-,-,40.93,0.27%,"4,972",,,0.27,4972,Unknown,True,False,0.27,8.511778558714738,,Low,-0.014143969389743036
727,AUID,authID Inc,Technology,Software - Infrastructure,USA,19.36M,-,1.2,5.26%,"174,531",19360000.0,,5.26,174531,Micro Cap,True,False,5.26,12.069863384901188,16.778719691465596,Penny,1.231210086622737
728,AUMI,Themes Gold Miners ETF,Financial,Exchange Traded Fund,USA,-,-,99.01,-2.57%,"6,693",,,-2.57,6693,Unknown,False,True,2.57,8.808966881771273,,Mid,-0.7229226305271064
729,AUNA,Auna S.A,Healthcare,Medical Care Facilities,Luxembourg,418.91M,-,5.66,0.71%,"100,569",418910000.0,,0.71,100569,Small Cap,True,False,0.71,11.518609281438525,19.853166660065312,Very Low,0.09566680909632731
730,AUPH,Aurinia Pharmaceuticals Inc,Healthcare,Biotechnology,Canada,2.08B,7.52,15.61,0.90%,"1,256,233",2080000000.0,7.52,0.9,1256233,Mid Cap,True,False,0.9,14.043628914390007,21.455633731140406,Very Low,0.14308509980622136
731,AUR,Aurora Innovation Inc,Technology,Information Technology Services,USA,8.09B,-,4.15,-0.72%,"12,279,429",8090000000.0,,-0.72,12279429,Mid Cap,False,True,0.72,16.32343606266786,22.81389456814042,Penny,-0.26121822098340136
732,AURA,Aura Biosciences Inc,Healthcare,Biotechnology,USA,419.54M,-,6.54,-2.39%,"175,770",419540000.0,,-2.39,175770,Small Cap,False,True,2.39,12.07693729044376,19.85466943331848,Very Low,-0.6780000393282595
733,AURE,Aurelion Inc,Financial,Capital Markets,Hong Kong,85.11M,-,2.46,10.81%,"165,583",85110000.0,,10.81,165583,Micro Cap,True,False,10.81,12.017233897907955,18.259455107202644,Penny,2.6163233152538514
734,AUSF,Global X Adaptive U.S. Factor ETF,Financial,Exchange Traded Fund,USA,-,-,48.77,0.54%,"219,083",,,0.54,219083,Unknown,True,False,0.54,12.29721049690151,,Low,0.05323991740852742
735,AUSM,Allspring Ultra Short Municipal ETF,Financial,Exchange Traded Fund,USA,-,-,25.07,0.04%,"15,008",,,0.04,15008,Unknown,True,False,0.04,9.616405300156314,,Low,-0.07154505814382528
736,AUST,Austin Gold Corp,Basic Materials,Gold,Canada,21.09M,-,1.54,1.99%,"80,771",21090000.0,,1.99,80771,Micro Cap,True,False,1.99,11.299385649798714,16.864309599870793,Penny,0.41511634651035023
737,AUTL,Autolus Therapeutics plc ADR,Healthcare,Biotechnology,United Kingdom,375.26M,-,1.41,2.17%,"1,032,102",375260000.0,,2.17,1032102,Small Cap,True,False,2.17,13.847109026244889,19.743129679688323,Penny,0.4600389377091972
738,AUUD,Auddia Inc,Technology,Software - Application,USA,2.60M,-,5.2,-4.59%,"69,563",2600000.0,,-4.59,69563,Micro Cap,False,True,4.59,11.150002471127733,14.77102238760702,Very Low,-1.227053931758611
739,AVA,Avista Corp,Utilities,Utilities - Diversified,USA,3.40B,17.33,41.34,1.62%,"524,002",3400000000.0,17.33,1.62,524002,Mid Cap,True,False,1.62,13.16925268847763,21.947041268862645,Low,0.3227754646016092
740,AVAH,Aveanna Healthcare Holdings Inc,Healthcare,Medical Care Facilities,USA,1.39B,6.28,6.38,1.43%,"721,958",1390000000.0,6.28,1.43,721958,Small Cap,True,False,1.43,13.489723629558936,21.052569584808435,Very Low,0.27535717389171516
741,AVAL,Grupo Aval Acciones y Valores S.A. ADR,Financial,Banks - Regional,Colombia,1.64B,12.02,4.35,-0.68%,"63,146",1640000000.0,12.02,-0.68,63146,Small Cap,False,True,0.68,11.053220620711953,21.217962079392276,Penny,-0.25123542293921314
742,AVAV,AeroVironment Inc,Industrials,Aerospace & Defense,USA,9.21B,-,184.36,0.47%,"717,266",9210000000.0,,0.47,717266,Mid Cap,True,False,0.47,13.483203435200933,22.943555687322203,High,0.03577002083119803
743,AVB,Avalonbay Communities Inc,Real Estate,REIT - Residential,USA,23.26B,22.47,166.02,0.68%,"1,108,205",23260000000.0,22.47,0.68,1108205,Large Cap,True,False,0.68,13.918253049585894,23.870000984079923,High,0.08817971056318617
744,AVBC,Avidia Bancorp Inc,Financial,Banks - Regional,USA,396.51M,-,19.75,-0.15%,"34,347",396510000.0,,-0.15,34347,Small Cap,False,True,0.15,10.444299071792376,19.798211821924102,Very Low,-0.1189633488537193
745,AVBH,Avidbank Holdings Inc,Financial,Banks - Regional,USA,316.27M,-,28.8,0.31%,"31,396",316270000.0,,0.31,31396,Small Cap,True,False,0.31,10.3544676259307,19.572106840274945,Low,-0.004161171345554825
746,AVBP,ArriVent BioPharma Inc,Healthcare,Biotechnology,USA,1.10B,-,24.89,2.77%,"362,923",1100000000.0,,2.77,362923,Small Cap,True,False,2.77,12.8019487249356,20.818576017659826,Low,0.6097809083720204
747,AVD,American Vanguard Corp,Basic Materials,Agricultural Inputs,USA,69.07M,-,2.42,-0.41%,"263,218",69070000.0,,-0.41,263218,Micro Cap,False,True,0.41,12.480741664277687,18.05063105554322,Penny,-0.18385153614094268
748,AVDE,Avantis International Equity ETF,Financial,Exchange Traded Fund,USA,-,-,85.7,-0.52%,"1,462,630",,,-0.52,1462630,Unknown,False,True,0.52,14.195747426726331,,Mid,-0.2113042307624603
749,AVDS,Avantis International Small Cap Equity ETF,Financial,Exchange Traded Fund,USA,-,-,72.74,-0.99%,"35,941",,,-0.99,35941,Unknown,False,True,0.99,10.489661807091968,,Mid,-0.3286021077816718
750,AVDV,Avantis International Small Cap Value ETF,Financial,Exchange Traded Fund,USA,-,-,100.75,-0.97%,"2,371,919",,,-0.97,2371919,Unknown,False,True,0.97,14.679210311718176,,High,-0.3236107087595777
751,AVEE,Avantis Emerging Markets Small Cap Equity ETF,Financial,Exchange Traded Fund,USA,-,-,63.47,-1.00%,"5,189",,,-1.0,5189,Unknown,False,True,1.0,8.554488976159934,,Mid,-0.33109780729271887
752,AVEM,Avantis Emerging Markets Equity ETF,Financial,Exchange Traded Fund,USA,-,-,80.67,-0.75%,"2,402,418",,,-0.75,2402418,Unknown,False,True,0.75,14.691986704377893,,Mid,-0.26870531951654253
753,AVES,Avantis Emerging Markets Value ETF,Financial,Exchange Traded Fund,USA,-,-,60.04,-0.15%,"75,846",,,-0.15,75846,Unknown,False,True,0.15,11.23647343224762,,Mid,-0.1189633488537193
754,AVGB,Avantis Credit ETF,Financial,Exchange Traded Fund,USA,-,-,50.81,0.09%,"1,503",,,0.09,1503,Unknown,True,False,0.09,7.315883504509785,,Mid,-0.05906656058859001
755,AVGE,Avantis All Equity Markets ETF,Financial,Exchange Traded Fund,USA,-,-,88.55,-0.06%,"30,018",,,-0.06,30018,Unknown,False,True,0.06,10.30958579350671,,Mid,-0.09650205325429581
756,AVGG,Leverage Shares 2X Long AVGO Daily ETF,Financial,Exchange Traded Fund,USA,-,-,20.93,0.49%,"63,132",,,0.49,63132,Unknown,True,False,0.49,11.052998891221021,,Low,0.04076141985329214
757,AVGO,Broadcom Inc,Technology,Semiconductors,USA,1489.29B,61.36,314.55,0.34%,"13,952,428",1489290000000.0,61.36,0.34,13952428,Mega Cap,True,False,0.34,16.451164172937997,28.029320612252473,Very High,0.0033259271875863425
758,AVGU,GraniteShares 2x Long AVGO Daily ETF,Financial,Exchange Traded Fund,USA,-,-,26.83,0.36%,"30,788",,,0.36,30788,Unknown,True,False,0.36,10.334912762313824,,Low,0.008317326209680441
759,AVGV,Avantis All Equity Markets Value ETF,Financial,Exchange Traded Fund,USA,-,-,78.01,-0.03%,"16,468",,,-0.03,16468,Unknown,False,True,0.03,9.709235104874208,,Mid,-0.08901495472115466
760,AVGW,Roundhill AVGO WeeklyPay ETF,Financial,Exchange Traded Fund,USA,-,-,36.96,0.27%,"23,096",,,0.27,23096,Unknown,True,False,0.27,10.047458017946159,,Low,-0.014143969389743036
761,AVGX,Defiance Daily Target 2X Long AVGO ETF,Financial,Exchange Traded Fund,USA,-,-,36.03,0.50%,"262,995",,,0.5,262995,Unknown,True,False,0.5,12.479894101918767,,Low,0.043257119364339194
762,AVIE,Avantis Inflation Focused Equity ETF,Financial,Exchange Traded Fund,USA,-,-,72.6,0.12%,286,,,0.12,286,Unknown,True,False,0.12,5.659482215759621,,Mid,-0.051579462055448846
763,AVIG,Avantis Core Fixed Income ETF,Financial,Exchange Traded Fund,USA,-,-,41.69,0.30%,"187,044",,,0.3,187044,Unknown,True,False,0.3,12.13910450859838,,Low,-0.006656870856601882
764,AVIR,Atea Pharmaceuticals Inc,Healthcare,Biotechnology,USA,458.91M,-,5.76,1.95%,"442,906",458910000.0,,1.95,442906,Small Cap,True,False,1.95,13.001115094708497,19.944364672546634,Very Low,0.405133548466162
765,AVIV,Avantis International Large Cap Value ETF,Financial,Exchange Traded Fund,USA,-,-,75.52,-0.37%,"116,168",,,-0.37,116168,Unknown,False,True,0.37,11.662801306396098,,Mid,-0.1738687380967545
766,AVK,Advent Convertible and Income Fund,Financial,Closed-End Fund - Debt,USA,509.48M,4.29,11.54,1.50%,"211,461",509480000.0,4.29,1.5,211461,Small Cap,True,False,1.5,12.261800592295323,20.04890115764862,Very Low,0.29282707046904455
767,AVL,Direxion Daily AVGO Bull 2X ETF,Financial,Exchange Traded Fund,USA,-,-,33.94,0.54%,"210,240",,,0.54,210240,Unknown,True,False,0.54,12.256009770735869,,Low,0.05323991740852742
768,AVLC,Avantis U.S. Large Cap Equity ETF,Financial,Exchange Traded Fund,USA,-,-,78.19,-0.18%,"234,237",,,-0.18,234237,Unknown,False,True,0.18,12.364092971467267,,Mid,-0.12645044738686045
769,AVLV,Avantis U.S. Large Cap Value ETF,Financial,Exchange Traded Fund,USA,-,-,80.95,-0.01%,"868,957",,,-0.01,868957,Unknown,False,True,0.01,13.675050071664108,,Mid,-0.08402355569906055
770,AVMA,Avantis Moderate Allocation ETF,Financial,Exchange Traded Fund,USA,-,-,67.61,0.00%,"4,958",,,0.0,4958,Unknown,False,False,0.0,8.508959386489133,,Mid,-0.08152785618801349
771,AVMC,Avantis U.S. Mid Cap Equity ETF,Financial,Exchange Traded Fund,USA,-,-,72.76,0.18%,"24,268",,,0.18,24268,Unknown,True,False,0.18,10.096955094740336,,Mid,-0.036605264989166525
772,AVMU,Avantis Core Municipal Fixed Income ETF,Financial,Exchange Traded Fund,USA,-,-,45.97,0.23%,"7,763",,,0.23,7763,Unknown,True,False,0.23,8.957252944288902,,Low,-0.024126767433931252
773,AVMV,Avantis U.S. Mid Cap Value ETF,Financial,Exchange Traded Fund,USA,-,-,74.26,0.08%,"24,067",,,0.08,24067,Unknown,True,False,0.08,10.088638436340242,,Mid,-0.061562260099637056
774,AVNM,Avantis All International Markets Equity ETF,Financial,Exchange Traded Fund,USA,-,-,76.77,-0.72%,"64,574",,,-0.72,64574,Unknown,False,True,0.72,11.075582617964042,,Mid,-0.26121822098340136
775,AVNS,Avanos Medical Inc,Healthcare,Medical Devices,USA,648.78M,-,13.95,-0.99%,"334,444",648780000.0,,-0.99,334444,Small Cap,False,True,0.99,12.720227720517027,20.29060423569113,Very Low,-0.3286021077816718
776,AVNT,Avient Corp,Basic Materials,Specialty Chemicals,USA,3.21B,39.26,35.07,-3.65%,"588,370",3210000000.0,39.26,-3.65,588370,Mid Cap,False,True,3.65,13.28511298029495,21.88953677439986,Low,-0.9924581777201882
777,AVNV,Avantis All International Markets Value ETF,Financial,Exchange Traded Fund,USA,-,-,78.85,-0.70%,"8,220",,,-0.7,8220,Unknown,False,True,0.7,9.014447135152134,,Mid,-0.25622682196130725
778,AVNW,Aviat Networks Inc,Technology,Communication Equipment,USA,260.69M,17.87,20.2,2.72%,"299,816",260690000.0,17.87,2.72,299816,Micro Cap,True,False,2.72,12.610927567512643,19.378842523737802,Low,0.5973024108167851
779,AVO,Mission Produce Inc,Consumer Defensive,Food Distribution,USA,1.02B,31.05,14.44,4.11%,"906,976",1020000000.0,31.05,4.11,906976,Small Cap,True,False,4.11,13.7178723704516,20.743068465222983,Very Low,0.9442046428523257
780,AVOS,Avos Global Equities ETF,Financial,Exchange Traded Fund,USA,-,-,24.75,-0.49%,567,,,-0.49,567,Unknown,False,True,0.49,6.342121418721152,,Low,-0.20381713222931913
781,AVPT,AvePoint Inc,Technology,Software - Infrastructure,USA,2.14B,66.00,9.94,2.26%,"1,294,083",2140000000.0000002,66.0,2.26,1294083,Mid Cap,True,False,2.26,14.073313666928367,21.484071666447463,Very Low,0.48250023330862063
782,AVR,Anteris Technologies Global Corp,Healthcare,Medical Instruments & Supplies,USA,534.78M,-,5.5,3.38%,"527,308",534780000.0,,3.38,527308,Small Cap,True,False,3.38,13.175541993455589,20.097366007204883,Very Low,0.7620185785458907
783,AVRE,Avantis Real E state ETF,Financial,Exchange Traded Fund,USA,-,-,44.8,1.06%,"78,793",,,1.06,78793,Unknown,True,False,1.06,11.274592130815032,,Low,0.18301629198297423
784,AVRY,Avory Foundational ETF,Financial,Exchange Traded Fund,USA,-,-,21.48,0.42%,"11,407",,,0.42,11407,Unknown,True,False,0.42,9.342070142654077,,Low,0.02329152327596276
785,AVS,Direxion Daily AVGO Bear 1X ETF,Financial,Exchange Traded Fund,USA,-,-,10.09,-0.17%,"310,369",,,-0.17,310369,Unknown,False,True,0.17,12.645520413135802,,Very Low,-0.12395474787581341
786,AVSC,Avantis U.S Small Cap Equity ETF,Financial,Exchange Traded Fund,USA,-,-,62.99,0.47%,"85,453",,,0.47,85453,Unknown,True,False,0.47,11.355733498448721,,Mid,0.03577002083119803
787,AVSD,Avantis Responsible International Equity ETF,Financial,Exchange Traded Fund,USA,-,-,74.45,-0.67%,"5,457",,,-0.67,5457,Unknown,False,True,0.67,8.604837701268284,,Mid,-0.2487397234281661
788,AVSE,Avantis Responsible Emerging Markets Equity ETF,Financial,Exchange Traded Fund,USA,-,-,66.75,-0.86%,"5,056",,,-0.86,5056,Unknown,False,True,0.86,8.528528701079983,,Mid,-0.29615801413806014
789,AVSF,Avantis Short-Term Fixed Income ETF,Financial,Exchange Traded Fund,USA,-,-,46.87,0.05%,"51,163",,,0.05,51163,Unknown,True,False,0.05,10.842791438719283,,Low,-0.06904935863277822
790,AVSU,Avantis Responsible U.S. Equity ETF,Financial,Exchange Traded Fund,USA,-,-,74.71,0.08%,"4,811",,,0.08,4811,Unknown,True,False,0.08,8.47886807709457,,Mid,-0.061562260099637056
791,AVT,Avnet Inc,Technology,Electronics & Computer Distribution,USA,5.06B,25.34,61.87,-1.65%,"611,429",5060000000.0,25.34,-1.65,611429,Mid Cap,False,True,1.65,13.323555754948535,22.344632320443413,Mid,-0.49331827551077734
792,AVTM,Avantis Total Equity Markets ETF,Financial,Exchange Traded Fund,USA,-,-,47.45,0.09%,636,,,0.09,636,Unknown,True,False,0.09,6.456769655572163,,Low,-0.05906656058859001
793,AVTR,Avantor Inc,Healthcare,Medical Instruments & Supplies,USA,5.39B,-,7.9,1.67%,"5,095,065",5390000000.0,,1.67,5095065,Mid Cap,True,False,1.67,15.443783178431412,22.407811222052846,Very Low,0.3352539621568445
794,AVTX,Avalo Therapeutics Inc,Healthcare,Biotechnology,USA,404.72M,-,17.76,6.35%,"1,108,935",404720000.0,,6.35,1108935,Small Cap,True,False,6.35,13.918911555018907,19.8187060304188,Very Low,1.5032413333268657
795,AVUQ,Avantis U.S. Quality ETF,Financial,Exchange Traded Fund,USA,-,-,57.36,0.07%,"5,347",,,0.07,5347,Unknown,True,False,0.07,8.584477938221834,,Mid,-0.06405795961068411
796,AVUS,Avantis U.S. Equity ETF,Financial,Exchange Traded Fund,USA,-,-,112.0,0.08%,"297,923",,,0.08,297923,Unknown,True,False,0.08,12.604593699403907,,High,-0.061562260099637056
797,AVUV,Avantis U.S. Small Cap Value ETF,Financial,Exchange Traded Fund,USA,-,-,111.42,0.68%,"1,232,033",,,0.68,1232033,Unknown,True,False,0.68,14.024177020097397,,High,0.08817971056318617
798,AVX,AVAX One Technology Ltd,Financial,Asset Management,Canada,52.29M,-,0.58,2.16%,"248,491",52290000.0,,2.16,248491,Micro Cap,True,False,2.16,12.423165930841655,17.77231572528843,Penny,0.4575432381981502
799,AVXC,Avantis Emerging Markets ex-China Equity ETF,Financial,Exchange Traded Fund,USA,-,-,67.73,-1.01%,"20,330",,,-1.01,20330,Unknown,False,True,1.01,9.919902093804223,,Mid,-0.3335935068037659
800,AVXL,Anavex Life Sciences Corporation,Healthcare,Biotechnology,USA,277.09M,-,2.99,-3.55%,"1,165,229",277090000.0,,-3.55,1165229,Micro Cap,False,True,3.55,13.968429050388913,19.439852924736098,Penny,-0.9675011826097175
801,AVXX,Defiance Daily Target 2x Long AVAV ETF,Financial,Exchange Traded Fund,USA,-,-,10.5,0.52%,"52,122",,,0.52,52122,Unknown,True,False,0.52,10.861361589060426,,Very Low,0.048248518386433306
802,AVY,Avery Dennison Corp,Consumer Cyclical,Packaging & Containers,USA,13.19B,19.51,171.47,-0.94%,"468,164",13190000000.0,19.51,-0.94,468164,Large Cap,False,True,0.94,13.056576076866229,23.30272480375145,High,-0.31612361022643654
803,AWAY,Amplify Travel Tech ETF,Financial,Exchange Traded Fund,USA,-,-,16.04,-1.05%,"4,754",,,-1.05,4754,Unknown,False,True,1.05,8.46695197497949,,Very Low,-0.34357630484795415
804,AWF,AllianceBernstein Global High Income Fund Inc,Financial,Closed-End Fund - Debt,USA,864.02M,11.79,10.02,-1.28%,"510,024",864020000.0,11.79,-1.28,510024,Small Cap,False,True,1.28,13.14221502310693,20.577106475805945,Very Low,-0.4009773936020364
805,AWI,Armstrong World Industries Inc,Industrials,Building Products & Equipment,USA,7.07B,23.32,165.03,-0.42%,"397,573",7070000000.0,23.32,-0.42,397573,Mid Cap,False,True,0.42,12.893136359272258,22.679126316996335,High,-0.18634723565198974
806,AWK,American Water Works Co. Inc,Utilities,Utilities - Regulated Water,USA,26.97B,24.25,138.14,0.99%,"1,608,148",26970000000.0,24.25,0.99,1608148,Large Cap,True,False,0.99,14.290594386119762,24.017990974135127,High,0.16554639540564484
807,AWP,abrdn Global Premier Properties Fund,Financial,Closed-End Fund - Foreign,USA,340.41M,54.14,11.37,0.62%,"181,889",340410000.0,54.14,0.62,181889,Small Cap,True,False,0.62,12.111157387733886,19.645661334372917,Very Low,0.07320551349690384
808,AWR,American States Water Co,Utilities,Utilities - Regulated Water,USA,3.03B,23.05,77.59,1.85%,"205,969",3030000000.0,23.05,1.85,205969,Mid Cap,True,False,1.85,12.235485806098524,21.831828456797723,Mid,0.3801765533556915
809,AWRE,Aware Inc,Technology,Software - Application,USA,28.30M,-,1.31,0.77%,"17,002",28300000.0,,0.77,17002,Micro Cap,True,False,0.77,9.741145078057485,17.158372397949154,Penny,0.11064100616260965
810,AWX,Avalon Holdings Corp,Industrials,Waste Management,USA,10.14M,31.59,2.6,0.39%,"2,345",10140000.0,31.59,0.39,2345,Micro Cap,True,False,0.39,7.76046702921342,16.131998654746635,Penny,0.015804424742821607
811,AX,Axos Financial Inc,Financial,Banks - Regional,USA,4.84B,10.81,85.36,-0.71%,"276,713",4840000000.0,10.81,-0.71,276713,Mid Cap,False,True,0.71,12.530739760808764,22.300180557881564,Mid,-0.2587225214723543
812,AXG,Solowin Holdings,Financial,Capital Markets,Hong Kong,692.59M,-,3.68,4.25%,"705,005",692590000.0,,4.25,705005,Small Cap,True,False,4.25,13.465961592396487,20.355948752923965,Penny,0.9791444360069844
813,AXGN,Axogen Inc,Healthcare,Medical Devices,USA,1.79B,-,34.44,2.56%,"615,259",1790000000.0,,2.56,615259,Small Cap,True,False,2.56,13.32980022167668,21.305481457357732,Low,0.5573712186400323
814,AXIA,Axia Energia ADR,Utilities,Utilities - Renewable,Brazil,22.56B,26.30,11.51,-0.43%,"4,081,690",22560000000.0,26.3,-0.43,4081690,Large Cap,False,True,0.43,15.222021921299511,23.839444263620596,Very Low,-0.1888429351630368
815,AXIL,AXIL Brands Inc,Technology,Consumer Electronics,USA,47.89M,44.11,7.04,0.28%,"4,941",47890000.0,44.11,0.28,4941,Micro Cap,True,False,0.28,8.505525386548555,17.684417293199978,Very Low,-0.01164826987869598
816,AXIN,Axiom Intelligence Acquisition Corp 1,Financial,Shell Companies,United Kingdom,276.21M,56.43,10.13,-0.10%,144,276210000.0,56.43,-0.1,144,Micro Cap,False,True,0.1,4.976733742420574,19.436672007552573,Very Low,-0.10648485129848402
817,AXON,Axon Enterprise Inc,Industrials,Aerospace & Defense,USA,33.19B,270.68,412.81,-2.54%,"1,071,217",33189999999.999996,270.68,-2.54,1071217,Large Cap,False,True,2.54,13.884306876802686,24.225514462708425,Very High,-0.7154355319939651
818,AXP,American Express Co,Financial,Credit Services,USA,206.11B,19.51,300.18,-0.42%,"2,100,044",206110000000.0,19.51,-0.42,2100044,Mega Cap,False,True,0.42,14.557469331035492,26.051675843806468,Very High,-0.18634723565198974
819,AXPG,Leverage Shares 2x Long AXP Daily ETF,Financial,Exchange Traded Fund,USA,-,-,10.95,-0.82%,"5,692",,,-0.82,5692,Unknown,False,True,0.82,8.646992628951082,,Very Low,-0.2861752160938719
820,AXR,AMREP Corp,Real Estate,Real Estate - Development,USA,147.80M,11.58,27.86,-0.68%,"4,990",147800000.0,11.58,-0.68,4990,Micro Cap,False,True,0.68,8.515391569469609,18.811370573244275,Low,-0.25123542293921314
821,AXS,Axis Capital Holdings Ltd,Financial,Insurance - Specialty,Bermuda,7.52B,8.20,101.67,1.78%,"423,476",7520000000.0,8.2,1.78,423476,Mid Cap,True,False,1.78,12.956254482272405,22.74083197504114,High,0.3627066567783621
822,AXSM,Axsome Therapeutics Inc,Healthcare,Biotechnology,USA,8.62B,-,168.51,-1.91%,"617,018",8620000000.0,,-1.91,617018,Mid Cap,False,True,1.91,13.33265509657871,22.87735092173802,High,-0.5582064627980008
823,AXTA,Axalta Coating Systems Ltd,Basic Materials,Specialty Chemicals,USA,5.72B,15.42,26.82,-3.04%,"2,712,603",5720000000.0,15.42,-3.04,2712603,Mid Cap,False,True,3.04,14.813419617109679,22.467234642512942,Low,-0.8402205075463178
824,AXTI,AXT Inc,Technology,Semiconductor Equipment & Materials,USA,2.94B,-,52.84,12.09%,"15,837,010",2940000000.0,,12.09,15837010,Mid Cap,True,False,12.09,16.577860227049616,21.80167541863714,Mid,2.935772852667874
825,AYI,Acuity Inc,Industrials,Electrical Equipment & Parts,USA,8.14B,19.46,265.39,-7.52%,"906,150",8140000000.000001,19.46,-7.52,906150,Mid Cap,False,True,7.52,13.716961237804437,22.82005601708371,Very High,-1.9582938884953978
826,AYTU,Aytu BioPharma Inc,Healthcare,Drug Manufacturers - Specialty & Generic,USA,28.76M,-,2.68,1.52%,"55,345",28760000.0,,1.52,55345,Micro Cap,True,False,1.52,10.921359668136029,17.174496125587634,Penny,0.29781846949113866
827,AZ,A2Z Cust2Mate Solutions Corp,Technology,Software - Application,Canada,320.35M,-,7.48,0.00%,"354,795",320350000.0,,0.0,354795,Small Cap,False,False,0.0,12.779298255396851,19.584924709170892,Very Low,-0.08152785618801349
828,AZI,Autozi Internet Technology (Global) Ltd,Consumer Cyclical,Auto & Truck Dealerships,China,8.87M,-,1.95,-5.34%,"41,695",8870000.0,,-5.34,41695,Micro Cap,False,True,5.34,10.638160479924572,15.998185467025328,Penny,-1.4142313950871401
829,AZN,Astrazeneca plc,Healthcare,Drug Manufacturers - General,United Kingdom,315.58B,31.07,203.49,1.37%,"2,049,273",315580000000.0,31.07,1.37,2049273,Mega Cap,True,False,1.37,14.532996142048502,26.477678052557103,Very High,0.2603829768254329
830,AZO,Autozone Inc,Consumer Cyclical,Auto Parts,USA,56.03B,23.82,3400.54,-0.76%,"75,839",56030000000.0,23.82,-0.76,75839,Large Cap,False,True,0.76,11.236381136928904,24.749153098541452,Ultra High,-0.2712010190275896
831,AZTA,Azenta Inc,Healthcare,Medical Instruments & Supplies,USA,1.04B,-,22.63,6.85%,"1,103,286",1040000000.0,,6.85,1103286,Small Cap,True,False,6.85,13.913804463845661,20.76248655106123,Low,1.6280263088792184
832,AZTD,Aztlan Global Stock Selection DM SMID ETF,Financial,Exchange Traded Fund,USA,-,-,29.21,-0.45%,67,,,-0.45,67,Unknown,False,True,0.45,4.219507705176107,,Low,-0.1938343341851309
833,AZTR,Azitra Inc,Healthcare,Biotechnology,USA,3.80M,-,0.23,-3.10%,"937,906",3800000.0,,-3.1,937906,Micro Cap,False,True,3.1,13.751406075951426,15.150511887854474,Penny,-0.8551947046126003
834,AZYY,GraniteShares YieldBoost AMZN ETF,Financial,Exchange Traded Fund,USA,-,-,16.11,-1.15%,"1,001",,,-1.15,1001,Unknown,False,True,1.15,6.90975328164481,,Very Low,-0.36853329995842465
835,AZZ,AZZ Inc,Industrials,Specialty Business Services,USA,3.77B,11.88,126.38,0.10%,"99,606",3770000000.0,11.88,0.1,99606,Mid Cap,True,False,0.1,11.508987722227586,22.050340838671584,High,-0.05657086107754295
836,B,Barrick Mining Corp,Basic Materials,Gold,Canada,69.76B,14.12,41.64,-1.33%,"12,368,667",69760000000.0,14.12,-1.33,12368667,Large Cap,False,True,1.33,16.33067705870012,24.96832661656147,Low,-0.41345589115727166
837,BA,Boeing Co,Industrials,Aerospace & Defense,USA,163.52B,109.83,208.22,0.43%,"6,614,690",163520000000.0,109.83,0.43,6614690,Large Cap,True,False,0.43,15.704803642422013,25.820201143967868,Very High,0.025787222787009817
838,BAB,Invesco Taxable Municipal Bond ETF,Financial,Exchange Traded Fund,USA,-,-,26.88,-0.15%,"350,728",,,-0.15,350728,Unknown,False,True,0.15,12.767769124468833,,Low,-0.1189633488537193
839,BABA,Alibaba Group Holding Ltd ADR,Consumer Cyclical,Internet Retail,China,274.24B,22.69,122.05,-1.36%,"8,797,764",274240000000.0,22.69,-1.36,8797764,Mega Cap,False,True,1.36,15.990008269918018,26.337269472359473,High,-0.4209429896904128
840,BABO,YieldMax BABA Option Income Strategy ETF,Financial,Exchange Traded Fund,USA,-,-,10.06,-2.14%,"20,048",,,-2.14,20048,Unknown,False,True,2.14,9.90593455617918,,Very Low,-0.6156075515520831
841,BABU,Direxion Daily BABA Bull 2X ETF,Financial,Exchange Traded Fund,USA,-,-,12.82,-3.26%,"27,587",,,-3.26,27587,Unknown,False,True,3.26,10.225136174551182,,Very Low,-0.895125896789353
842,BABW,Roundhill BABA WeeklyPay ETF,Financial,Exchange Traded Fund,USA,-,-,27.91,-2.03%,"9,637",,,-2.03,9637,Unknown,False,True,2.03,9.173468897200278,,Low,-0.5881548569305655
843,BABX,GraniteShares 2x Long BABA Daily ETF,Financial,Exchange Traded Fund,USA,-,-,23.3,-2.80%,"358,714",,,-2.8,358714,Unknown,False,True,2.8,12.790283480320976,,Low,-0.7803237192811885
844,BAC,Bank Of America Corp,Financial,Banks - Diversified,USA,354.38B,12.92,49.38,0.22%,"27,500,466",354380000000.0,12.92,0.22,27500466,Mega Cap,True,False,0.22,17.129713544310793,26.593635620679155,Low,-0.02662246694497831
845,BACC,Blue Acquisition Corp,Financial,Shell Companies,USA,286.05M,113.04,10.23,0.10%,"1,247",286050000.0,113.04,0.1,1247,Micro Cap,True,False,0.1,7.129297548929373,19.471677182174705,Very Low,-0.05657086107754295
846,BAER,Bridger Aerospace Group Holdings Inc,Industrials,Security & Protection Services,USA,112.97M,-,2.02,1.51%,"263,415",112970000.0,,1.51,263415,Micro Cap,True,False,1.51,12.481489810561882,18.54263286355502,Penny,0.2953227699800916
847,BAFE,Brown Advisory Flexible Equity ETF,Financial,Exchange Traded Fund,USA,-,-,25.42,-0.10%,"125,424",,,-0.1,125424,Unknown,False,True,0.1,11.739463249352454,,Low,-0.10648485129848402
848,BAFN,BayFirst Financial Corp,Financial,Banks - Regional,USA,27.77M,-,6.76,4.48%,"8,898",27770000.0,,4.48,8898,Micro Cap,True,False,4.48,9.093694189856862,17.139466895293065,Very Low,1.0365455247610669
849,BAGY,Amplify Bitcoin Max Income Covered Call ETF,Financial,Exchange Traded Fund,USA,-,-,27.69,-1.63%,"5,475",,,-1.63,5475,Unknown,False,True,1.63,8.60813018640834,,Low,-0.4883268764886832
850,BAH,Booz Allen Hamilton Holding Corp,Industrials,Consulting Services,USA,10.03B,12.36,83.13,3.43%,"1,560,093",10030000000.0,12.36,3.43,1560093,Large Cap,True,False,3.43,14.260256633820632,23.028846439019958,Mid,0.774497076101126
851,BAI,iShares A.I. Innovation and Tech Active ETF,Financial,Exchange Traded Fund,USA,-,-,34.22,0.44%,"4,045,061",,,0.44,4045061,Unknown,True,False,0.44,15.213007435922158,,Low,0.028282922298056876
852,BAIG,Leverage Shares 2X Long BBAI Daily ETF,Financial,Exchange Traded Fund,USA,-,-,2.95,8.74%,"442,147",,,8.74,442147,Unknown,True,False,8.74,12.999399946641848,,Penny,2.0997135164671112
853,BAIV,Brown Advisory International Value Select ETF,Financial,Exchange Traded Fund,USA,-,-,23.85,-0.45%,"5,648",,,-0.45,5648,Unknown,False,True,0.45,8.639233817325263,,Low,-0.1938343341851309
854,BAK,Braskem S.A. ADR,Basic Materials,Chemicals,Brazil,622.83M,-,3.61,2.27%,"1,264,359",622830000.0,,2.27,1264359,Small Cap,True,False,2.27,14.050076623264816,20.249784167926418,Penny,0.48499593281966774
855,BALI,iShares U.S. Large Cap Premium Income Active ETF,Financial,Exchange Traded Fund,USA,-,-,30.74,0.20%,"211,020",,,0.2,211020,Unknown,True,False,0.2,12.259712933572164,,Low,-0.03161386596707241
856,BALL,Ball Corp,Consumer Cyclical,Packaging & Containers,USA,15.96B,18.06,59.97,-0.66%,"1,522,828",15960000000.0,18.06,-0.66,1522828,Large Cap,False,True,0.66,14.236080347175708,23.49335142903073,Mid,-0.24624402391711905
857,BALQ,iShares Nasdaq Premium Income Active ETF,Financial,Exchange Traded Fund,USA,-,-,46.34,0.23%,"41,915",,,0.23,41915,Unknown,True,False,0.23,10.643422894594833,,Low,-0.024126767433931252
858,BALT,Innovator Defined Wealth Shield ETF,Financial,Exchange Traded Fund,USA,-,-,33.52,0.03%,"609,814",,,0.03,609814,Unknown,True,False,0.03,13.320910911462688,,Low,-0.07404075765487232
859,BALY,Ballys Corporation,Consumer Cyclical,Resorts & Casinos,USA,468.37M,-,9.65,2.55%,"46,387",468370000.0,,2.55,46387,Small Cap,True,False,2.55,10.744796084076594,19.96476914194938,Very Low,0.5548755191289853
860,BAM,Brookfield Asset Management Ltd,Financial,Asset Management,USA,72.82B,29.08,44.45,0.84%,"4,755,854",72820000000.0,29.08,0.84,4755854,Large Cap,True,False,0.84,15.374887048523169,25.01125647970743,Low,0.12811090273993903
861,BAMA,Brookstone Active ETF,Financial,Exchange Traded Fund,USA,-,-,33.25,-0.10%,"7,172",,,-0.1,7172,Unknown,False,True,0.1,8.878079256126435,,Low,-0.10648485129848402
862,BAMB,Brookstone Intermediate Bond ETF,Financial,Exchange Traded Fund,USA,-,-,26.27,0.13%,"7,978",,,0.13,7978,Unknown,True,False,0.13,8.984568369308281,,Low,-0.04908376254440179
863,BAMD,Brookstone Dividend Stock ETF,Financial,Exchange Traded Fund,USA,-,-,31.36,0.67%,"6,409",,,0.67,6409,Unknown,True,False,0.67,8.765614549914716,,Low,0.08568401105213912
864,BAMG,Brookstone Growth Stock ETF,Financial,Exchange Traded Fund,USA,-,-,36.99,0.06%,"8,106",,,0.06,8106,Unknown,True,False,0.06,9.000483164987708,,Low,-0.06655365912173117
865,BAMO,Brookstone Opportunities ETF,Financial,Exchange Traded Fund,USA,-,-,31.93,0.04%,"4,060",,,0.04,4060,Unknown,True,False,0.04,8.309184527686298,,Low,-0.07154505814382528
866,BAMU,Brookstone Ultra-Short Bond ETF,Financial,Exchange Traded Fund,USA,-,-,25.25,0.00%,"7,435",,,0.0,7435,Unknown,False,False,0.0,8.914088348841334,,Low,-0.08152785618801349
867,BAMV,Brookstone Value Stock ETF,Financial,Exchange Traded Fund,USA,-,-,32.7,0.27%,"7,416",,,0.27,7416,Unknown,True,False,0.27,8.911529941736559,,Low,-0.014143969389743036
868,BAMY,Brookstone Yield ETF,Financial,Exchange Traded Fund,USA,-,-,27.44,0.18%,"8,588",,,0.18,8588,Unknown,True,False,0.18,9.058237593766226,,Low,-0.036605264989166525
869,BANC,Banc of California Inc,Financial,Banks - Regional,USA,2.81B,15.06,17.63,-0.45%,"2,424,626",2810000000.0,15.06,-0.45,2424626,Mid Cap,False,True,0.45,14.701188256090077,21.756450320647936,Very Low,-0.1938343341851309
870,BAND,Bandwidth Inc,Technology,Software - Infrastructure,USA,566.53M,-,18.05,0.67%,"209,595",566530000.0,,0.67,209595,Small Cap,True,False,0.67,12.252937147277457,20.155040595547295,Very Low,0.08568401105213912
871,BANF,Bancfirst Corp,Financial,Banks - Regional,USA,3.66B,15.34,109.07,-0.14%,"56,429",3660000000.0,15.34,-0.14,56429,Mid Cap,False,True,0.14,10.940756210963185,22.02072898463291,High,-0.11646764934267224
872,BANL,CBL International Ltd,Energy,Oil & Gas Midstream,Malaysia,19.31M,-,0.7,-7.45%,"138,225",19310000.0,,-7.45,138225,Micro Cap,False,True,7.45,11.836645305761262,16.776133706191334,Penny,-1.9408239919180685
873,BANR,Banner Corp,Financial,Banks - Regional,USA,2.10B,10.92,61.6,0.33%,"170,708",2100000000.0,10.92,0.33,170708,Mid Cap,True,False,0.33,12.047715631469995,21.465203182151978,Mid,0.0008302276765392864
874,BANX,ArrowMark Financial Corp,Financial,Closed-End Fund - Debt,USA,151.36M,7.85,19.38,0.83%,"43,903",151360000.0,7.85,0.83,43903,Micro Cap,True,False,0.83,10.689760711085556,18.835171669874608,Very Low,0.12561520322889197
875,BAOS,Baosheng Media Group Holdings Ltd,Communication Services,Advertising Agencies,China,3.90M,-,2.54,-0.68%,"4,374",3900000.0,,-0.68,4374,Micro Cap,False,True,0.68,8.383661798791715,15.176487367510099,Penny,-0.25123542293921314
876,BAP,Credicorp Ltd,Financial,Banks - Regional,Peru,27.04B,13.93,339.98,-0.38%,"175,926",27040000000.0,13.93,-0.38,175926,Large Cap,False,True,0.38,12.077824415251015,24.02058308815816,Very High,-0.17636443760780154
877,BAPR,Innovator U.S. Equity Buffer ETF - April,Financial,Exchange Traded Fund,USA,-,-,49.36,0.02%,"82,370",,,0.02,82370,Unknown,True,False,0.02,11.318988712203959,,Low,-0.07653645716591938
878,BAR,GraniteShares Gold Trust,Financial,Exchange Traded Fund,USA,-,-,46.03,-1.92%,"516,798",,,-1.92,516798,Unknown,False,True,1.92,13.155409296464137,,Low,-0.5607021623090478
879,BARK,BARK Inc,Consumer Cyclical,Specialty Retail,USA,85.73M,-,9.92,-5.34%,"100,604",85730000.0,,-5.34,100604,Micro Cap,False,True,5.34,11.518957237201947,18.266713392319467,Very Low,-1.4142313950871401
880,BASG,Brown Advisory Sustainable Growth ETF,Financial,Exchange Traded Fund,USA,-,-,22.77,0.02%,"28,172",,,0.02,28172,Unknown,True,False,0.02,10.246119351472723,,Low,-0.07653645716591938
881,BASV,Brown Advisory Sustainable Value ETF,Financial,Exchange Traded Fund,USA,-,-,27.03,-0.17%,"12,602",,,-0.17,12602,Unknown,False,True,0.17,9.441690159837492,,Low,-0.12395474787581341
882,BATL,Battalion Oil Corp,Energy,Oil & Gas E&P,USA,76.86M,-,4.21,9.35%,"43,512,831",76860000.0,,9.35,43512831,Micro Cap,True,False,9.35,17.588566441064106,18.15749615611164,Penny,2.2519511866409814
883,BATRA,Atlanta Braves Holdings Inc,Communication Services,Entertainment,USA,2.81B,-,48.65,3.58%,"70,891",2810000000.0,,3.58,70891,Mid Cap,True,False,3.58,11.16891287117503,21.756450320647936,Low,0.8119325687668318
884,BATRK,Atlanta Braves Holdings Inc,Communication Services,Entertainment,USA,2.81B,-,43.89,3.51%,"249,402",2810000000.0,,3.51,249402,Mid Cap,True,False,3.51,12.426825341025014,21.756450320647936,Low,0.7944626721895024
885,BATT,Amplify Lithium & Battery Technology ETF,Financial,Exchange Traded Fund,USA,-,-,14.98,-0.40%,"24,824",,,-0.4,24824,Unknown,False,True,0.4,10.119606488913373,,Very Low,-0.18135583662989566
886,BAUG,Innovator U.S. Equity Buffer ETF - August,Financial,Exchange Traded Fund,USA,-,-,49.17,0.08%,"1,210",,,0.08,1210,Unknown,True,False,0.08,7.099201743553092,,Low,-0.061562260099637056
887,BAX,Baxter International Inc,Healthcare,Medical Instruments & Supplies,USA,8.58B,-,16.68,-0.60%,"6,513,497",8580000000.0,,-0.6,6513497,Mid Cap,False,True,0.6,15.68938719706513,22.87269975056283,Very Low,-0.23126982685083672
888,BAYA,Bayview Acquisition Corp,Financial,Shell Companies,USA,32.65M,403.39,11.9,-0.42%,12,32650000.0,403.39,-0.42,12,Micro Cap,False,True,0.42,2.5649493574615367,17.301355444314584,Very Low,-0.18634723565198974
889,BB,BlackBerry Ltd,Technology,Software - Infrastructure,Canada,2.04B,184.04,3.46,2.98%,"7,801,657",2040000000.0,184.04,2.98,7801657,Mid Cap,True,False,2.98,15.869846833173836,21.436215645292734,Penny,0.6621905981040085
890,BBAG,JPMorgan BetaBuilders U.S. Aggregate Bond ETF,Financial,Exchange Traded Fund,USA,-,-,46.09,0.22%,"301,198",,,0.22,301198,Unknown,True,False,0.22,12.615526454849244,,Low,-0.02662246694497831
891,BBAI,BigBear.ai Holdings Inc,Technology,Information Technology Services,USA,1.70B,-,3.58,4.68%,"23,002,192",1700000000.0,,4.68,23002192,Small Cap,True,False,4.68,16.951100117174196,21.253894088596816,Penny,1.0864595149820078
892,BBAR,BBVA Argentina ADR,Financial,Banks - Regional,Argentina,3.27B,17.55,16.01,-1.66%,"595,765",3270000000.0,17.55,-1.66,595765,Mid Cap,False,True,1.66,13.297603251503412,21.908055822161383,Very Low,-0.4958139750218244
893,BBAX,JPMorgan BetaBuilders Developed Asia Pacific ex-Japan ETF,Financial,Exchange Traded Fund,USA,-,-,59.92,-0.20%,"257,704",,,-0.2,257704,Unknown,False,True,0.2,12.459570798858131,,Mid,-0.13144184640895457
894,BBB,Cyber Hornet S&P 500 and Bitcoin 75 /25 Strategy ETF,Financial,Exchange Traded Fund,USA,-,-,26.82,-0.40%,"3,331",,,-0.4,3331,Unknown,False,True,0.4,8.111328003286733,,Low,-0.18135583662989566
895,BBBI,BondBloxx BBB Rated 5-10 Year Corporate Bond ETF,Financial,Exchange Traded Fund,USA,-,-,51.41,0.21%,"44,455",,,0.21,44455,Unknown,True,False,0.21,10.702255214959758,,Mid,-0.029118166456025364
896,BBBL,BondBloxx BBB Rated 10+ Year Corporate Bond ETF,Financial,Exchange Traded Fund,USA,-,-,47.67,0.60%,2,,,0.6,2,Unknown,True,False,0.6,1.0986122886681098,,Low,0.06821411447480973
897,BBBS,BondBloxx BBB Rated 1-5 Year Corporate Bond ETF,Financial,Exchange Traded Fund,USA,-,-,51.05,0.13%,"41,924",,,0.13,41924,Unknown,True,False,0.13,10.64363758669141,,Mid,-0.04908376254440179
898,BBBY,Bed Bath & Beyond Inc,Consumer Cyclical,Internet Retail,USA,320.33M,-,4.62,-0.86%,"2,003,509",320330000.0,,-0.86,2003509,Small Cap,False,True,0.86,14.510411200311166,19.584862275506833,Penny,-0.29615801413806014
899,BBC,Virtus Biotech Clinical Trials ETF,Financial,Exchange Traded Fund,USA,-,-,42.84,0.98%,"11,975",,,0.98,11975,Unknown,True,False,0.98,9.390659926099465,,Low,0.16305069589459778
900,BBCA,JPMorgan BetaBuilders Canada ETF,Financial,Exchange Traded Fund,USA,-,-,94.92,0.31%,"331,652",,,0.31,331652,Unknown,True,False,0.31,12.711844520593477,,Mid,-0.004161171345554825
901,BBCB,JPMorgan BetaBuilders USD Investment Grade Corporate Bond ETF,Financial,Exchange Traded Fund,USA,-,-,45.31,0.41%,"5,146",,,0.41,5146,Unknown,True,False,0.41,8.546169299652755,,Low,0.020795823764915705
902,BBCP,Concrete Pumping Holdings Inc,Industrials,Engineering & Construction,USA,352.56M,75.30,6.98,-1.97%,"77,998",352560000.0,75.3,-1.97,77998,Small Cap,False,True,1.97,11.264451285076724,19.680731381334404,Very Low,-0.5731806598642831
903,BBCQ,Bleichroeder Acquisition Corp II,Financial,Shell Companies,USA,383.68M,-,10.01,-0.20%,"3,797",383680000.0,,-0.2,3797,Small Cap,False,True,0.2,8.242229891372231,19.76531943240976,Very Low,-0.13144184640895457
904,BBD,Banco Bradesco S.A. ADR,Financial,Banks - Regional,Brazil,19.33B,9.12,3.66,-1.88%,"29,498,954",19330000000.0,9.12,-1.88,29498954,Large Cap,False,True,1.88,17.1998653969538,23.684924130218384,Penny,-0.5507193642648596
905,BBDC,Barings BDC Inc,Financial,Asset Management,USA,876.40M,8.64,8.37,2.57%,"649,839",876400000.0,8.64,2.57,649839,Small Cap,True,False,2.57,13.384481457724835,20.591333166826615,Very Low,0.5598669181510793
906,BBEM,JPMorgan BetaBuilders Emerging Markets Equity ETF,Financial,Exchange Traded Fund,USA,-,-,65.63,-1.10%,"1,088",,,-1.1,1088,Unknown,False,True,1.1,6.9930151229329605,,Mid,-0.35605480240318943
907,BBEU,JPMorgan BetaBuilders Europe ETF,Financial,Exchange Traded Fund,USA,-,-,73.01,-0.69%,"377,968",,,-0.69,377968,Unknown,False,True,0.69,12.842567460656662,,Mid,-0.2537311224502602
908,BBGI,Beasley Broadcast Group Inc,Communication Services,Broadcasting,USA,5.79M,-,3.21,-5.31%,"7,502",5790000.0,,-5.31,7502,Micro Cap,False,True,5.31,8.923058219545728,15.571643022260735,Penny,-1.406744296553999
909,BBH,VanEck Biotech ETF,Financial,Exchange Traded Fund,USA,-,-,187.79,-0.82%,"3,193",,,-0.82,3193,Unknown,False,True,0.82,8.069029328774958,,High,-0.2861752160938719
910,BBHL,BBH Select Large Cap ETF,Financial,Exchange Traded Fund,USA,-,-,15.1,0.23%,"82,396",,,0.23,82396,Unknown,True,False,0.23,11.319304307467794,,Very Low,-0.024126767433931252
911,BBHM,BBH Select Mid Cap ETF,Financial,Exchange Traded Fund,USA,-,-,11.17,0.72%,"222,232",,,0.72,222232,Unknown,True,False,0.72,12.311481660011912,,Very Low,0.09816250860737437
912,BBHY,JPMorgan BetaBuilders USD High Yield Corporate Bond ETF,Financial,Exchange Traded Fund,USA,-,-,45.75,0.18%,"69,943",,,0.18,69943,Unknown,True,False,0.18,11.155450200860727,,Low,-0.036605264989166525
913,BBIB,JPMorgan BetaBuilders U.S. Treasury Bond 3-10 Year ETF,Financial,Exchange Traded Fund,USA,-,-,98.43,0.11%,242,,,0.11,242,Unknown,True,False,0.11,5.493061443340548,,Mid,-0.0540751615664959
914,BBIN,JPMorgan BetaBuilders International Equity ETF,Financial,Exchange Traded Fund,USA,-,-,73.89,-0.58%,"361,257",,,-0.58,361257,Unknown,False,True,0.58,12.797347663492294,,Mid,-0.2262784278287426
915,BBIO,BridgeBio Pharma Inc,Healthcare,Biotechnology,USA,14.18B,-,73.15,-1.75%,"1,229,903",14180000000.0,,-1.75,1229903,Large Cap,False,True,1.75,14.022446675522147,23.375098358120916,Mid,-0.5182752706212479
916,BBJP,JPMorgan BetaBuilders Japan ETF,Financial,Exchange Traded Fund,USA,-,-,69.6,-1.49%,"1,616,328",,,-1.49,1616328,Unknown,False,True,1.49,14.295668086450638,,Mid,-0.4533870833340245
917,BBLB,JPMorgan BetaBuilders U.S. Treasury Bond 20+ Year ETF,Financial,Exchange Traded Fund,USA,-,-,82.13,0.59%,764,,,0.59,764,Unknown,True,False,0.59,6.639875833826536,,Mid,0.06571841496376267
918,BBLG,Bone Biologics Corp,Healthcare,Biotechnology,USA,2.23M,-,1.24,6.90%,"24,542",2230000.0,,6.9,24542,Micro Cap,True,False,6.9,10.108181960181808,14.617512591866694,Penny,1.6405048064344538
919,BBLU,EA Bridgeway Blue Chip ETF,Financial,Exchange Traded Fund,USA,-,-,14.81,0.37%,"110,408",,,0.37,110408,Unknown,True,False,0.37,11.611946931241546,,Very Low,0.010813025720727497
920,BBMC,JPMorgan BetaBuilders U.S. Mid Cap Equity ETF,Financial,Exchange Traded Fund,USA,-,-,110.07,0.55%,"113,026",,,0.55,113026,Unknown,True,False,0.55,11.635382007206424,,High,0.055735616919574474
921,BBN,BlackRock Taxable Municipal Bond Trust,Financial,Closed-End Fund - Debt,USA,992.39M,12.65,16.06,-0.56%,"104,694",992390000.0,12.65,-0.56,104694,Small Cap,False,True,0.56,11.558806640226416,20.715626734156796,Very Low,-0.22128702880664852
922,BBNX,Beta Bionics Inc,Healthcare,Medical Devices,USA,440.71M,-,9.93,-0.80%,"612,133",440710000.0,,-0.8,612133,Small Cap,False,True,0.8,13.324706491775846,19.903897622996976,Very Low,-0.2811838170717778
923,BBOT,BridgeBio Oncology Therapeutics Inc,Healthcare,Biotechnology,USA,713.09M,-,8.91,-1.33%,"164,718",713090000.0,,-1.33,164718,Small Cap,False,True,1.33,12.011996270775034,20.38511819902391,Very Low,-0.41345589115727166
924,BBP,Virtus Biotech ETF,Financial,Exchange Traded Fund,USA,-,-,83.7,-0.03%,"2,743",,,-0.03,2743,Unknown,False,True,0.03,7.917171988845776,,Mid,-0.08901495472115466
925,BBRE,JPMorgan BetaBuilders MSCI U.S. REIT ETF,Financial,Exchange Traded Fund,USA,-,-,97.29,1.10%,"8,248",,,1.1,8248,Unknown,True,False,1.1,9.017847259860732,,Mid,0.19299909002716245
926,BBSB,JPMorgan BetaBuilders U.S. Treasury Bond 1-3 Year ETF,Financial,Exchange Traded Fund,USA,-,-,98.57,0.06%,"5,886",,,0.06,5886,Unknown,True,False,0.06,8.68050180902826,,Mid,-0.06655365912173117
927,BBSC,JPMorgan BetaBuilders U.S. Small Cap Equity ETF,Financial,Exchange Traded Fund,USA,-,-,76.01,0.72%,"21,423",,,0.72,21423,Unknown,True,False,0.72,9.972267067930954,,Mid,0.09816250860737437
928,BBSI,Barrett Business Services Inc,Industrials,Staffing & Employment Services,USA,745.51M,14.16,29.58,2.35%,"155,922",745510000.0,14.16,2.35,155922,Small Cap,True,False,2.35,11.957117574632568,20.429579107236698,Low,0.5049615289080441
929,BBT,Beacon Financial Corp,Financial,Banks - Regional,USA,2.54B,23.62,30.25,0.00%,"975,736",2540000000.0,23.62,0.0,975736,Mid Cap,False,False,0.0,13.790948361869301,21.655429918370558,Low,-0.08152785618801349
930,BBU,Brookfield Business Partners L.P,Industrials,Conglomerates,Canada,2.76B,-,31.46,0.00%,0,2760000000.0,,0.0,0,Mid Cap,False,False,0.0,0.0,21.738496517037788,Low,-0.08152785618801349
931,BBUC,Brookfield Business Corp,Financial,Asset Management,USA,3.27B,-,34.47,3.05%,"207,228",3270000000.0,,3.05,207228,Mid Cap,True,False,3.05,12.241579740963745,21.908055822161383,Low,0.6796604946813379
932,BBUS,JPMorgan BetaBuilders U.S. Equity ETF,Financial,Exchange Traded Fund,USA,-,-,118.2,0.14%,"252,437",,,0.14,252437,Unknown,True,False,0.14,12.438920952992095,,High,-0.046588063033354735
933,BBVA,Banco Bilbao Vizcaya Argentaria S.A. ADR,Financial,Banks - Diversified,Spain,124.75B,10.60,21.92,0.46%,"1,502,619",124750000000.0,10.6,0.46,1502619,Large Cap,True,False,0.46,14.222720809090829,25.549577571586056,Low,0.033274321320150985
934,BBW,Build A Bear Workshop Inc,Consumer Cyclical,Specialty Retail,USA,492.85M,9.54,38.07,2.64%,"253,980",492850000.0,9.54,2.64,253980,Small Cap,True,False,2.64,12.445014740053173,20.015715428104738,Low,0.5773368147284087
935,BBWI,Bath & Body Works Inc,Consumer Cyclical,Specialty Retail,USA,3.74B,5.89,18.57,-3.93%,"4,471,943",3740000000.0,5.89,-3.93,4471943,Mid Cap,False,True,3.93,15.313333771377307,22.042351448640233,Very Low,-1.0623377640295057
936,BBY,Best Buy Co. Inc,Consumer Cyclical,Specialty Retail,USA,13.49B,12.78,64.5,0.30%,"2,565,297",13490000000.0,12.78,0.3,2565297,Large Cap,True,False,0.3,14.757585209175943,23.325214507240204,Mid,-0.006656870856601882
937,BBYY,GraniteShares YieldBOOST BABA ETF,Financial,Exchange Traded Fund,USA,-,-,12.99,-2.12%,448,,,-2.12,448,Unknown,False,True,2.12,6.1070228877422545,,Very Low,-0.6106161525299889
938,BC,Brunswick Corp,Consumer Cyclical,Recreational Vehicles,USA,4.75B,-,73.3,0.31%,"488,264",4750000000.0,,0.31,488264,Mid Cap,True,False,0.31,13.098613570233221,22.28141045520349,Mid,-0.004161171345554825
939,BCAB,BioAtla Inc,Healthcare,Biotechnology,USA,10.80M,-,0.13,-3.12%,"1,065,956",10800000.0,,-3.12,1065956,Micro Cap,False,True,3.12,13.87938354518327,16.195056784687036,Penny,-0.8601861036346943
940,BCACU,Brookline Capital Acquisition Corp II,Financial,Shell Companies,USA,-,-,,-,0,,,,0,Unknown,False,False,,0.0,,,
941,BCAL,California BanCorp,Financial,Banks - Regional,USA,574.13M,9.22,17.76,-0.45%,"144,935",574130000.0,9.22,-0.45,144935,Small Cap,False,True,0.45,11.884047544655846,20.16836641121893,Very Low,-0.1938343341851309
942,BCAR,D. Boral ARC Acquisition I Corp,Financial,Shell Companies,USA,417.36M,93.62,10.13,0.10%,"5,696",417360000.0,93.62,0.1,5696,Small Cap,True,False,0.1,8.647694999480395,19.849459719074424,Very Low,-0.05657086107754295
943,BCAT,BlackRock Capital Allocation Term Trust,Financial,Closed-End Fund - Equity,USA,1.50B,6.75,14.31,-0.35%,"419,026",1500000000.0,6.75,-0.35,419026,Small Cap,False,True,0.35,12.945690635968974,21.12873094572124,Very Low,-0.16887733907466038
944,BCAX,Bicara Therapeutics Inc,Healthcare,Biotechnology,USA,1.41B,-,21.47,4.73%,"919,780",1410000000.0,,4.73,919780,Small Cap,True,False,4.73,13.731890877210116,21.066855542045708,Low,1.0989380125372432
945,BCBP,BCB Bancorp Inc (NJ),Financial,Banks - Regional,USA,156.58M,-,9.02,-1.10%,"128,699",156580000.0,,-1.1,128699,Micro Cap,False,True,1.1,11.765239393584219,18.869077625830553,Very Low,-0.35605480240318943
946,BCC,Boise Cascade Co,Basic Materials,Lumber & Wood Production,USA,2.62B,20.84,73.2,-2.50%,"412,388",2620000000.0,20.84,-2.5,412388,Mid Cap,False,True,2.5,12.929722357636328,21.686440155101096,Mid,-0.7054527339497769
947,BCCC,Global X Bitcoin Covered Call ETF,Financial,Exchange Traded Fund,USA,-,-,13.57,-0.52%,"14,229",,,-0.52,14229,Unknown,False,True,0.52,9.563107691083898,,Very Low,-0.2113042307624603
948,BCD,abrdn Bloomberg All Comm Longer Dt Strategy K-1 Free ETF,Financial,Exchange Traded Fund,USA,-,-,35.64,0.14%,"276,749",,,0.14,276749,Unknown,True,False,0.14,12.530869850570884,,Low,-0.046588063033354735
949,BCDA,BioCardia Inc,Healthcare,Biotechnology,USA,13.13M,-,1.2,3.45%,"93,454",13130000.0,,3.45,93454,Micro Cap,True,False,3.45,11.445235316000279,16.390410322440438,Penny,0.7794884751232202
950,BCDF,Horizon Kinetics Blockchain Development ETF,Financial,Exchange Traded Fund,USA,-,-,31.1,1.31%,723,,,1.31,723,Unknown,True,False,1.31,6.584791392385716,,Low,0.24540877975915057
951,BCE,BCE Inc,Communication Services,Telecom Services,Canada,22.80B,5.00,24.45,-3.66%,"7,590,262",22800000000.0,5.0,-3.66,7590262,Large Cap,False,True,3.66,15.842376799627875,23.850026372950666,Low,-0.9949538772312352
952,BCFN,Baron Financials ETF,Financial,Exchange Traded Fund,USA,-,-,20.92,0.64%,"1,048",,,0.64,1048,Unknown,True,False,0.64,6.955592608396297,,Low,0.07819691251899795
953,BCG,Binah Capital Group Inc,Financial,Asset Management,USA,38.61M,25.38,2.31,-2.94%,"744,646",38610000.0,25.38,-2.94,744646,Micro Cap,False,True,2.94,13.520665559567565,17.469021894140443,Penny,-0.8152635124358474
954,BCGD,Baron Global Durable Advantage ETF,Financial,Exchange Traded Fund,USA,-,-,23.63,-0.57%,"10,195",,,-0.57,10195,Unknown,False,True,0.57,9.229750765496005,,Low,-0.22378272831769555
955,BCGS,Bancreek Global Select ETF,Financial,Exchange Traded Fund,USA,-,-,24.49,-0.32%,406,,,-0.32,406,Unknown,False,True,0.32,6.008813185442595,,Low,-0.16139024054151924
956,BCH,Banco de Chile ADR,Financial,Banks - Regional,Chile,18.37B,14.66,36.38,-2.31%,"341,416",18370000000.0,14.66,-2.31,341416,Large Cap,False,True,2.31,12.74085988306467,23.63398473622788,Low,-0.658034443239883
957,BCHI,GMO Beyond China ETF,Financial,Exchange Traded Fund,USA,-,-,32.01,-1.35%,652,,,-1.35,652,Unknown,False,True,1.35,6.481577129276431,,Low,-0.41844729017936577
958,BCHP,Principal Focused Blue Chip ETF,Financial,Exchange Traded Fund,USA,-,-,33.02,0.24%,"13,079",,,0.24,13079,Unknown,True,False,0.24,9.47883962501119,,Low,-0.021631067922884203
959,BCHT,Birchtech Corp,Industrials,Pollution & Treatment Controls,USA,48.93M,-,1.86,-3.63%,"118,483",48930000.0,,-3.63,118483,Micro Cap,False,True,3.63,11.682533209344108,17.705901283702666,Penny,-0.987466778698094
960,BCI,abrdn Bloomberg All Commodity Strategy K-1 Free ETF,Financial,Exchange Traded Fund,USA,-,-,24.67,2.45%,"997,029",,,2.45,997029,Unknown,True,False,2.45,13.812536138762084,,Low,0.5299185240185148
961,BCIC,BCP Investment Corp,Financial,Asset Management,USA,94.63M,10.11,7.64,1.19%,"77,967",94630000.0,10.11,1.19,77967,Micro Cap,True,False,1.19,11.264053765083288,18.36548511905189,Very Low,0.2154603856265859
962,BCIL,Bancreek International Large Cap ETF,Financial,Exchange Traded Fund,USA,-,-,26.62,-1.01%,"16,446",,,-1.01,16446,Unknown,False,True,1.01,9.707898368741269,,Low,-0.3335935068037659
963,BCKT,LifeX 2030 Income Bucket ETF,Financial,Exchange Traded Fund,USA,-,-,43.42,-1.82%,6,,,-1.82,6,Unknown,False,True,1.82,1.9459101490553132,,Low,-0.5357451671985773
964,BCLO,iShares BBB-B CLO Active ETF,Financial,Exchange Traded Fund,USA,-,-,49.01,0.51%,"13,105",,,0.51,13105,Unknown,True,False,0.51,9.480825419599443,,Low,0.04575281887538625
965,BCML,BayCom Corp,Financial,Banks - Regional,USA,324.33M,13.65,29.73,0.44%,"7,760",324330000.0,13.65,0.44,7760,Small Cap,True,False,0.44,8.95686647085414,19.597272077020342,Low,0.028282922298056876
966,BCO,Brink's Co,Industrials,Security & Protection Services,USA,4.25B,22.00,103.32,-0.06%,"353,558",4250000000.0,22.0,-0.06,353558,Mid Cap,False,True,0.06,12.775805652796635,22.17018482011803,High,-0.09650205325429581
967,BCOR,Grayscale Bitcoin Adopters ETF,Financial,Exchange Traded Fund,USA,-,-,21.06,-1.06%,647,,,-1.06,647,Unknown,False,True,1.06,6.473890696352274,,Low,-0.3460720043590012
968,BCPC,Balchem Corp,Basic Materials,Specialty Chemicals,USA,5.46B,35.88,170.42,-0.85%,"175,647",5460000000.0,35.88,-0.85,175647,Mid Cap,False,True,0.85,12.076237271349616,22.420714626886376,High,-0.29366231462701303
969,BCPL,BNY Mellon Core Plus ETF,Financial,Exchange Traded Fund,USA,-,-,24.8,0.22%,"75,860",,,0.22,75860,Unknown,True,False,0.22,11.236657997333701,,Low,-0.02662246694497831
970,BCRX,Biocryst Pharmaceuticals Inc,Healthcare,Drug Manufacturers - Specialty & Generic,USA,2.26B,7.50,9.02,-3.84%,"7,820,211",2260000000.0,7.5,-3.84,7820211,Mid Cap,False,True,3.84,15.87222222212845,21.538630650673085,Very Low,-1.039876468430082
971,BCS,Barclays plc ADR,Financial,Banks - Diversified,United Kingdom,74.88B,9.32,21.8,-0.14%,"7,607,648",74880000000.0,9.32,-0.14,7607648,Large Cap,False,True,0.14,15.844664746496393,25.039152669129102,Low,-0.11646764934267224
972,BCSF,Bain Capital Specialty Finance Inc,Financial,Asset Management,USA,816.05M,8.26,12.58,2.28%,"548,630",816050000.0,8.26,2.28,548630,Small Cap,True,False,2.28,13.215181363362722,20.519986186786394,Very Low,0.48749163233071474
973,BCSM,Baron SMID Cap ETF,Financial,Exchange Traded Fund,USA,-,-,21.9,0.69%,"3,514",,,0.69,3514,Unknown,True,False,0.69,8.164794804244766,,Low,0.0906754100742332
974,BCSS,Bain Capital GSS Investment Corp,Financial,Shell Companies,USA,589.84M,138.36,10.1,-0.10%,"1,800",589840000.0,138.36,-0.1,1800,Small Cap,False,True,0.1,7.496097345175956,20.195361873341046,Very Low,-0.10648485129848402
975,BCTK,Baron Technology ETF,Financial,Exchange Traded Fund,USA,-,-,23.69,0.19%,"11,744",,,0.19,11744,Unknown,True,False,0.19,9.371182897093012,,Low,-0.03410956547811947
976,BCTX,BriaCell Therapeutics Corp,Healthcare,Biotechnology,Canada,29.72M,-,4.1,-0.97%,"112,028",29720000.0,,-0.97,112028,Micro Cap,False,True,0.97,11.626513045332443,17.20733081146121,Penny,-0.3236107087595777
977,BCUS,Bancreek U.S. Large Cap ETF,Financial,Exchange Traded Fund,USA,-,-,32.28,-0.03%,"11,744",,,-0.03,11744,Unknown,False,True,0.03,9.371182897093012,,Low,-0.08901495472115466
978,BCV,Bancroft Fund Ltd,Financial,Closed-End Fund - Debt,USA,126.11M,2.94,21.66,-1.68%,"25,662",126110000.0,2.94,-1.68,25662,Micro Cap,False,True,1.68,10.1528055448198,18.652665107861644,Low,-0.5008053740439186
979,BCX,BlackRock Resources & Commodities Strategy Trust,Financial,Closed-End Fund - Equity,USA,936.20M,4.39,12.28,0.49%,"119,708",936200000.0,4.39,0.49,119708,Small Cap,True,False,0.49,11.692819076689515,20.657339687898393,Very Low,0.04076141985329214
980,BCYC,Bicycle Therapeutics Plc ADR,Healthcare,Biotechnology,United Kingdom,252.15M,-,5.05,3.06%,"324,694",252150000.0,,3.06,324694,Micro Cap,True,False,3.06,12.690641559142685,19.345534710452903,Very Low,0.6821561941923849
981,BDBT,Bluemonte Core Bond ETF,Financial,Exchange Traded Fund,USA,-,-,25.32,0.24%,"32,738",,,0.24,32738,Unknown,True,False,0.24,10.3963223067812,,Low,-0.021631067922884203
982,BDC,Belden Inc,Technology,Communication Equipment,USA,4.46B,19.46,115.05,-1.34%,"161,148",4460000000.0,19.46,-1.34,161148,Mid Cap,False,True,1.34,11.990084681825634,22.2184146032026,High,-0.4159515906683187
983,BDCI,BTC Development Corp,Financial,Shell Companies,USA,346.95M,-,9.97,0.00%,6,346950000.0,,0.0,6,Small Cap,False,False,0.0,1.9459101490553132,19.66469123819209,Very Low,-0.08152785618801349
984,BDCX,"ETRACS Quarterly Pay 1.5X Leveraged MVIS BDC Index ETN due June 10, 20",Financial,Exchange Traded Fund,USA,-,-,20.53,2.26%,"2,714",,,2.26,2714,Unknown,True,False,2.26,7.906547232368036,,Low,0.48250023330862063
985,BDCZ,"ETRACS MVIS Business Development Companies Index ETN due April 26, 204",Financial,Exchange Traded Fund,USA,-,-,15.11,1.64%,529,,,1.64,529,Unknown,True,False,1.64,6.272877006546167,,Very Low,0.32776686362370333
986,BDEC,Innovator U.S. Equity Buffer ETF - December,Financial,Exchange Traded Fund,USA,-,-,48.33,0.06%,"10,275",,,0.06,10275,Unknown,True,False,0.06,9.237566358229774,,Low,-0.06655365912173117
987,BDGS,Bridges Capital Tactical ETF,Financial,Exchange Traded Fund,USA,-,-,34.45,0.18%,"2,499",,,0.18,2499,Unknown,True,False,0.18,7.824046010856292,,Low,-0.036605264989166525
988,BDIV,AAM Brentview Dividend Growth ETF,Financial,Exchange Traded Fund,USA,-,-,22.77,0.11%,"1,341",,,0.11,1341,Unknown,True,False,0.11,7.201916317531627,,Low,-0.0540751615664959
989,BDJ,BlackRock Enhanced Equity Dividend Trust,Financial,Closed-End Fund - Equity,USA,1.55B,5.59,8.77,0.23%,"377,293",1550000000.0,5.59,0.23,377293,Small Cap,True,False,0.23,12.840780003361074,21.161520768522728,Very Low,-0.024126767433931252
990,BDL,"Flanigan's Enterprises, Inc",Consumer Cyclical,Restaurants,USA,59.94M,10.37,32.25,-3.01%,577,59940000.0,10.37,-3.01,577,Micro Cap,False,True,3.01,6.359573868672378,17.90885463653614,Low,-0.8327334090131766
991,BDMD,Baird Medical Investment Holdings Limited,Healthcare,Medical Devices,China,71.62M,-,1.95,2.63%,"340,834",71620000.0,,2.63,340834,Micro Cap,True,False,2.63,12.739153768194578,18.086884936497142,Penny,0.5748411152173617
992,BDN,Brandywine Realty Trust,Real Estate,REIT - Office,USA,447.76M,-,2.57,-3.02%,"1,754,480",447760000.0,,-3.02,1754480,Small Cap,False,True,3.02,14.377683644650674,19.91976793478072,Penny,-0.8352291085242238
993,BDRX,Biodexa Pharmaceuticals Plc ADR,Healthcare,Biotechnology,United Kingdom,1.97M,-,0.87,42.23%,"120,555,421",1970000.0,,42.23,120555421,Micro Cap,True,False,42.23,18.6076201387679,14.493544608328255,Penny,10.457811178963693
994,BDRY,Breakwave Dry Bulk Shipping ETF,Financial,Exchange Traded Fund,USA,-,-,10.45,1.21%,"29,328",,,1.21,29328,Unknown,True,False,1.21,10.286332066606759,,Very Low,0.22045178464868
995,BDSX,Biodesix Inc,Healthcare,Diagnostics & Research,USA,148.57M,-,15.07,2.10%,"40,536",148570000.0,,2.1,40536,Micro Cap,True,False,2.1,10.609970416281103,18.81656679234437,Very Low,0.44256904113186785
996,BDTX,Black Diamond Therapeutics Inc,Healthcare,Biotechnology,USA,136.92M,6.28,2.39,2.58%,"534,510",136920000.0,6.28,2.58,534510,Micro Cap,True,False,2.58,13.189107589216762,18.734907378929794,Penny,0.5623626176621265
997,BDVG,iMGP Berkshire Dividend Growth ETF,Financial,Exchange Traded Fund,USA,-,-,13.13,0.36%,"5,755",,,0.36,5755,Unknown,True,False,0.36,8.657998068007258,,Very Low,0.008317326209680441
998,BDVL,iShares Disciplined Volatility Equity Active ETF,Financial,Exchange Traded Fund,USA,-,-,24.93,0.16%,"282,780",,,0.16,282780,Unknown,True,False,0.16,12.552428025457564,,Low,-0.04159666401126063
999,BDX,Becton Dickinson & Co,Healthcare,Medical Instruments & Supplies,USA,44.00B,25.24,154.51,-1.17%,"2,368,036",44000000000.0,25.24,-1.17,2368036,Large Cap,False,True,1.17,14.677571899863965,24.5074554708874,High,-0.37352469898051877
1000,BDYN,iShares Dynamic Equity Active ETF,Financial,Exchange Traded Fund,USA,-,-,24.5,-0.48%,"422,452",,,-0.48,422452,Unknown,False,True,0.48,12.953833476987898,,Low,-0.20132143271827208
