No,Ticker,Company,Sector,Industry,Country,Market Cap,P/E,Price,Change,Volume,Change_Pct,PE_Ratio,Market_Cap_USD,Vol_Intensity,Cluster
1,A,Agilent Technologies Inc,Healthcare,Diagnostics & Research,USA,32.63B,25.46,115.48,0.82%,1111810,0.82,25.46,32630000000.000004,3.4073245478575744e-05,0
2,AA,Alcoa Corp,Basic Materials,Aluminum,USA,18.87B,15.95,71.53,-0.74%,5665793,-0.74,15.95,18870000000.0,0.00030025400104397173,0
3,AAA,Alternative Access First Priority CLO Bond ETF,Financial,Exchange Traded Fund,USA,-,-,24.94,-0.14%,7782,-0.14,19.07,,,0
4,AAAA,Amplius Aggressive Asset Allocation ETF,Financial,Exchange Traded Fund,USA,-,-,26.92,-0.11%,5439,-0.11,19.07,,,0
5,AAAC,Columbia AAA CLO ETF,Financial,Exchange Traded Fund,USA,-,-,19.99,0.05%,8,0.05,19.07,,,0
6,AAAU,Goldman Sachs Physical Gold ETF,Financial,Exchange Traded Fund,USA,-,-,46.09,-1.96%,3549419,-1.96,19.07,,,0
7,AACB,Artius II Acquisition Inc,Financial,Shell Companies,USA,286.16M,658.60,10.34,0.00%,447,0.0,658.6,286160000.0,1.5620631759782527e-06,0
8,AACG,ATA Creativity Global ADR,Consumer Defensive,Education & Training Services,China,30.81M,-,0.97,5.33%,1931,5.33,19.07,30810000.0,6.2674454311118e-05,0
9,AACI,Armada Acquisition Corp III,Financial,Shell Companies,USA,335.54M,-,9.86,0.00%,988,0.0,19.07,335540000.0,2.9445073524929744e-06,0
10,AACOU,Abony Acquisition Corp I,Financial,Shell Companies,USA,205.32M,-,9.95,-0.20%,2090,-0.2,19.07,205320000.0,1.0179232368112057e-05,0
12,AADR,AdvisorShares Dorsey Wright ADR ETF,Financial,Exchange Traded Fund,USA,-,-,83.25,-0.28%,2183,-0.28,19.07,,,0
13,AAEQ,Alpha Architect US Equity 2 ETF,Financial,Exchange Traded Fund,USA,-,-,46.92,0.13%,4215,0.13,19.07,,,0
14,AAL,American Airlines Group Inc,Industrials,Airlines,USA,7.16B,65.26,10.84,-2.61%,52701537,-2.61,65.26,7160000000.0,0.007360549859307185,0
15,AALG,Leverage Shares 2X Long AAL Daily ETF,Financial,Exchange Traded Fund,USA,-,-,8.03,-6.03%,79065,-6.03,19.07,,,0
16,AAME,Atlantic American Corp,Financial,Insurance - Life,USA,45.28M,9.85,2.22,-1.33%,11911,-1.33,9.85,45280000.0,0.0002630521143318879,0
17,AAMI,Acadian Asset Management Inc,Financial,Asset Management,USA,1.97B,25.02,55.28,-1.64%,328432,-1.64,25.02,1970000000.0,0.00016671675118440775,0
18,AAOI,Applied Optoelectronics Inc,Technology,Communication Equipment,USA,7.81B,-,103.91,20.34%,19811717,20.34,19.07,7810000000.0,0.002536711523362777,0
19,AAON,AAON Inc,Industrials,Building Products & Equipment,USA,6.63B,62.86,81.36,-2.74%,630257,-2.74,62.86,6630000000.0,9.50613876176378e-05,0
20,AAOX,Tradr 2X Long AAOI Daily ETF,Financial,Exchange Traded Fund,USA,-,-,26.33,40.43%,2732572,40.43,19.07,,,0
21,AAP,Advance Auto Parts Inc,Consumer Cyclical,Auto Parts,USA,3.11B,71.14,51.83,-4.72%,1272829,-4.72,71.14,3110000000.0,0.00040926977478801616,0
22,AAPB,GraniteShares 2x Long AAPL Daily ETF,Financial,Exchange Traded Fund,USA,-,-,27.5,0.03%,42215,0.03,19.07,,,0
23,AAPD,Direxion Daily AAPL Bear 1X ETF,Financial,Exchange Traded Fund,USA,-,-,13.84,-0.12%,13185050,-0.12,19.07,,,0
24,AAPG,Ascentage Pharma Group International ADR,Healthcare,Biotechnology,China,2.53B,-,27.32,3.96%,6547,3.96,19.07,2530000000.0,2.5877470345502978e-06,0
25,AAPL,Apple Inc,Technology,Consumer Electronics,USA,3757.20B,32.38,255.92,0.11%,31149390,0.11,32.38,3757200000000.0,8.2905860747343e-06,0
26,AAPR,Innovator Equity Defined Protection ETF - 2 Yr to April 2026,Financial,Exchange Traded Fund,USA,-,-,28.87,0.00%,28775,0.0,19.07,,,0
27,AAPU,Direxion Daily AAPL Bull 2X ETF,Financial,Exchange Traded Fund,USA,-,-,28.5,0.11%,1532098,0.11,19.07,,,0
28,AAPW,Roundhill AAPL WeeklyPay ETF,Financial,Exchange Traded Fund,USA,-,-,34.85,0.32%,3048,0.32,19.07,,,0
29,AAPX,T-Rex 2X Long Apple Daily Target ETF,Financial,Exchange Traded Fund,USA,-,-,25.9,0.27%,70061,0.27,19.07,,,0
30,AAPY,Kurv Yield Premium Strategy Apple (AAPL) ETF,Financial,Exchange Traded Fund,USA,-,-,22.24,0.27%,729,0.27,19.07,,,0
31,AARD,Aardvark Therapeutics Inc,Healthcare,Biotechnology,USA,93.81M,-,4.3,5.13%,132532,5.13,19.07,93810000.0,0.0014127704784908806,0
32,AAT,American Assets Trust Inc,Real Estate,REIT - Diversified,USA,1.15B,20.31,18.67,1.74%,356125,1.74,20.31,1150000000.0,0.0003096739127741966,0
33,AAUA,Alpha Architect US Equity 3 ETF,Financial,Exchange Traded Fund,USA,-,-,49.52,0.25%,1508,0.25,19.07,,,0
34,AAUC,Allied Gold Corp,Basic Materials,Gold,Canada,3.87B,-,31.19,-0.06%,193823,-0.06,19.07,3870000000.0,5.008346251935828e-05,0
35,AAUM,Tema Alternative Asset Managers ETF,Financial,Exchange Traded Fund,USA,-,-,19.21,-1.04%,408,-1.04,19.07,,,0
36,AAUS,Alpha Architect US Equity ETF,Financial,Exchange Traded Fund,USA,-,-,52.79,0.06%,9,0.06,19.07,,,0
37,AAVM,Alpha Architect Global Factor Equity ETF,Financial,Exchange Traded Fund,USA,-,-,31.69,-0.77%,2119,-0.77,19.07,,,0
38,AAXJ,iShares MSCI All Country Asia ex Japan ETF,Financial,Exchange Traded Fund,USA,-,-,96.11,-1.11%,1504343,-1.11,19.07,,,0
39,AB,AllianceBernstein Holding Lp,Financial,Asset Management,USA,3.56B,12.87,38.63,1.68%,273374,1.68,12.87,3560000000.0,7.67904494166319e-05,0
40,ABAT,American Battery Technology Company,Industrials,Waste Management,USA,366.15M,-,2.78,2.21%,2200270,2.21,19.07,366150000.0,0.0060092038617801345,0
41,ABBV,Abbvie Inc,Healthcare,Drug Manufacturers - General,USA,369.26B,88.44,208.84,-2.86%,5083736,-2.86,88.44,369260000000.0,1.37673617504908e-05,0
42,ABCB,Ameris Bancorp,Financial,Banks - Regional,USA,5.32B,13.07,78.4,-0.13%,377192,-0.13,13.07,5320000000.0,7.090075186637203e-05,0
43,ABCL,AbCellera Biologics Inc,Healthcare,Biotechnology,Canada,1.07B,-,3.52,0.28%,3484480,0.28,19.07,1070000000.0000001,0.0032565233614425012,0
44,ABCS,Alpha Blue Capital US Small-Mid Cap Dynamic ETF,Financial,Exchange Traded Fund,USA,-,-,29.98,0.18%,4113,0.18,19.07,,,0
45,ABEO,Abeona Therapeutics Inc,Healthcare,Biotechnology,USA,274.98M,4.83,4.82,5.24%,766632,5.24,4.83,274980000.0,0.0027879554775330734,0
46,ABEQ,Absolute Select Value ETF,Financial,Exchange Traded Fund,USA,-,-,37.86,0.19%,13546,0.19,19.07,,,0
47,ABEV,Ambev S.A. ADR,Consumer Defensive,Beverages - Brewers,Brazil,45.76B,16.48,2.93,-1.35%,42957245,-1.35,16.48,45760000000.0,0.0009387509833710938,0
48,ABFL,Abacus FCF Leaders ETF,Financial,Exchange Traded Fund,USA,-,-,71.94,0.00%,18756,0.0,19.07,,,0
49,ABG,Asbury Automotive Group Inc,Consumer Cyclical,Auto & Truck Dealerships,USA,3.76B,7.77,194.76,0.38%,121103,0.38,7.77,3760000000.0,3.2208244672285044e-05,0
50,ABI,VictoryShares Pioneer Asset-Based Income ETF,Financial,Exchange Traded Fund,USA,-,-,24.89,0.16%,8,0.16,19.07,,,0
51,ABIG,Argent Large Cap ETF,Financial,Exchange Traded Fund,USA,-,-,29.45,0.06%,6354,0.06,19.07,,,0
52,ABLD,Abacus FCF Real Assets Leaders ETF,Financial,Exchange Traded Fund,USA,-,-,31.63,-0.23%,3680,-0.23,19.07,,,0
53,ABLG,Abacus FCF International Leaders ETF,Financial,Exchange Traded Fund,USA,-,-,29.9,-0.99%,251,-0.99,19.07,,,0
54,ABLS,Abacus FCF Small Cap Leaders ETF,Financial,Exchange Traded Fund,USA,-,-,18.58,0.19%,257,0.19,19.07,,,0
55,ABLV,Able View Global Inc,Consumer Cyclical,Specialty Retail,China,30.13M,-,0.61,-2.09%,2085,-2.09,19.07,30130000.0,6.920013046132989e-05,0
56,ABM,ABM Industries Inc,Industrials,Specialty Business Services,USA,2.27B,15.26,38.72,0.05%,725724,0.05,15.26,2270000000.0,0.00031970220250233385,0
57,ABNB,Airbnb Inc,Consumer Cyclical,Travel Services,USA,76.06B,30.91,124.95,-0.19%,3094492,-0.19,30.91,76060000000.0,4.0684880357077506e-05,0
58,ABNG,Leverage Shares 2x Long ABNB Daily ETF,Financial,Exchange Traded Fund,USA,-,-,14.41,-0.53%,1162,-0.53,19.07,,,0
59,ABNY,YieldMax ABNB Option Income Strategy ETF,Financial,Exchange Traded Fund,USA,-,-,40.38,-1.03%,802,-1.03,19.07,,,0
60,ABOS,Acumen Pharmaceuticals Inc,Healthcare,Biotechnology,USA,194.97M,-,2.7,5.88%,635601,5.88,19.07,194970000.0,0.0032599938284864653,0
61,ABOT,Abacus FCF Innovation Leaders ETF,Financial,Exchange Traded Fund,USA,-,-,33.49,0.69%,23,0.69,19.07,,,0
62,ABR,Arbor Realty Trust Inc,Real Estate,REIT - Mortgage,USA,1.45B,13.87,7.5,-0.13%,2381139,-0.13,13.87,1450000000.0,0.0016421648264536794,0
63,ABSI,Absci Corp,Healthcare,Biotechnology,USA,468.25M,-,3.06,-2.86%,4666424,-2.86,19.07,468250000.0,0.009965667891157142,0
64,ABT,Abbott Laboratories,Healthcare,Medical Devices,USA,179.16B,27.67,102.87,0.48%,5442089,0.48,27.67,179160000000.0,3.037558048654624e-05,0
65,ABTC,American Bitcoin Corp,Financial,Capital Markets,USA,963.16M,-,0.91,-0.96%,7518746,-0.96,19.07,963160000.0,0.007806331234886902,0
66,ABTS,Abits Group Inc,Financial,Capital Markets,Hong Kong,3.53M,-,1.49,5.67%,33382,5.67,19.07,3530000.0,0.00945665454485707,0
67,ABUF,Aptus Laddered Buffer ETF,Financial,Exchange Traded Fund,USA,-,-,25.12,0.00%,0,0.0,19.07,,,0
68,ABUS,Arbutus Biopharma Corp,Healthcare,Biotechnology,USA,875.74M,-,4.48,-0.88%,611685,-0.88,19.07,875740000.0,0.0006984778579276065,0
69,ABVC,ABVC BioPharma Inc,Healthcare,Biotechnology,USA,27.73M,-,1.09,0.93%,54756,0.93,19.07,27730000.0,0.0019746122620046065,0
70,ABVE,Above Food Ingredients Inc,Consumer Defensive,Packaged Foods,Canada,48.64M,-,0.95,7.49%,1145621,7.49,19.07,48640000.0,0.023553062838136043,0
71,ABVX,Abivax ADR,Healthcare,Biotechnology,France,9.37B,-,118.37,2.96%,954766,2.96,19.07,9370000000.0,0.00010189605121644653,0
72,ABX,Abacus Global Management Inc,Financial,Insurance - Life,USA,781.03M,21.66,8.09,4.25%,594699,4.25,21.66,781030000.0,0.0007614291374704824,0
73,ABXB,Abacus Flexible Bond Leaders ETF,Financial,Exchange Traded Fund,USA,-,-,19.34,0.12%,71,0.12,19.07,,,0
74,ACA,Arcosa Inc,Industrials,Engineering & Construction,USA,5.28B,25.41,107.7,-0.30%,308383,-0.3,25.41,5280000000.0,5.8405871201059496e-05,0
75,ACAAU,Averin Capital Acquisition Corp,Financial,Shell Companies,USA,251.31M,-,10.05,0.32%,5107,0.32,19.07,251310000.0,2.032151517917506e-05,0
76,ACAD,Acadia Pharmaceuticals Inc,Healthcare,Biotechnology,USA,3.78B,9.70,22.2,-0.54%,1702906,-0.54,9.7,3780000000.0,0.0004505042326850518,0
77,ACB,Aurora Cannabis Inc,Healthcare,Drug Manufacturers - Specialty & Generic,Canada,195.08M,-,3.44,2.69%,687600,2.69,19.07,195080000.0,0.0035247077941116065,0
78,ACCL,Acco Group Holdings Ltd,Industrials,Consulting Services,Hong Kong,19.11M,145.74,1.37,3.79%,12347,3.79,145.74,19110000.0,0.0006461014837204875,0
79,ACCO,Acco Brands Corporation,Industrials,Business Equipment & Supplies,USA,259.69M,6.51,2.88,-1.71%,1181825,-1.71,6.51,259690000.0,0.004550906832951185,0
80,ACCS,ACCESS Newswire Inc,Communication Services,Advertising Agencies,USA,32.80M,7.21,8.5,-0.58%,2697,-0.58,7.21,32799999.999999996,8.22256072492193e-05,0
81,ACDC,ProFrac Holding Corp,Energy,Oil & Gas Equipment & Services,USA,1.10B,-,6.08,2.88%,1176039,2.88,19.07,1100000000.0,0.0010691263626644305,0
82,ACEI,Innovator Equity Autocallable Income Strategy ETF,Financial,Exchange Traded Fund,USA,-,-,23.23,-2.39%,20509,-2.39,19.07,,,0
83,ACEL,Accel Entertainment Inc,Consumer Cyclical,Gambling,USA,900.50M,18.29,11.04,0.36%,350151,0.36,18.29,900500000.0,0.00038884064365481326,0
84,ACEP,ARS Core Equity Portfolio ETF,Financial,Exchange Traded Fund,USA,-,-,17.66,0.20%,748,0.2,19.07,,,0
85,ACES,ALPS Clean Energy ETF,Financial,Exchange Traded Fund,USA,-,-,33.46,-0.56%,13672,-0.56,19.07,,,0
86,ACET,Adicet Bio Inc,Healthcare,Biotechnology,USA,67.08M,-,6.99,1.60%,64015,1.6,19.07,67080000.0,0.0009543082743841939,0
87,ACFN,Acorn Energy Inc,Technology,Scientific & Technical Instruments,USA,43.11M,17.35,17.2,6.34%,5503,6.34,17.35,43110000.0,0.00012765019420899574,0
89,ACGL,Arch Capital Group Ltd,Financial,Insurance - Diversified,Bermuda,34.42B,8.33,96.74,1.31%,1410535,1.31,8.33,34420000000.0,4.098009877858861e-05,0
90,ACGR,American Century Large Cap Growth ETF,Financial,Exchange Traded Fund,USA,-,-,60.04,0.09%,10,0.09,19.07,,,0
91,ACH,Accendra Health Inc,Healthcare,Medical Distribution,USA,201.03M,-,2.63,6.05%,618097,6.05,19.07,201030000.0,0.0030746505343747176,0
92,ACHC,Acadia Healthcare Company Inc,Healthcare,Medical Care Facilities,USA,2.21B,-,23.96,1.23%,2129731,1.23,19.07,2210000000.0,0.0009636791850843081,0
93,ACHR,Archer Aviation Inc,Industrials,Aerospace & Defense,USA,4.04B,-,5.42,4.03%,20908655,4.03,19.07,4040000000.0,0.0051754096521843046,0
94,ACHV,Achieve Life Sciences Inc,Healthcare,Biotechnology,Canada,171.97M,-,3.23,2.87%,504188,2.87,19.07,171970000.0,0.0029318369312564,0
95,ACI,Albertsons Companies Inc,Consumer Defensive,Grocery Stores,USA,8.97B,11.24,17.45,2.59%,5924242,2.59,11.24,8970000000.0,0.0006604506130813322,0
96,ACIC,American Coastal Insurance Corp,Financial,Insurance - Property & Casualty,USA,533.76M,5.11,10.97,-0.18%,138995,-0.18,5.11,533760000.0,0.00026040729867279807,0
97,ACII,Innovator Index Autocallable Income Strategy ETF,Financial,Exchange Traded Fund,USA,-,-,25.13,0.48%,377330,0.48,19.07,,,0
98,ACIO,Aptus Collared Investment Opportunity ETF,Financial,Exchange Traded Fund,USA,-,-,42.2,0.02%,88692,0.02,19.07,,,0
99,ACIU,AC Immune SA,Healthcare,Biotechnology,Switzerland,280.90M,-,2.76,-1.08%,119822,-1.08,19.07,280900000.0,0.00042656461222298107,0
100,ACIW,ACI Worldwide Inc,Technology,Software - Infrastructure,USA,4.20B,19.07,41.33,0.90%,739842,0.9,19.07,4200000000.0,0.000176152857100916,0
101,ACKY,VistaShares Target 15 ACKtivist Distribution ETF,Financial,Exchange Traded Fund,USA,-,-,17.58,-0.10%,30245,-0.1,19.07,,,0
102,ACLC,American Century Large Cap Equity ETF,Financial,Exchange Traded Fund,USA,-,-,74.41,-0.00%,55423,-0.0,19.07,,,0
103,ACLO,TCW AAA CLO ETF,Financial,Exchange Traded Fund,USA,-,-,50.21,0.06%,186,0.06,19.07,,,0
104,ACLS,Axcelis Technologies Inc,Technology,Semiconductor Equipment & Materials,USA,2.92B,25.05,95.09,-0.44%,353670,-0.44,25.05,2920000000.0,0.00012111986297221923,0
105,ACLX,Arcellx Inc,Healthcare,Biotechnology,USA,6.71B,-,114.77,0.02%,1212198,0.02,19.07,6710000000.0,0.00018065543961540156,0
106,ACM,AECOM,Industrials,Engineering & Construction,USA,10.95B,19.44,84.71,-1.16%,1057416,-1.16,19.44,10950000000.0,9.656767122405775e-05,0
107,ACMR,ACM Research Inc,Technology,Semiconductor Equipment & Materials,USA,2.66B,29.56,40.54,0.20%,777400,0.2,29.56,2660000000.0,0.00029225563898787384,0
108,ACN,Accenture plc,Technology,Information Technology Services,Ireland,123.60B,16.49,201.33,2.17%,5518318,2.17,16.49,123600000000.0,4.464658576015658e-05,0
109,ACNB,ACNB Corp,Financial,Banks - Regional,USA,496.97M,13.54,48.0,-0.10%,37251,-0.1,13.54,496970000.0,7.495623463195719e-05,0
110,ACNT,Ascent Industries Co,Basic Materials,Chemicals,USA,124.05M,150.23,13.1,-0.38%,123946,-0.38,150.23,124050000.0,0.0009991616203211477,0
111,ACOG,Alpha Cognition Inc,Healthcare,Biotechnology,USA,130.21M,-,5.98,0.34%,56401,0.34,19.07,130210000.00000001,0.0004331541323004828,0
112,ACON,Aclarion Inc,Healthcare,Health Information Services,USA,8.15M,-,3.57,4.69%,55293,4.69,19.07,8150000.0,0.006784416345470387,0
113,ACP,abrdn Income Credit Strategies Fund,Financial,Closed-End Fund - Debt,USA,638.65M,15.42,5.09,-0.39%,319769,-0.39,15.42,638650000.0,0.0005006952156882561,0
114,ACR,ACRES Commercial Realty Corp,Real Estate,REIT - Mortgage,USA,134.49M,2773.53,18.86,-1.67%,17700,-1.67,2773.53,134490000.0,0.00013160829703614917,0
115,ACRE,Ares Commercial Real Estate Corp,Real Estate,REIT - Mortgage,USA,263.55M,-,4.76,0.85%,496281,0.85,19.07,263550000.0,0.00188306203041904,0
116,ACRS,Aclaris Therapeutics Inc,Healthcare,Biotechnology,USA,506.50M,-,4.2,1.45%,940049,1.45,19.07,506500000.0,0.0018559703813307593,0
117,ACRV,Acrivon Therapeutics Inc,Healthcare,Biotechnology,USA,58.89M,-,1.52,4.11%,392238,4.11,19.07,58890000.0,0.006660519499736466,0
118,ACSG,American Century Small Cap Growth Insights ETF,Financial,Exchange Traded Fund,USA,-,-,40.12,0.34%,6930,0.34,19.07,,,0
119,ACSI,American Customer Satisfaction ETF,Financial,Exchange Traded Fund,USA,-,-,64.88,0.28%,33,0.28,19.07,,,0
120,ACSV,American Century Small Cap Value Insights ETF,Financial,Exchange Traded Fund,USA,-,-,42.98,0.26%,221,0.26,19.07,,,0
121,ACT,Enact Holdings Inc,Financial,Insurance - Specialty,USA,5.85B,9.15,41.35,1.92%,275517,1.92,9.15,5850000000.0,4.709692306887232e-05,0
122,ACTG,Acacia Research Corp,Industrials,Business Equipment & Supplies,USA,482.38M,22.43,5.0,1.63%,216563,1.63,22.43,482380000.0,0.0004489468874145966,0
123,ACTU,Actuate Therapeutics Inc,Healthcare,Biotechnology,USA,58.80M,-,2.48,-0.40%,42815,-0.4,19.07,58800000.0,0.0007281462461199618,0
124,ACU,Acme United Corp,Consumer Defensive,Household & Personal Products,USA,170.57M,18.05,44.79,-0.29%,13707,-0.29,18.05,170570000.0,8.035996904285649e-05,0
125,ACV,Virtus Diversified Income & Convertible Fund,Financial,Closed-End Fund - Equity,USA,255.99M,5.92,24.67,0.73%,21047,0.73,5.92,255990000.0,8.221805507161196e-05,0
126,ACVA,ACV Auctions Inc,Consumer Cyclical,Auto & Truck Dealerships,USA,758.95M,-,4.36,2.11%,2536808,2.11,19.07,758950000.0,0.0033425232184695654,0
127,ACVF,American Conservative Values ETF,Financial,Exchange Traded Fund,USA,-,-,47.99,0.29%,2338,0.29,19.07,,,0
128,ACVT,Advent Convertible Bond ETF,Financial,Exchange Traded Fund,USA,-,-,26.1,-0.06%,7,-0.06,19.07,,,0
129,ACWI,iShares MSCI ACWI ETF,Financial,Exchange Traded Fund,USA,-,-,139.44,-0.16%,3515819,-0.16,19.07,,,0
130,ACWV,iShares MSCI Global Min Vol Factor ETF,Financial,Exchange Traded Fund,USA,-,-,119.9,0.32%,58595,0.32,19.07,,,0
131,ACWX,iShares MSCI ACWI ex US ETF,Financial,Exchange Traded Fund,USA,-,-,68.93,-0.66%,3455539,-0.66,19.07,,,0
132,ACXP,Acurx Pharmaceuticals Inc,Healthcare,Biotechnology,USA,10.51M,-,3.68,-5.40%,162426,-5.4,19.07,10510000.0,0.015454422887305148,0
133,ACYN,FT Vest Laddered Autocallable Barrier & Income ETF,Financial,Exchange Traded Fund,USA,-,-,20.57,0.98%,303351,0.98,19.07,,,0
134,AD,Array Digital Infrastructure Inc,Communication Services,Telecom Services,USA,4.15B,14.39,48.0,0.80%,147137,0.8,14.39,4150000000.0000005,3.545469878663742e-05,0
135,ADAC,American Drive Acquisition Co,Financial,Shell Companies,USA,284.62M,-,9.9,0.00%,1577,0.0,19.07,284620000.0,5.540720941814627e-06,0
136,ADAG,Adagene Inc ADR,Healthcare,Biotechnology,China,188.05M,-,3.99,-13.45%,1225420,-13.45,19.07,188050000.0,0.0065164583540736065,0
137,ADAM,Adamas Trust Inc,Real Estate,REIT - Mortgage,USA,668.61M,6.70,7.39,0.54%,548595,0.54,6.7,668610000.0,0.0008205007391147294,0
138,ADBE,Adobe Inc,Technology,Software - Application,USA,98.19B,14.15,242.92,0.64%,3586782,0.64,14.15,98190000000.0,3.652899480561637e-05,0
139,ADBG,Leverage Shares 2X Long ADBE Daily ETF,Financial,Exchange Traded Fund,USA,-,-,4.58,1.33%,2264169,1.33,19.07,,,0
140,ADBU,Direxion Daily ADBE Bull 2X ETF,Financial,Exchange Traded Fund,USA,-,-,25.68,1.04%,51141,1.04,19.07,,,0
141,ADC,Agree Realty Corp,Real Estate,REIT - Retail,USA,9.20B,43.37,76.61,1.02%,895058,1.02,43.37,9200000000.0,9.728891303290337e-05,0
142,ADCT,Adc Therapeutics SA,Healthcare,Biotechnology,Switzerland,480.23M,-,3.78,-0.53%,1355030,-0.53,19.07,480230000.0,0.002821627131121281,0
143,ADEA,Adeia Inc,Technology,Software - Application,USA,2.73B,25.47,25.07,0.00%,835683,0.0,25.47,2730000000.0,0.00030611098889886043,0
144,ADFI,Anfield Dynamic Fixed Income ETF,Financial,Exchange Traded Fund,USA,-,-,8.51,0.18%,10660,0.18,19.07,,,0
145,ADGM,Adagio Medical Holdings Inc,Healthcare,Medical Devices,USA,27.76M,-,1.25,6.84%,11039,6.84,19.07,27760000.0,0.00039765848711604873,0
146,ADI,Analog Devices Inc,Technology,Semiconductors,USA,155.41B,58.15,318.34,-0.70%,2384821,-0.7,58.15,155410000000.0,1.5345351006914963e-05,0
147,ADIL,Adial Pharmaceuticals Inc,Healthcare,Biotechnology,USA,2.41M,-,1.69,-2.31%,43151,-2.31,19.07,2410000.0,0.017904971823663143,0
148,ADIV,Guinness Atkinson Asia Pacific Dividend Builder ETF,Financial,Exchange Traded Fund,USA,-,-,17.64,0.06%,93085,0.06,19.07,,,0
149,ADM,Archer Daniels Midland Co,Consumer Defensive,Farm Products,USA,35.53B,33.13,73.83,2.02%,3349916,2.02,33.13,35530000000.0,9.428415423320338e-05,0
150,ADMA,Adma Biologics Inc,Healthcare,Biotechnology,USA,2.19B,15.34,9.19,0.88%,6123814,0.88,15.34,2190000000.0,0.002796262099179789,0
151,ADME,Aptus Drawdown Managed Equity ETF,Financial,Exchange Traded Fund,USA,-,-,49.65,-0.04%,7178,-0.04,19.07,,,0
152,ADNT,Adient plc,Consumer Cyclical,Auto Parts,USA,1.60B,-,20.37,-2.21%,625375,-2.21,19.07,1600000000.0,0.00039085937475571286,0
153,ADP,Automatic Data Processing Inc,Technology,Software - Application,USA,82.14B,19.60,204.01,1.36%,2846390,1.36,19.6,82140000000.0,3.4652909666001304e-05,0
154,ADPT,Adaptive Biotechnologies Corp,Healthcare,Biotechnology,USA,2.28B,-,14.81,2.63%,1565437,2.63,19.07,2280000000.0,0.0006865951751374583,0
155,ADPV,Adaptiv Select ETF,Financial,Exchange Traded Fund,USA,-,-,42.18,-2.54%,67695,-2.54,19.07,,,0
156,ADSE,Ads-Tec Energy Plc,Industrials,Electrical Equipment & Parts,Ireland,646.92M,-,10.76,-7.24%,2545,-7.24,19.07,646920000.0,3.934025839463881e-06,0
157,ADSK,Autodesk Inc,Technology,Software - Application,USA,50.23B,45.51,238.08,0.09%,1990466,0.09,45.51,50230000000.0,3.962703563528515e-05,0
158,ADT,ADT Inc,Industrials,Security & Protection Services,USA,5.43B,9.95,6.62,1.07%,9719747,1.07,9.95,5430000000.0,0.0017900086552872913,0
159,ADTN,ADTRAN Holdings Inc,Technology,Communication Equipment,USA,1.04B,-,12.88,1.18%,2298409,1.18,19.07,1040000000.0,0.0022100086517211457,0
160,ADTX,Aditxt Inc,Healthcare,Biotechnology,USA,0.41M,-,0.79,-11.72%,797687,-11.72,19.07,410000.0,1.9455733034797476,0
161,ADUR,Aduro Clean Technologies Inc,Industrials,Pollution & Treatment Controls,Canada,345.11M,-,10.37,0.58%,212327,0.58,19.07,345110000.0,0.0006152444130415102,0
162,ADUS,Addus HomeCare Corporation,Healthcare,Medical Care Facilities,USA,1.71B,17.57,91.59,-2.41%,268709,-2.41,17.57,1710000000.0,0.00015713976598997676,0
163,ADV,Advantage Solutions Inc,Communication Services,Advertising Agencies,USA,284.93M,-,21.75,13.34%,69714,13.34,19.07,284930000.0,0.0002446706199955406,0
164,ADVB,Advanced Biomed Inc,Healthcare,Diagnostics & Research,Taiwan,6.21M,34.37,4.55,2.02%,2937,2.02,34.37,6210000.0,0.0004729467837444793,0
165,ADVE,Matthews Asia Dividend Active ETF,Financial,Exchange Traded Fund,USA,-,-,41.83,-0.98%,231,-0.98,19.07,,,0
166,ADX,Adams Diversified Equity Fund,Financial,Closed-End Fund - Equity,USA,2.75B,5.64,22.43,0.13%,195946,0.13,5.64,2750000000.0,7.125309088318069e-05,0
167,ADXN,Addex Therapeutics Ltd ADR,Healthcare,Biotechnology,Switzerland,7.21M,-,5.72,-8.93%,8663,-8.93,19.07,7210000.0,0.001201525492160126,0
168,AEAQ,Activate Energy Acquisition Corp,Financial,Shell Companies,Cayman Islands,311.22M,-,9.94,0.10%,46738,0.1,19.07,311220000.0,0.0001501767233783924,0
169,AEBI,Aebi Schmidt Holding AG,Industrials,Farm & Heavy Construction Machinery,Switzerland,741.83M,18.64,9.58,2.13%,350312,2.13,18.64,741830000.0,0.00047222678986799297,0
170,AEC,Anfield Energy Inc,Energy,Uranium,Canada,87.02M,-,5.48,-3.18%,25994,-3.18,19.07,87020000.0,0.00029871293612143256,0
171,AEE,Ameren Corp,Utilities,Utilities - Regulated Electric,USA,30.87B,20.88,111.68,0.80%,1034282,0.8,20.88,30870000000.0,3.350443796457712e-05,0
172,AEF,abrdn Emerging Markets ex-China Fund Inc,Financial,Closed-End Fund - Equity,USA,299.64M,3.22,7.38,-1.60%,99513,-1.6,3.22,299640000.0,0.0003321085291279251,0
173,AEG,Aegon Ltd,Financial,Insurance - Diversified,Netherlands,11.07B,10.42,7.36,-0.14%,8801303,-0.14,10.42,11070000000.0,0.0007950589881847282,0
174,AEHL,Antelope Enterprise Holdings Ltd,Industrials,Building Products & Equipment,China,4.07M,-,1.11,-11.20%,363270,-11.2,19.07,4070000.0000000005,0.0892555063254284,0
175,AEHR,Aehr Test Systems,Technology,Semiconductor Equipment & Materials,USA,1.36B,-,44.32,11.92%,3581951,11.92,19.07,1360000000.0,0.0026337874980633916,0
176,AEI,Alset Inc,Real Estate,Real Estate - Development,USA,68.07M,-,1.75,-0.57%,5144,-0.57,19.07,68070000.0,7.556926582093043e-05,0
177,AEIS,Advanced Energy Industries Inc,Industrials,Electrical Equipment & Parts,USA,12.55B,87.08,332.31,-0.15%,320033,-0.15,87.08,12550000000.0,2.550063744816728e-05,0
178,AEM,Agnico Eagle Mines Ltd,Basic Materials,Gold,Canada,104.48B,23.49,208.54,-0.73%,2138796,-0.73,23.49,104480000000.0,2.047086523717007e-05,0
179,AEMD,Aethlon Medical Inc,Healthcare,Medical Devices,USA,2.79M,-,2.12,-1.40%,18946,-1.4,19.07,2790000.0,0.006790678569649258,0
180,AEMS,Anfield Enhanced Market ETF,Financial,Exchange Traded Fund,USA,-,-,10.14,0.29%,30883,0.29,19.07,,,0
181,AENT,Alliance Entertainment Holding Corporation,Communication Services,Entertainment,USA,340.40M,15.57,6.68,2.45%,6013,2.45,15.57,340400000.0,1.7664512286531984e-05,0
182,AEO,American Eagle Outfitters Inc,Consumer Cyclical,Apparel Retail,USA,2.81B,15.04,16.84,-2.77%,5204276,-2.77,15.04,2810000000.0,0.0018520555153551403,0
183,AEON,AEON Biopharma Inc,Healthcare,Biotechnology,USA,22.49M,-,0.89,-9.16%,74795,-9.16,19.07,22490000.0,0.003325700163374826,0
184,AEP,American Electric Power Company Inc,Utilities,Utilities - Regulated Electric,USA,71.76B,19.92,132.68,0.77%,1998265,0.77,19.92,71760000000.0,2.7846502229266354e-05,0
185,AER,Aercap Holdings N.V,Industrials,Rental & Leasing Services,Ireland,23.23B,6.52,139.18,-0.56%,1022008,-0.56,6.52,23230000000.0,4.3995178646405714e-05,0
186,AERO,Grupo Aeromexico S.A.B. De C.V. ADR,Industrials,Airlines,Mexico,2.09B,7.97,14.3,0.14%,196399,0.14,7.97,2089999999.9999998,9.397081335216708e-05,0
187,AERT,Aeries Technology Inc,Industrials,Consulting Services,Singapore,24.17M,-,0.48,19.25%,837363,19.25,19.07,24170000.0,0.034644723432158735,0
188,AES,AES Corp,Utilities,Utilities - Diversified,USA,10.19B,10.87,14.3,0.70%,7462789,0.7,10.87,10190000000.0,0.0007323639842264608,0
189,AESI,Atlas Energy Solutions Inc,Energy,Oil & Gas Equipment & Services,USA,1.52B,-,12.15,-0.41%,3578304,-0.41,19.07,1520000000.0,0.0023541473668722713,0
191,AESR,Anfield U.S. Equity Sector Rotation ETF,Financial,Exchange Traded Fund,USA,-,-,17.02,-0.06%,14881,-0.06,19.07,,,0
192,AETH,Bitwise Trendwise Ether and Treasuries Rotation Strategy ETF,Financial,Exchange Traded Fund,USA,-,-,34.16,0.01%,489,0.01,19.07,,,0
193,AEVA,Aeva Technologies Inc,Technology,Software - Infrastructure,USA,832.80M,-,13.23,0.23%,822311,0.23,19.07,832800000.0,0.0009874051381035,0
194,AEXA,American Exceptionalism Acquisition Corp. A,Financial,Shell Companies,USA,540.61M,-,10.93,-1.53%,62452,-1.53,19.07,540610000.0,0.00011552135529213045,0
195,AEYE,AudioEye Inc,Technology,Software - Application,USA,82.85M,-,6.63,-4.60%,286743,-4.6,19.07,82850000.0,0.0034609896987207035,0
196,AFB,AllianceBernstein National Municipal Income Fund Inc,Financial,Closed-End Fund - Debt,USA,301.25M,87.33,10.48,-1.23%,165033,-1.23,87.33,301250000.0,0.000547827384073602,0
197,AFBI,Affinity Bancshares Inc,Financial,Banks - Regional,USA,135.73M,17.20,22.27,-0.22%,20676,-0.22,17.2,135730000.0,0.00015233183413886515,0
198,AFCG,Advanced Flower Capital Inc,Real Estate,REIT - Mortgage,USA,66.12M,-,2.81,1.44%,116287,1.44,19.07,66120000.00000001,0.0017587265311747346,0
199,AFG,American Financial Group Inc,Financial,Insurance - Property & Casualty,USA,10.80B,12.86,129.71,1.51%,387432,1.51,12.86,10800000000.0,3.5873333330011725e-05,0
200,AFIF,Anfield Universal Fixed Income ETF,Financial,Exchange Traded Fund,USA,-,-,9.34,-0.11%,68667,-0.11,19.07,,,0
201,AFIX,Allspring Broad Market Core Bond ETF,Financial,Exchange Traded Fund,USA,-,-,24.95,0.20%,407,0.2,19.07,,,0
202,AFJK,Aimei Health Technology Co Ltd,Financial,Shell Companies,USA,154.57M,126.80,25.55,0.51%,720,0.51,126.8,154570000.0,4.658083685979921e-06,0
203,AFK,VanEck Africa Index ETF,Financial,Exchange Traded Fund,USA,-,-,25.93,-1.78%,33087,-1.78,19.07,,,0
204,AFL,Aflac Inc,Financial,Insurance - Life,USA,57.05B,16.05,110.48,0.77%,1438294,0.77,16.05,57050000000.0,2.5211113058278508e-05,0
205,AFLG,First Trust Active Factor Large Cap ETF,Financial,Exchange Traded Fund,USA,-,-,38.93,0.08%,110222,0.08,19.07,,,0
206,AFMC,First Trust Active Factor Mid Cap ETF,Financial,Exchange Traded Fund,USA,-,-,36.0,0.16%,23335,0.16,19.07,,,0
207,AFOS,ARS Focused Opportunity Strategy ETF,Financial,Exchange Traded Fund,USA,-,-,36.98,-0.19%,1317,-0.19,19.07,,,0
208,AFRI,Forafric Global PLC,Consumer Defensive,Farm Products,United Kingdom,263.10M,-,9.78,1.14%,4284,1.14,19.07,263100000.00000003,1.628278215019847e-05,0
209,AFRM,Affirm Holdings Inc,Financial,Credit Services,USA,15.43B,56.97,46.31,1.69%,3583456,1.69,56.97,15430000000.0,0.00023223953336148803,0
210,AFRU,T-REX 2X Long AFRM Daily Target ETF,Financial,Exchange Traded Fund,USA,-,-,4.82,2.34%,62428,2.34,19.07,,,0
211,AFSC,abrdn Focused U.S. Small Cap Active ETF,Financial,Exchange Traded Fund,USA,-,-,31.14,0.03%,210,0.03,19.07,,,0
212,AFSM,First Trust Active Factor Small Cap ETF,Financial,Exchange Traded Fund,USA,-,-,33.35,0.54%,18096,0.54,19.07,,,0
213,AFYA,Afya Ltd,Consumer Defensive,Education & Training Services,Brazil,1.28B,10.39,14.96,-0.07%,116369,-0.07,10.39,1280000000.0,9.0913281178974e-05,0
214,AG,First Majestic Silver Corporation,Basic Materials,Silver,Canada,10.77B,64.90,21.84,-1.49%,14145611,-1.49,64.9,10770000000.0,0.0013134272050776762,0
215,AGAE,Allied Gaming & Entertainment Inc,Communication Services,Entertainment,USA,10.88M,-,0.29,4.49%,122870,4.49,19.07,10880000.0,0.011293197491434055,0
216,AGBK,AGI Inc,Financial,Banks - Regional,Brazil,1.15B,-,7.18,0.14%,197920,0.14,19.07,1150000000.0,0.000172104347676431,0
217,AGCC,Agencia Comercial Spirits Ltd,Consumer Defensive,Beverages - Wineries & Distilleries,Taiwan,532.49M,710.55,15.49,-1.65%,250770,-1.65,710.55,532490000.0,0.00047093842049439723,0
218,AGCO,AGCO Corp,Industrials,Farm & Heavy Construction Machinery,USA,8.30B,11.76,114.59,-2.68%,814660,-2.68,11.76,8300000000.000001,9.815180721709013e-05,0
219,AGD,abrdn Global Dynamic Dividend Fund,Financial,Closed-End Fund - Foreign,USA,272.16M,6.08,10.94,-0.55%,116288,-0.55,6.08,272160000.0,0.00042727807015256443,0
220,AGEM,abrdn Emerging Markets Dividend Active ETF,Financial,Exchange Traded Fund,USA,-,-,40.49,-0.99%,12273,-0.99,19.07,,,0
221,AGEN,Agenus Inc,Healthcare,Biotechnology,USA,127.87M,-,3.33,-2.06%,480750,-2.06,19.07,127870000.0,0.0037596777683610093,0
222,AGG,iShares Core U.S. Aggregate Bond ETF,Financial,Exchange Traded Fund,USA,-,-,99.23,0.23%,12005994,0.23,19.07,,,0
223,AGGA,EA Astoria Dynamic Core US Fixed Income ETF,Financial,Exchange Traded Fund,USA,-,-,25.17,0.16%,33954,0.16,19.07,,,0
224,AGGH,Simplify Aggregate Bond ETF,Financial,Exchange Traded Fund,USA,-,-,20.4,0.29%,105745,0.29,19.07,,,0
225,AGGS,Harbor Disciplined Bond ETF,Financial,Exchange Traded Fund,USA,-,-,40.83,0.21%,24,0.21,19.07,,,0
226,AGGY,WisdomTree Yield Enhanced U.S. Aggregate Bond Fund,Financial,Exchange Traded Fund,USA,-,-,43.64,0.38%,50242,0.38,19.07,,,0
227,AGH,Aureus Greenway Holdings Inc,Consumer Cyclical,Leisure,USA,79.40M,-,3.92,-1.51%,614532,-1.51,19.07,79400000.0,0.007739697635520181,0
228,AGI,Alamos Gold Inc,Basic Materials,Gold,Canada,19.32B,21.95,46.01,0.85%,3232009,0.85,21.95,19320000000.0,0.00016728825050893952,0
229,AGIG,Abundia Global Impact Group Inc,Utilities,Utilities - Renewable,USA,53.34M,-,1.22,-9.63%,579152,-9.63,19.07,53340000.0,0.010857742578595002,0
230,AGIO,Agios Pharmaceuticals Inc,Healthcare,Biotechnology,USA,2.06B,-,35.2,2.95%,1425264,2.95,19.07,2060000000.0,0.0006918757278194778,0
231,AGIQ,SoFi Agentic AI ETF,Financial,Exchange Traded Fund,USA,-,-,20.33,-0.30%,7055,-0.3,19.07,,,0
232,AGIX,KraneShares Artificial Intelligence & Technology ETF,Financial,Exchange Traded Fund,USA,-,-,33.5,1.18%,332784,1.18,19.07,,,0
233,AGL,Agilon Health Inc,Healthcare,Medical Care Facilities,USA,178.35M,-,10.74,10.15%,415549,10.15,19.07,178350000.0,0.0023299635417439665,0
234,AGM,Federal Agricultural Mortgage Corp,Financial,Credit Services,USA,1.60B,9.03,150.3,1.12%,70787,1.12,9.03,1600000000.0,4.4241874972348825e-05,0
235,AGMB,AgomAb Therapeutics NV ADR,Healthcare,Biotechnology,Belgium,522.49M,-,10.72,-9.00%,178472,-9.0,19.07,522490000.0,0.00034157974249922536,0
236,AGMH,AGM Group Holdings Inc,Technology,Computer Hardware,Hong Kong,1.74M,0.02,0.87,-6.66%,19340,-6.66,0.02,1740000.0,0.011114936140841298,0
237,AGMI,Themes Silver Miners ETF,Financial,Exchange Traded Fund,USA,-,-,69.82,-0.84%,1414,-0.84,19.07,,,0
238,AGNC,AGNC Investment Corp,Real Estate,REIT - Mortgage,USA,11.40B,7.28,10.15,1.30%,12471371,1.3,7.28,11400000000.0,0.0010939799121847387,0
239,AGNG,Global X Aging Population ETF,Financial,Exchange Traded Fund,USA,-,-,35.96,-0.36%,5704,-0.36,19.07,,,0
240,AGO,Assured Guaranty Ltd,Financial,Insurance - Specialty,Bermuda,3.65B,7.94,81.1,0.57%,247982,0.57,7.94,3650000000.0,6.794027395398896e-05,0
241,AGOX,Adaptive Alpha Opportunities ETF,Financial,Exchange Traded Fund,USA,-,-,27.29,1.26%,67878,1.26,19.07,,,0
242,AGPU,Axe Compute Inc,Technology,Software - Infrastructure,USA,22.54M,-,4.07,14.33%,8186630,14.33,19.07,22540000.0,0.3632045091746003,0
243,AGQ,ProShares Ultra Silver 2x Shares,Financial,Exchange Traded Fund,USA,-,-,110.77,-6.85%,5232544,-6.85,19.07,,,0
244,AGQI,First Trust Active Global Quality Income ETF,Financial,Exchange Traded Fund,USA,-,-,17.02,-0.54%,5274,-0.54,19.07,,,0
245,AGRH,iShares Interest Rate Hedged U.S. Aggregate Bond ETF,Financial,Exchange Traded Fund,USA,-,-,26.08,-0.29%,921,-0.29,19.07,,,0
246,AGRO,Adecoagro S.A,Consumer Defensive,Farm Products,Luxembourg,2.15B,-,15.22,2.63%,1305061,2.63,19.07,2150000000.0,0.0006070051159967418,0
247,AGRW,Allspring LT Large Growth ETF,Financial,Exchange Traded Fund,USA,-,-,27.44,0.35%,937,0.35,19.07,,,0
248,AGRZ,Agroz Inc,Consumer Defensive,Farm Products,Malaysia,10.66M,-,0.49,-4.74%,478355,-4.74,19.07,10660000.0,0.04487382318256818,0
249,AGX,"Argan, Inc",Industrials,Engineering & Construction,USA,8.02B,59.08,575.16,0.66%,295089,0.66,59.08,8020000000.0,3.679413964628502e-05,0
250,AGYS,"Agilysys, Inc",Technology,Software - Application,USA,2.00B,66.32,71.09,2.11%,174272,2.11,66.32,2000000000.0,8.7135999956432e-05,0
251,AGZ,iShares Agency Bond ETF,Financial,Exchange Traded Fund,USA,-,-,109.46,0.07%,12308,0.07,19.07,,,0
252,AGZD,WisdomTree Interest Rate Hedged U.S. Aggregate Bond Fund,Financial,Exchange Traded Fund,USA,-,-,22.55,0.16%,21981,0.16,19.07,,,0
253,AHCO,AdaptHealth Corp,Healthcare,Medical Devices,USA,1.64B,-,12.03,1.43%,1056739,1.43,19.07,1640000000.0,0.0006443530483875896,0
254,AHG,Akso Health Group ADR,Healthcare,Medical Distribution,China,1.90B,-,2.22,-4.31%,160433,-4.31,19.07,1900000000.0,8.44384210081903e-05,0
255,AHLT,American Beacon AHL Trend ETF,Financial,Exchange Traded Fund,USA,-,-,28.58,1.01%,3827,1.01,19.07,,,0
256,AHMA,Ambitions Enterprise Management Co LLC,Consumer Cyclical,Travel Services,United Arab Emirates,34.22M,107.41,1.16,-0.85%,226847,-0.85,107.41,34220000.0,0.006629076369693852,0
257,AHR,American Healthcare REIT Inc,Real Estate,REIT - Healthcare Facilities,USA,9.14B,117.90,48.09,1.20%,1911677,1.2,117.9,9140000000.0,0.00020915503279987362,0
258,AHRT,AH Realty Trust Inc,Real Estate,REIT - Diversified,USA,454.78M,-,5.67,5.00%,1855178,5.0,19.07,454780000.0,0.004079286679099154,0
259,AHT,Ashford Hospitality Trust Inc,Real Estate,REIT - Hotel & Motel,USA,16.77M,-,2.59,-3.00%,19450,-3.0,19.07,16770000.0,0.0011598091139052406,0
260,AHYB,American Century Select High Yield ETF,Financial,Exchange Traded Fund,USA,-,-,46.21,0.08%,19347,0.08,19.07,,,0
261,AI,C3.ai Inc,Technology,Software - Infrastructure,USA,1.26B,-,8.64,2.01%,3739057,2.01,19.07,1260000000.0,0.0029675055532003922,0
262,AIA,iShares Asia 50 ETF,Financial,Exchange Traded Fund,USA,-,-,105.62,-1.66%,140159,-1.66,19.07,,,0
263,AIB,BlockchAIn Digital Infrastructure Inc,Technology,Software - Infrastructure,USA,114.96M,-,1.16,16.00%,561009,16.0,19.07,114960000.0,0.004880036491996899,0
264,AIBD,Direxion Daily AI and Big Data Bear 2X ETF,Financial,Exchange Traded Fund,USA,-,-,9.52,-1.46%,34552,-1.46,19.07,,,0
265,AIBU,Direxion Daily AI and Big Data Bull 2X ETF,Financial,Exchange Traded Fund,USA,-,-,37.73,1.76%,2959,1.76,19.07,,,0
266,AIDX,20/20 Biolabs Inc,Healthcare,Medical Devices,USA,9.96M,-,1.83,-2.66%,57068,-2.66,19.07,9960000.0,0.005729718300229086,0
267,AIEQ,Amplify AI Powered Equity ETF,Financial,Exchange Traded Fund,USA,-,-,43.6,0.12%,2670,0.12,19.07,,,0
268,AIFD,TCW Artificial Intelligence ETF,Financial,Exchange Traded Fund,USA,-,-,39.82,0.86%,6986,0.86,19.07,,,0
269,AIFF,Firefly Neuroscience Inc,Technology,Software - Application,USA,31.36M,-,2.12,-5.36%,974442,-5.36,19.07,31360000.0,0.031072766866302077,0
270,AIFU,AIFU Inc,Financial,Insurance Brokers,China,170.77M,-,1.47,6.67%,2015,6.67,19.07,170770000.0,1.1799496329569032e-05,0
271,AIG,American International Group Inc,Financial,Insurance - Diversified,USA,40.47B,13.92,75.42,-0.19%,2294433,-0.19,13.92,40470000000.0,5.669466271171992e-05,0
272,AIHS,Senmiao Technology Ltd,Industrials,Rental & Leasing Services,China,5.33M,-,1.17,2.63%,45023,2.63,19.07,5330000.0,0.008447090347637834,0
273,AII,American Integrity Insurance Group Inc,Financial,Insurance - Property & Casualty,USA,375.72M,0.06,19.19,1.43%,65356,1.43,0.06,375720000.0,0.0001739486847281255,0
274,AIIA,AI Infrastructure Acquisition Corp,Financial,Shell Companies,USA,193.67M,-,10.04,0.00%,12,0.0,19.07,193670000.0,6.196106747580386e-08,0
275,AIIO,Robo.ai Inc,Consumer Cyclical,Auto Manufacturers,United Arab Emirates,25.92M,-,0.07,-22.65%,5558029,-22.65,19.07,25920000.0,0.2144301229000724,0
276,AIM,AIM ImmunoTech Inc,Healthcare,Biotechnology,USA,4.85M,-,0.6,8.18%,194431,8.18,19.07,4850000.0,0.040088857713637585,0
277,AIMD,Ainos Inc,Technology,Scientific & Technical Instruments,USA,10.46M,-,1.44,0.00%,4886,0.0,19.07,10460000.0,0.0004671127660504048,0
278,AIMS,Acuitas Small Cap Active ETF,Financial,Exchange Traded Fund,USA,-,-,24.04,0.47%,1989,0.47,19.07,,,0
279,AIN,Albany International Corp,Consumer Cyclical,Textile Manufacturing,USA,1.48B,-,52.26,-3.11%,245311,-3.11,19.07,1480000000.0,0.00016575067556368197,0
280,AINP,Allspring Income Plus ETF,Financial,Exchange Traded Fund,USA,-,-,24.91,0.15%,539,0.15,19.07,,,0
281,AINT,FINQ DOLLAR NEUTRAL U.S. Large Cap AI-Managed Equity ETF,Financial,Exchange Traded Fund,USA,-,-,24.84,0.20%,6,0.2,19.07,,,0
282,AIO,Virtus Artificial Intelligence & Technology Opportunities Fund,Financial,Closed-End Fund - Equity,USA,750.58M,5.17,21.8,-0.23%,53271,-0.23,5.17,750580000.0,7.097311403051891e-05,0
283,AIOO,AllianzIM U.S. Equity Buffer100 Protection ETF,Financial,Exchange Traded Fund,USA,-,-,25.7,0.08%,24896,0.08,19.07,,,0
284,AIOS,AIOS Tech Inc,Technology,Information Technology Services,China,2.55M,-,0.55,-2.38%,128628,-2.38,19.07,2550000.0,0.050442333159869346,0
285,AIOT,PowerFleet Inc,Technology,Software - Infrastructure,USA,413.17M,-,3.08,1.32%,1773575,1.32,19.07,413170000.0,0.004292603518424369,0
286,AIP,Arteris Inc,Technology,Semiconductors,USA,827.50M,-,18.2,3.70%,428823,3.7,19.07,827500000.0,0.0005182151051139394,0
287,AIPI,REX AI Equity Premium Income ETF,Financial,Exchange Traded Fund,USA,-,-,34.21,0.38%,83229,0.38,19.07,,,0
288,AIPO,Defiance AI & Power Infrastructure ETF,Financial,Exchange Traded Fund,USA,-,-,25.44,0.16%,155059,0.16,19.07,,,0
289,AIQ,Global X Artificial Intelligence & Technology ETF,Financial,Exchange Traded Fund,USA,-,-,47.27,-0.15%,1661318,-0.15,19.07,,,0
290,AIR,AAR Corp,Industrials,Aerospace & Defense,USA,4.37B,24.17,109.78,-1.43%,410229,-1.43,24.17,4370000000.0,9.387391302199682e-05,0
291,AIRE,reAlpha Tech Corp,Real Estate,Real Estate Services,USA,32.99M,-,0.25,-1.77%,1024802,-1.77,19.07,32990000.000000004,0.03106401845819889,0
292,AIRG,Airgain Inc,Technology,Communication Equipment,USA,66.50M,-,5.44,3.42%,68189,3.42,19.07,66500000.0,0.0010253984808210755,0
293,AIRI,Air Industries Group,Industrials,Aerospace & Defense,USA,15.44M,-,3.23,-0.31%,50250,-0.31,19.07,15440000.0,0.00325453346797063,0
294,AIRJ,AirJoule Technologies Corp,Industrials,Building Products & Equipment,USA,183.44M,-,2.68,3.47%,424446,3.47,19.07,183440000.0,0.0023138137684593665,0
295,AIRO,AIRO Group Holdings Inc,Industrials,Aerospace & Defense,USA,273.80M,-,8.71,5.96%,637330,5.96,19.07,273800000.0,0.0023277209557059134,0
296,AIRR,First Trust RBA American Industrial Renaissance ETF,Financial,Exchange Traded Fund,USA,-,-,112.87,-0.26%,517569,-0.26,19.07,,,0
297,AIRS,Airsculpt Technologies Inc,Healthcare,Medical Care Facilities,USA,223.63M,-,3.17,16.12%,3424707,16.12,19.07,223630000.0,0.015314166188283476,0
298,AIRT,Air T Inc,Industrials,Conglomerates,USA,58.65M,-,21.7,1.69%,1735,1.69,19.07,58650000.0,2.9582267185298086e-05,0
299,AIS,VistaShares Artificial Intelligence Supercycle ETF,Financial,Exchange Traded Fund,USA,-,-,43.33,0.12%,81978,0.12,19.07,,,0
300,AISP,Airship AI Holdings Inc,Technology,Software - Infrastructure,USA,77.34M,3.11,2.25,-0.88%,400855,-0.88,3.11,77340000.0,0.0051830229482412345,0
301,AIT,Applied Industrial Technologies Inc,Industrials,Industrial Distribution,USA,9.96B,25.42,267.12,-0.83%,139688,-0.83,25.42,9960000000.0,1.4024899596985453e-05,0
302,AIUP,FINQ FIRST U.S. Large Cap AI-Managed Equity ETF,Financial,Exchange Traded Fund,USA,-,-,23.88,0.38%,207,0.38,19.07,,,0
303,AIV,Apartment Investment & Management Co,Real Estate,REIT - Residential,USA,582.67M,-,4.05,0.75%,1396499,0.75,19.07,582670000.0,0.0023967236988402976,0
304,AIVC,Amplify Bloomberg AI Value Chain ETF,Financial,Exchange Traded Fund,USA,-,-,71.25,0.58%,1948,0.58,19.07,,,0
305,AIVI,WisdomTree International AI Enhanced Value Fund,Financial,Exchange Traded Fund,USA,-,-,54.57,-0.42%,1607,-0.42,19.07,,,0
306,AIVL,WisdomTree U.S. AI Enhanced Value Fund,Financial,Exchange Traded Fund,USA,-,-,117.4,0.51%,467,0.51,19.07,,,0
307,AIXC,AIxCrypto Holdings Inc,Technology,Software - Infrastructure,USA,25.90M,-,1.28,3.23%,21617,3.23,19.07,25900000.0,0.0008346331724079857,0
308,AIXI,Xiao-I Corp ADR,Technology,Software - Application,China,1.76M,-,0.13,33.10%,218493016,33.1,19.07,1760000.0,124.14368855472242,0
309,AIYY,YieldMax AI Option Income Strategy ETF,Financial,Exchange Traded Fund,USA,-,-,9.84,-1.70%,30713,-1.7,19.07,,,0
310,AIZ,Assurant Inc,Financial,Insurance - Property & Casualty,USA,10.85B,12.83,218.26,0.89%,288398,0.89,12.83,10850000000.0,2.6580460827043276e-05,0
311,AJAN,Innovator Equity Defined Protection ETF - 2 Yr to January 2028,Financial,Exchange Traded Fund,USA,-,-,27.69,0.07%,9618,0.07,19.07,,,0
312,AJG,Arthur J. Gallagher & Co,Financial,Insurance Brokers,USA,55.95B,37.86,217.61,0.59%,1730654,0.59,37.86,55950000000.0,3.09321537081156e-05,0
313,AJUL,Innovator Equity Defined Protection ETF - 2 Yr to July 2026,Financial,Exchange Traded Fund,USA,-,-,29.1,0.09%,6095,0.09,19.07,,,0
314,AKA,a.k.a. Brands Holding Corp,Consumer Cyclical,Apparel Retail,USA,113.44M,-,10.49,3.84%,2778,3.84,19.07,113440000.0,2.4488716286241922e-05,0
315,AKAF,The Frontier Economic Fund,Financial,Exchange Traded Fund,USA,-,-,31.15,0.27%,13,0.27,19.07,,,0
316,AKAM,Akamai Technologies Inc,Technology,Software - Infrastructure,USA,17.10B,38.37,118.0,1.94%,4114254,1.94,38.37,17100000000.000002,0.00024059964910873685,0
317,AKAN,Akanda Corp,Healthcare,Drug Manufacturers - Specialty & Generic,United Kingdom,1.38M,-,0.69,-0.99%,88962,-0.99,19.07,1380000.0,0.06446517067741256,0
318,AKBA,Akebia Therapeutics Inc,Healthcare,Drug Manufacturers - Specialty & Generic,USA,369.67M,-,1.38,-2.13%,1876856,-2.13,19.07,369670000.0,0.005077112005093429,0
319,AKO-A,Embotelladora Andina S.A. ADR,Consumer Defensive,Beverages - Non-Alcoholic,Chile,1.97B,14.35,25.0,12.71%,2247,12.71,14.35,1970000000.0,1.1406091364768482e-06,0
320,AKO-B,Embotelladora Andina S.A. ADR,Consumer Defensive,Beverages - Non-Alcoholic,Chile,2.02B,13.38,25.64,-1.63%,6275,-1.63,13.38,2020000000.0,3.106435642026517e-06,0
321,AKR,Acadia Realty Trust,Real Estate,REIT - Retail,USA,2.59B,206.38,19.42,0.88%,1367588,0.88,206.38,2590000000.0,0.0005280262546223836,0
322,AKRE,Akre Focus ETF,Financial,Exchange Traded Fund,USA,-,-,52.92,0.42%,508748,0.42,19.07,,,0
323,AKTS,Aktis Oncology Inc,Healthcare,Biotechnology,USA,927.56M,-,17.37,1.76%,380427,1.76,19.07,927560000.0,0.00041013734916324837,0
324,AKTX,Akari Therapeutics Plc ADR,Healthcare,Biotechnology,USA,202.36M,-,4.47,-3.87%,5577,-3.87,19.07,202360000.0,2.755979428958394e-05,0
325,AL,Air Lease Corp,Industrials,Rental & Leasing Services,USA,7.28B,6.98,64.95,0.00%,3049147,0.0,6.98,7280000000.0,0.0004188388735688408,0
326,ALAB,Astera Labs Inc,Technology,Semiconductors,USA,19.94B,96.10,117.14,10.17%,4481088,10.17,96.1,19940000000.0,0.00022472858574600158,0
327,ALAI,Alger AI Enablers & Adopters ETF,Financial,Exchange Traded Fund,USA,-,-,33.7,0.27%,178871,0.27,19.07,,,0
328,ALAR,Alarum Technologies Ltd ADR,Technology,Software - Infrastructure,Israel,45.38M,47.28,6.25,3.14%,17167,3.14,47.28,45380000.0,0.00037829439448447785,0
329,ALB,Albemarle Corp,Basic Materials,Specialty Chemicals,USA,20.99B,-,178.09,-0.21%,1145781,-0.21,19.07,20990000000.0,5.458699380397394e-05,0
330,ALBG,Leverage Shares 2X Long ALB Daily ETF,Financial,Exchange Traded Fund,USA,-,-,14.83,-0.17%,2037,-0.17,19.07,,,0
331,ALBT,Avalon GloboCare Corp,Real Estate,Real Estate Services,USA,4.65M,-,0.58,9.06%,255842,9.06,19.07,4650000.0,0.05501977311402729,0
332,ALC,Alcon Inc,Healthcare,Medical Instruments & Supplies,Switzerland,36.34B,37.75,74.56,-1.26%,1279801,-1.26,37.75,36340000000.0,3.5217418821265346e-05,0
333,ALCO,Alico Inc,Consumer Defensive,Farm Products,USA,322.80M,-,42.16,2.31%,38284,2.31,19.07,322800000.0,0.00011859975180111601,0
334,ALCY,Alchemy Investments Acquisition Corp 1,Financial,Shell Companies,USA,49.99M,-,11.88,0.17%,754,0.17,19.07,49990000.0,1.5083016301599994e-05,0
335,ALDF,Aldel Financial II Inc,Financial,Shell Companies,USA,315.71M,40.31,10.56,0.00%,0,0.0,40.31,315710000.0,0.0,0
336,ALDX,Aldeyra Therapeutics Inc,Healthcare,Biotechnology,USA,99.90M,-,1.66,-1.19%,1805456,-1.19,19.07,99900000.0,0.018072632451725402,0
337,ALEC,Alector Inc,Healthcare,Biotechnology,USA,265.97M,-,2.41,-4.74%,1316688,-4.74,19.07,265970000.00000003,0.0049505131971631635,0
338,ALF,Centurion Acquisition Corp,Financial,Shell Companies,USA,388.15M,33.06,10.8,0.37%,3215,0.37,33.06,388150000.0,8.28288030843004e-06,0
339,ALG,Alamo Group Inc,Industrials,Farm & Heavy Construction Machinery,USA,2.04B,19.57,168.2,-1.06%,136790,-1.06,19.57,2040000000.0,6.705392153575788e-05,0
340,ALGM,Allegro Microsystems Inc,Technology,Semiconductors,USA,6.04B,-,32.6,-2.10%,1312879,-2.1,19.07,6040000000.0,0.0002173640728116947,0
341,ALGN,"Align Technology, Inc",Healthcare,Medical Instruments & Supplies,USA,12.16B,30.15,170.6,-1.23%,1081303,-1.23,30.15,12160000000.0,8.892294407163463e-05,0
342,ALGS,Aligos Therapeutics Inc,Healthcare,Biotechnology,USA,49.32M,-,7.97,2.97%,39566,2.97,19.07,49320000.0,0.0008022303162564819,0
343,ALGT,Allegiant Travel,Industrials,Airlines,USA,1.53B,-,82.83,-0.34%,433280,-0.34,19.07,1530000000.0,0.00028318954229856894,0
344,ALH,Alliance Laundry Holdings Inc,Consumer Cyclical,"Furnishings, Fixtures & Appliances",USA,4.23B,-,21.36,-0.47%,1249935,-0.47,19.07,4230000000.0000005,0.0002954929077315619,0
345,ALHC,Alignment Healthcare Inc,Healthcare,Healthcare Plans,USA,3.83B,-,18.76,5.10%,2728173,5.1,19.07,3830000000.0,0.0007123167099967842,0
346,ALIL,Argent Focused Small Cap ETF,Financial,Exchange Traded Fund,USA,-,-,28.07,0.05%,383,0.05,19.07,,,0
347,ALIS,Calisa Acquisition Corp,Financial,Shell Companies,USA,84.36M,-,10.03,0.10%,13,0.1,19.07,84360000.0,1.5410146806423105e-07,0
348,ALIT,Alight Inc,Technology,Software - Application,USA,294.40M,-,0.55,-4.64%,18714166,-4.64,19.07,294400000.0,0.06356713972973119,0
349,ALK,Alaska Air Group Inc,Industrials,Airlines,USA,4.28B,42.64,37.33,-0.85%,4077491,-0.85,42.64,4280000000.0000005,0.0009526848128615221,0
350,ALKS,Alkermes plc,Healthcare,Drug Manufacturers - Specialty & Generic,Ireland,5.81B,24.32,34.84,-0.60%,2485560,-0.6,24.32,5810000000.0,0.00042780722884202974,0
351,ALKT,Alkami Technology Inc,Technology,Software - Application,USA,1.76B,-,16.56,3.44%,1237420,3.44,19.07,1760000000.0,0.0007030795450550685,0
352,ALL,Allstate Corp,Financial,Insurance - Property & Casualty,USA,53.73B,5.42,207.03,1.44%,1382881,1.44,5.42,53730000000.0,2.5737595383850035e-05,0
353,ALLE,Allegion plc,Industrials,Security & Protection Services,Ireland,12.15B,18.96,141.06,-2.15%,816621,-2.15,18.96,12150000000.0,6.721160493273978e-05,0
354,ALLO,Allogene Therapeutics Inc,Healthcare,Biotechnology,USA,604.57M,-,2.48,-3.12%,4299094,-3.12,19.07,604570000.0,0.007110994579434979,0
355,ALLR,Allarity Therapeutics Inc,Healthcare,Biotechnology,USA,18.35M,-,1.16,2.65%,55115,2.65,19.07,18350000.0,0.0030035420706516582,0
356,ALLT,Allot Ltd,Technology,Software - Infrastructure,Israel,344.50M,97.40,7.11,2.75%,338031,2.75,97.4,344500000.0,0.0009812220581096602,0
357,ALLW,State Street Bridgewater All Weather ETF,Financial,Exchange Traded Fund,USA,-,-,29.1,0.45%,421475,0.45,19.07,,,0
358,ALLY,Ally Financial Inc,Financial,Credit Services,USA,12.27B,16.92,39.84,0.18%,2310746,0.18,16.92,12270000000.0,0.00018832485736036472,0
359,ALM,Almonty Industries Inc,Basic Materials,Other Industrial Metals & Mining,Canada,4.31B,-,15.36,2.26%,3804901,2.26,19.07,4310000000.0,0.0008828076564077012,0
360,ALMS,Alumis Inc,Healthcare,Biotechnology,USA,2.97B,-,23.37,2.82%,1412309,2.82,19.07,2970000000.0,0.0004755249156648064,0
361,ALMU,Aeluma Inc,Technology,Semiconductors,USA,241.96M,-,13.44,4.59%,193617,4.59,19.07,241960000.0,0.0008002025095048664,0
362,ALNT,Allient Inc,Technology,Electronic Components,USA,1.03B,46.01,60.54,-2.07%,160662,-2.07,46.01,1030000000.0,0.00015598252412040532,0
363,ALNY,Alnylam Pharmaceuticals Inc,Healthcare,Biotechnology,USA,42.29B,141.27,318.85,-3.01%,872456,-3.01,141.27,42290000000.0,2.063031449466469e-05,0
364,ALOT,AstroNova Inc,Technology,Computer Hardware,USA,69.59M,-,9.11,0.66%,160817,0.66,19.07,69590000.0,0.002310921076147132,0
365,ALOV,Aldabra 4 Liquidity Opportunity Vehicle Inc,Financial,Shell Companies,USA,369.20M,-,9.84,-0.51%,34124,-0.51,19.07,369200000.0,9.242686865539852e-05,0
366,ALOY,REalloys Inc,Basic Materials,Other Industrial Metals & Mining,USA,549.84M,-,9.19,0.88%,1132727,0.88,19.07,549840000.0,0.002060102935290079,0
367,ALPS,ALPS Group Inc,Healthcare,Biotechnology,Malaysia,168.06M,-,1.01,0.00%,7940,0.0,19.07,168060000.0,4.724503125523604e-05,0
368,ALRG,Allspring LT Large Core ETF,Financial,Exchange Traded Fund,USA,-,-,26.71,0.00%,0,0.0,19.07,,,0
369,ALRM,Alarm.com Holdings Inc,Technology,Software - Application,USA,2.17B,17.73,43.67,0.85%,267331,0.85,17.73,2170000000.0,0.00012319400915981844,0
370,ALRS,Alerus Financial Corp,Financial,Banks - Regional,USA,605.56M,35.88,23.84,0.97%,144781,0.97,35.88,605560000.0,0.0002390861347528137,0
371,ALSN,Allison Transmission Holdings Inc,Consumer Cyclical,Auto Parts,USA,9.69B,15.95,117.06,-1.50%,355307,-1.5,15.95,9690000000.0,3.666738905710347e-05,0
372,ALT,Altimmune Inc,Healthcare,Biotechnology,USA,434.43M,-,3.34,7.05%,2727750,7.05,19.07,434430000.0,0.00627891718739747,0
373,ALTG,Alta Equipment Group Inc,Industrials,Rental & Leasing Services,USA,169.08M,-,5.24,-0.19%,303077,-0.19,19.07,169080000.0,0.001792506495194544,0
374,ALTI,AlTi Global Inc,Financial,Asset Management,USA,560.22M,-,3.82,4.66%,102145,4.66,19.07,560220000.0,0.00018233015568467717,0
375,ALTL,Pacer Lunt Large Cap Alternator ETF,Financial,Exchange Traded Fund,USA,-,-,44.36,0.75%,4002,0.75,19.07,,,0
376,ALTO,Alto Ingredients Inc,Basic Materials,Specialty Chemicals,USA,360.96M,30.62,4.67,-2.51%,1414263,-2.51,30.62,360960000.0,0.003918060162017786,0
377,ALTS,ALT5 Sigma Corp,Technology,Software - Application,USA,144.03M,-,1.14,3.64%,4155737,3.64,19.07,144030000.0,0.02885327342322243,0
378,ALTY,Global X Alternative Income ETF,Financial,Exchange Traded Fund,USA,-,-,12.1,0.42%,8149,0.42,19.07,,,0
379,ALUB,Alussa Energy Acquisition Corp. II,Financial,Shell Companies,USA,358.84M,-,9.98,0.00%,18,0.0,19.07,358840000.0,5.016163178530367e-08,0
380,ALUB-U,Alussa Energy Acquisition Corp. II,Financial,Shell Companies,USA,358.84M,-,10.13,0.00%,0,0.0,19.07,358840000.0,0.0,0
381,ALV,Autoliv Inc,Consumer Cyclical,Auto Parts,Sweden,7.87B,11.00,105.29,-1.69%,477798,-1.69,11.0,7870000000.0,6.071130875975714e-05,0
382,ALVO,Alvotech,Healthcare,Drug Manufacturers - Specialty & Generic,Luxembourg,1.21B,37.86,3.65,0.83%,246832,0.83,37.86,1210000000.0,0.0002039933882611625,0
383,ALX,Alexander's Inc,Real Estate,REIT - Retail,USA,1.18B,41.97,230.72,1.33%,50466,1.33,41.97,1180000000.0,4.2767796573925594e-05,0
384,ALXO,Alx Oncology Holdings Inc,Healthcare,Biotechnology,USA,259.27M,-,1.97,-0.51%,415021,-0.51,19.07,259269999.99999997,0.0016007289636258382,0
385,ALZN,Alzamend Neuro Inc,Healthcare,Biotechnology,USA,3.80M,-,1.0,-1.97%,93629,-1.97,19.07,3800000.0,0.024639204042314726,0
386,AM,Antero Midstream Corp,Energy,Oil & Gas Midstream,USA,10.76B,26.61,22.75,0.89%,1526728,0.89,26.61,10760000000.0,0.0001418892193176683,0
387,AMAL,Amalgamated Financial Corp,Financial,Banks - Regional,USA,1.18B,11.53,39.4,0.82%,114180,0.82,11.53,1180000000.0,9.676271178240448e-05,0
388,AMAT,Applied Materials Inc,Technology,Semiconductor Equipment & Materials,USA,276.55B,35.69,348.47,-1.51%,4253830,-1.51,35.69,276550000000.0,1.538177544742223e-05,0
389,AMAX,RH Hedged Multi-Asset Income ETF,Financial,Exchange Traded Fund,USA,-,-,7.76,0.32%,44911,0.32,19.07,,,0
390,AMBA,Ambarella Inc,Technology,Semiconductor Equipment & Materials,USA,2.21B,-,50.54,-1.06%,667932,-1.06,19.07,2210000000.0,0.00030223167407138836,0
391,AMBO,Ambow Education Holding Ltd ADR,Consumer Defensive,Education & Training Services,USA,6.24M,-,2.38,9.68%,19786,9.68,19.07,6240000.0,0.0031708328251870473,0
392,AMBP,Ardagh Metal Packaging S.A,Consumer Cyclical,Packaging & Containers,Luxembourg,2.44B,-,4.09,-0.49%,890538,-0.49,19.07,2440000000.0,0.00036497459001435465,0
393,AMBQ,Ambiq Micro Inc,Technology,Semiconductors,USA,606.62M,-,28.53,5.94%,339965,5.94,19.07,606620000.0,0.0005604249768216923,0
394,AMBR,Amber International Holding Ltd. ADR,Technology,Software - Infrastructure,Singapore,216.10M,-,2.5,0.40%,18485,0.4,19.07,216100000.0,8.553910187163765e-05,0
395,AMC,AMC Entertainment Holdings Inc,Communication Services,Entertainment,USA,624.91M,-,1.12,8.74%,40939094,8.74,19.07,624910000.0,0.06551198402087983,0
396,AMCI,AMC Robotics Corp,Technology,Computer Hardware,USA,135.12M,-,5.98,-1.16%,27756,-1.16,19.07,135120000.0,0.00020541740522929687,0
397,AMCR,Amcor Plc,Consumer Cyclical,Packaging & Containers,Switzerland,18.45B,26.11,39.93,-1.89%,3887408,-1.89,26.11,18450000000.0,0.00021069962058478594,0
398,AMCX,AMC Networks Inc,Communication Services,Entertainment,USA,306.26M,5.24,7.17,2.43%,331388,2.43,5.24,306260000.0,0.001082047929595612,0
399,AMD,Advanced Micro Devices Inc,Technology,Semiconductors,USA,354.61B,82.24,217.5,3.47%,38260180,3.47,82.24,354610000000.0,0.00010789368602095854,0
400,AMDD,Direxion Daily AMD Bear 1X ETF,Financial,Exchange Traded Fund,USA,-,-,8.37,-3.32%,12252845,-3.32,19.07,,,0
401,AMDG,Leverage Shares 2X Long AMD Daily ETF,Financial,Exchange Traded Fund,USA,-,-,23.53,6.59%,58366,6.59,19.07,,,0
402,AMDL,GraniteShares 2x Long AMD Daily ETF,Financial,Exchange Traded Fund,USA,-,-,13.93,6.83%,11213732,6.83,19.07,,,0
403,AMDW,Roundhill AMD WeeklyPay ETF,Financial,Exchange Traded Fund,USA,-,-,44.0,3.81%,28606,3.81,19.07,,,0
404,AMDY,Yieldmax AMD Option Income Strategy ETF,Financial,Exchange Traded Fund,USA,-,-,32.37,1.16%,52459,1.16,19.07,,,0
405,AME,Ametek Inc,Industrials,Specialty Industrial Machinery,USA,49.98B,34.10,218.29,-0.16%,776333,-0.16,34.1,49980000000.0,1.5532873148948922e-05,0
406,AMG,Affiliated Managers Group Inc,Financial,Asset Management,USA,7.09B,11.59,265.51,-2.92%,393807,-2.92,11.59,7090000000.0,5.554400563391481e-05,0
407,AMGN,AMGEN Inc,Healthcare,Drug Manufacturers - General,USA,187.56B,24.45,347.94,-1.51%,1603555,-1.51,24.45,187560000000.0,8.549557474895769e-06,0
408,AMH,American Homes 4 Rent,Real Estate,REIT - Residential,USA,10.58B,24.64,29.08,3.23%,2953436,3.23,24.64,10580000000.0,0.000279152740994409,0
409,AMID,Argent Mid Cap ETF,Financial,Exchange Traded Fund,USA,-,-,32.51,0.27%,2310,0.27,19.07,,,0
410,AMIX,Autonomix Medical Inc,Healthcare,Medical Devices,USA,4.50M,-,0.39,-1.99%,76669,-1.99,19.07,4500000.0,0.01703755176943294,0
411,AMJB,Alerian MLP Index ETNs,Financial,Exchange Traded Fund,USA,-,-,34.26,0.56%,31335,0.56,19.07,,,0
412,AMKR,AMKOR Technology Inc,Technology,Semiconductor Equipment & Materials,USA,11.55B,31.04,46.7,0.45%,1772948,0.45,31.04,11550000000.0,0.00015350199132870113,0
413,AMLP,Alerian MLP ETF,Financial,Exchange Traded Fund,USA,-,-,52.37,0.54%,1450296,0.54,19.07,,,0
414,AMLX,Amylyx Pharmaceuticals Inc,Healthcare,Drug Manufacturers - Specialty & Generic,USA,1.65B,-,14.95,4.18%,1283971,4.18,19.07,1650000000.0,0.0007781642419526278,0
415,AMN,AMN Healthcare Services Inc,Healthcare,Medical Care Facilities,USA,703.27M,-,18.2,-1.94%,951841,-1.94,19.07,703270000.0,0.0013534503087669738,0
416,AMOD,Alpha Modus Holdings Inc,Technology,Software - Application,USA,17.28M,-,0.34,-8.04%,675028,-8.04,19.07,17280000.0,0.039064118109715384,0
417,AMOM,QRAFT AI Enhanced U.S. Large Cap Momentum ETF,Financial,Exchange Traded Fund,USA,-,-,48.13,-0.09%,15273,-0.09,19.07,,,0
418,AMP,Ameriprise Financial Inc,Financial,Asset Management,USA,39.57B,11.94,433.94,-0.63%,619888,-0.63,11.94,39570000000.0,1.566560525611156e-05,0
419,AMPG,Amplitech Group Inc,Technology,Communication Equipment,USA,48.89M,-,1.93,1.58%,218749,1.58,19.07,48890000.0,0.004474309583262229,0
420,AMPH,Amphastar Pharmaceuticals Inc,Healthcare,Drug Manufacturers - Specialty & Generic,USA,927.82M,10.06,20.45,1.04%,390454,1.04,10.06,927820000.0,0.00042082947078007644,0
421,AMPL,Amplitude Inc,Technology,Software - Application,USA,914.69M,-,6.84,0.74%,1048837,0.74,19.07,914690000.0,0.0011466584294715604,0
422,AMPX,Amprius Technologies Inc,Industrials,Electrical Equipment & Parts,USA,2.19B,-,16.0,3.09%,5905937,3.09,19.07,2190000000.0,0.0026967748846133447,0
423,AMPY,Amplify Energy Corp,Energy,Oil & Gas E&P,USA,246.77M,5.92,5.98,1.87%,1002537,1.87,5.92,246770000.0,0.00406263725711133,0
424,AMR,Alpha Metallurgical Resources Inc,Basic Materials,Coking Coal,USA,2.68B,-,209.31,5.54%,206325,5.54,19.07,2680000000.0,7.698694026978099e-05,0
425,AMRC,Ameresco Inc,Industrials,Engineering & Construction,USA,1.30B,29.81,24.59,-0.32%,755001,-0.32,29.81,1300000000.0,0.0005807699995532538,0
426,AMRN,Amarin Corp ADR,Healthcare,Drug Manufacturers - General,Ireland,306.74M,-,14.74,0.68%,13168,0.68,19.07,306740000.0,4.292886469671753e-05,0
427,AMRX,Amneal Pharmaceuticals Inc,Healthcare,Drug Manufacturers - Specialty & Generic,USA,3.93B,56.37,12.48,-1.81%,1351066,-1.81,56.37,3930000000.0,0.0003437826971135413,0
428,AMRZ,Amrize Ltd,Basic Materials,Building Materials,USA,29.97B,25.31,54.23,-1.72%,2629875,-1.72,25.31,29970000000.0,8.775025024732231e-05,0
429,AMS,American Shared Hospital Services,Healthcare,Medical Care Facilities,USA,8.91M,-,1.35,0.00%,13319,0.0,19.07,8910000.0,0.0014948370937332106,0
430,AMSC,American Superconductor Corp,Industrials,Specialty Industrial Machinery,USA,1.53B,10.95,32.09,-1.72%,630302,-1.72,10.95,1530000000.0,0.0004119620912340117,0
431,AMSF,Amerisafe Inc,Financial,Insurance - Specialty,USA,619.67M,13.34,32.97,1.23%,237992,1.23,13.34,619670000.0,0.0003840624842511942,0
432,AMST,Amesite Inc,Technology,Software - Application,USA,8.09M,-,1.77,0.00%,4749,0.0,19.07,8090000.0,0.0005870209410357304,0
433,AMT,American Tower Corp,Real Estate,REIT - Specialty,USA,80.97B,32.19,173.73,1.58%,4223585,1.58,32.19,80970000000.0,5.216234407740938e-05,0
434,AMTB,Amerant Bancorp Inc,Financial,Banks - Regional,USA,916.06M,18.18,22.77,0.84%,173551,0.84,18.18,916060000.0,0.00018945374736430612,0
435,AMTD,AMTD IDEA Group ADR,Financial,Asset Management,France,39.65M,1.33,0.98,-0.99%,10632,-0.99,1.33,39650000.0,0.000268146273186727,0
436,AMTM,Amentum Holdings Inc,Industrials,Specialty Business Services,USA,6.60B,67.16,27.04,2.66%,1392621,2.66,67.16,6600000000.0,0.00021100318178621165,0
437,AMTX,Aemetis Inc,Basic Materials,Specialty Chemicals,USA,210.56M,-,3.16,6.04%,2099850,6.04,19.07,210560000.0,0.009972691821938204,0
438,AMUB,UBS ETRACS Alerian MLP Index ETN,Financial,Exchange Traded Fund,USA,-,-,21.64,0.71%,442,0.71,19.07,,,0
439,AMUN,abrdn Ultra Short Municipal Income Active ETF,Financial,Exchange Traded Fund,USA,-,-,26.03,0.06%,186,0.06,19.07,,,0
440,AMUU,Direxion Daily AMD Bull 2X ETF,Financial,Exchange Traded Fund,USA,-,-,48.51,6.71%,101633,6.71,19.07,,,0
441,AMWD,American Woodmark Corp,Consumer Cyclical,"Furnishings, Fixtures & Appliances",USA,557.58M,32.93,38.27,-3.11%,132887,-3.11,32.93,557580000.0,0.00023832813185851692,0
442,AMWL,American Well Corporation,Healthcare,Health Information Services,USA,91.03M,-,5.5,3.97%,22193,3.97,19.07,91030000.0,0.00024379874498738058,0
443,AMX,America Movil S.A.B.DE C.V. ADR,Communication Services,Telecom Services,Mexico,78.29B,17.85,25.58,0.20%,863575,0.2,17.85,78290000000.0,1.1030463660607607e-05,0
444,AMYY,GraniteShares YieldBOOST AMD ETF,Financial,Exchange Traded Fund,USA,-,-,15.52,-0.89%,9715,-0.89,19.07,,,0
445,AMZA,InfraCap MLP ETF 1.25x Shares,Financial,Exchange Traded Fund,USA,-,-,45.67,2.10%,38345,2.1,19.07,,,0
446,AMZD,Direxion Daily AMZN Bear 1X ETF,Financial,Exchange Traded Fund,USA,-,-,10.94,0.55%,12913750,0.55,19.07,,,0
447,AMZE,Amaze Holdings Inc,Technology,Software - Application,USA,4.69M,-,0.13,-6.13%,1743744,-6.13,19.07,4690000.0,0.3718003471641051,0
448,AMZN,Amazon.com Inc,Consumer Cyclical,Internet Retail,USA,2251.86B,29.25,209.77,-0.38%,31255136,-0.38,29.25,2251860000000.0,1.3879697672140417e-05,0
449,AMZO,Tradr 2X Short AMZN Daily ETF,Financial,Exchange Traded Fund,USA,-,-,24.82,0.87%,3085,0.87,19.07,,,0
450,AMZP,Kurv Yield Premium Strategy Amazon (AMZN) ETF,Financial,Exchange Traded Fund,USA,-,-,23.42,-0.47%,4045,-0.47,19.07,,,0
451,AMZU,Direxion Daily AMZN Bull 2X ETF,Financial,Exchange Traded Fund,USA,-,-,27.2,-0.87%,2008184,-0.87,19.07,,,0
452,AMZW,Roundhill AMZN WeeklyPay ETF,Financial,Exchange Traded Fund,USA,-,-,34.13,0.12%,19251,0.12,19.07,,,0
453,AMZY,YieldMax AMZN Option Income Strategy ETF,Financial,Exchange Traded Fund,USA,-,-,11.0,-0.45%,274738,-0.45,19.07,,,0
454,AMZZ,GraniteShares 2x Long AMZN Daily ETF,Financial,Exchange Traded Fund,USA,-,-,24.88,-0.79%,102048,-0.79,19.07,,,0
455,AN,Autonation Inc,Consumer Cyclical,Auto & Truck Dealerships,USA,6.86B,11.59,197.68,-0.15%,312217,-0.15,11.59,6860000000.0,4.551268220910894e-05,0
456,ANAB,AnaptysBio Inc,Healthcare,Biotechnology,USA,1.66B,-,57.68,1.67%,611617,1.67,19.07,1660000000.0,0.00036844397568166023,0
457,ANDE,Andersons Inc,Consumer Defensive,Food Distribution,USA,2.50B,26.25,73.41,0.99%,252618,0.99,26.25,2500000000.0,0.00010104719995958112,0
458,ANDG,Andersen Group Inc,Consumer Cyclical,Personal Services,USA,3.31B,5.92,29.67,1.61%,197762,1.61,5.92,3310000000.0,5.9746827776511534e-05,0
459,ANEL,Defiance Daily Target 2x Long ANET ETF,Financial,Exchange Traded Fund,USA,-,-,13.5,2.93%,31239,2.93,19.07,,,0
460,ANET,Arista Networks Inc,Technology,Computer Hardware,USA,159.18B,46.01,126.68,1.47%,5120014,1.47,46.01,159180000000.0,3.2164932780297995e-05,0
461,ANEW,ProShares MSCI Transformational Changes ETF,Financial,Exchange Traded Fund,USA,-,-,45.67,0.01%,13,0.01,19.07,,,0
462,ANF,Abercrombie & Fitch Co,Consumer Cyclical,Apparel Retail,USA,4.14B,8.76,92.25,-2.13%,816319,-2.13,8.76,4139999999.9999995,0.0001971785023678313,0
463,ANGH,Anghami Inc,Communication Services,Entertainment,United Arab Emirates,31.09M,-,3.43,2.69%,925,2.69,19.07,31090000.0,2.9752330982556096e-05,0
464,ANGI,Angi Inc,Communication Services,Internet Content & Information,USA,274.72M,7.34,6.85,-0.58%,660626,-0.58,7.34,274720000.0,0.0024047248019629995,0
465,ANGL,VanEck Fallen Angel High Yield Bond ETF,Financial,Exchange Traded Fund,USA,-,-,28.81,0.28%,2727366,0.28,19.07,,,0
466,ANGO,Angiodynamic Inc,Healthcare,Medical Instruments & Supplies,USA,424.95M,-,10.31,-13.65%,1224028,-13.65,19.07,424950000.0,0.0028804047467221915,0
467,ANGX,Angel Studios Inc,Communication Services,Entertainment,USA,506.83M,-,2.99,-0.33%,623552,-0.33,19.07,506830000.0,0.0012302981251498567,0
468,ANIK,Anika Therapeutics Inc,Healthcare,Drug Manufacturers - Specialty & Generic,USA,198.33M,-,14.8,-1.20%,98847,-1.2,19.07,198330000.0,0.0004983966091947935,0
469,ANIP,ANI Pharmaceuticals Inc,Healthcare,Drug Manufacturers - Specialty & Generic,USA,1.66B,22.14,74.21,-2.30%,275750,-2.3,22.14,1660000000.0,0.00016611445773125636,0
470,ANIX,Anixa Biosciences Inc,Healthcare,Biotechnology,USA,85.50M,-,2.55,-6.25%,69390,-6.25,19.07,85500000.0,0.0008115789378762698,0
471,ANL,Adlai Nortye Ltd. ADR,Healthcare,Biotechnology,China,255.54M,-,8.18,3.54%,453411,3.54,19.07,255540000.0,0.001774324951967109,0
472,ANNA,AleAnna Inc,Energy,Oil & Gas E&P,USA,525.90M,178.51,7.89,8.68%,7347336,8.68,178.51,525900000.0,0.01397097544405595,0
473,ANNX,Annexon Inc,Healthcare,Biotechnology,USA,882.61M,-,5.5,2.61%,3329638,2.61,19.07,882610000.0,0.0037724906767740104,0
474,ANPA,Rich Sparkle Holdings Ltd,Industrials,Specialty Business Services,Hong Kong,111.87M,6884.62,8.95,-4.48%,11446,-4.48,6884.62,111870000.0,0.00010231518635634946,1
475,ANRO,Alto Neuroscience Inc,Healthcare,Biotechnology,USA,692.58M,-,21.68,-7.39%,691110,-7.39,19.07,692580000.0,0.0009978775000752584,0
476,ANSC,Agriculture & Natural Solutions Acquisition Corp,Financial,Shell Companies,USA,468.86M,46.29,11.29,0.00%,204,0.0,46.29,468860000.0,4.3509789609883997e-07,0
477,ANTA,Antalpha Platform Holding Co,Financial,Credit Services,Singapore,166.22M,9.41,7.02,8.00%,3203,8.0,9.41,166220000.0,1.926964252635277e-05,0
478,ANTX,AN2 Therapeutics Inc,Healthcare,Biotechnology,USA,117.53M,-,3.27,-5.22%,412054,-5.22,19.07,117530000.0,0.0035059473878503583,0
479,ANV,GraniteShares Autocallable NVDA ETF,Financial,Exchange Traded Fund,USA,-,-,24.57,-0.04%,692,-0.04,19.07,,,0
480,ANVS,Annovis Bio Inc,Healthcare,Biotechnology,USA,64.65M,-,2.28,7.55%,962605,7.55,19.07,64650000.00000001,0.014889481594903609,0
481,ANY,Sphere 3D Corp,Financial,Capital Markets,USA,5.73M,-,1.52,0.66%,33405,0.66,19.07,5730000.0,0.005829841914512755,0
482,AOA,iShares Core 80/20 Aggressive Allocation ETF,Financial,Exchange Traded Fund,USA,-,-,88.63,-0.45%,137618,-0.45,19.07,,,0
483,AOCT,Innovator Equity Defined Protection ETF - 2 Yr to October 2026,Financial,Exchange Traded Fund,USA,-,-,26.53,0.03%,503,0.03,19.07,,,0
484,AOD,abrdn Total Dynamic Dividend Fund,Financial,Closed-End Fund - Foreign,USA,986.83M,5.96,9.36,-1.06%,393355,-1.06,5.96,986830000.0,0.0003986046224794497,0
485,AOHY,Angel Oak High Yield Opportunities ETF,Financial,Exchange Traded Fund,USA,-,-,10.98,0.00%,58613,0.0,19.07,,,0
486,AOK,iShares Core 30/70 Conservative Allocation ETF,Financial,Exchange Traded Fund,USA,-,-,39.9,-0.27%,175846,-0.27,19.07,,,0
487,AOM,iShares Core 40/60 Moderate Allocation ETF,Financial,Exchange Traded Fund,USA,-,-,47.26,-0.59%,224501,-0.59,19.07,,,0
488,AOMR,Angel Oak Mortgage REIT Inc,Real Estate,REIT - Mortgage,USA,203.30M,4.52,8.16,0.12%,51881,0.12,4.52,203300000.0,0.00025519429289132175,0
489,AON,Aon plc,Financial,Insurance Brokers,Ireland,69.23B,18.98,323.14,0.56%,1124001,0.56,18.98,69230000000.0,1.6235750396992116e-05,0
490,AOR,iShares Core 60/40 Balanced Allocation ETF,Financial,Exchange Traded Fund,USA,-,-,64.39,-0.54%,297039,-0.54,19.07,,,0
491,AORT,Artivion Inc,Healthcare,Medical Devices,USA,1.64B,171.11,34.17,0.03%,448179,0.03,171.11,1640000000.0,0.0002732798778821464,0
492,AOS,A.O. Smith Corp,Industrials,Specialty Industrial Machinery,USA,8.90B,16.73,64.35,-1.12%,1132415,-1.12,16.73,8900000000.0,0.00012723764043514184,0
493,AOSL,Alpha & Omega Semiconductor Ltd,Technology,Semiconductors,USA,675.87M,-,22.71,-0.57%,167605,-0.57,19.07,675870000.0,0.00024798407941174473,0
494,AOTG,AOT Growth and Innovation ETF,Financial,Exchange Traded Fund,USA,-,-,48.24,0.39%,2618,0.39,19.07,,,0
495,AOTS,AOT Software Platform ETF,Financial,Exchange Traded Fund,USA,-,-,21.15,0.59%,103,0.59,19.07,,,0
496,AOUT,American Outdoor Brands Inc,Consumer Cyclical,Leisure,USA,113.74M,-,9.03,-1.20%,54152,-1.2,19.07,113740000.0,0.0004761033895190488,0
497,AP,Ampco-Pittsburgh Corp,Industrials,Metal Fabrication,USA,145.74M,-,7.17,-0.42%,105159,-0.42,19.07,145740000.0,0.0007215520740939202,0
498,APA,APA Corporation,Energy,Oil & Gas E&P,USA,14.85B,10.56,42.04,1.67%,9892124,1.67,10.56,14850000000.0,0.0006661362962514386,0
499,APAC,StoneBridge Acquisition II Corp,Financial,Shell Companies,USA,80.83M,269.71,10.06,0.10%,3,0.1,269.71,80830000.0,3.711493211536642e-08,0
500,APAD,A Paradise Acquisition Corp,Financial,Shell Companies,Hong Kong,277.30M,840.50,10.17,0.00%,29673,0.0,840.5,277300000.0,0.00010700685139918192,0
501,APAM,Artisan Partners Asset Management Inc,Financial,Asset Management,USA,2.95B,9.34,36.57,0.03%,1063725,0.03,9.34,2950000000.0,0.00036058474564047976,0
502,APC,ARKO Petroleum Corp,Energy,Oil & Gas Refining & Marketing,USA,835.51M,-,18.12,-0.22%,169805,-0.22,19.07,835510000.0,0.00020323514954550495,0
503,APCB,ActivePassive Core Bond ETF,Financial,Exchange Traded Fund,USA,-,-,29.44,0.24%,67363,0.24,19.07,,,0
504,APD,Air Products & Chemicals Inc,Basic Materials,Specialty Chemicals,USA,65.36B,-,293.55,1.42%,1352253,1.42,19.07,65360000000.0,2.068930538524037e-05,0
505,APEI,American Public Education Inc,Consumer Defensive,Education & Training Services,USA,1.06B,42.58,57.66,0.28%,188690,0.28,42.58,1060000000.0,0.00017800943379433072,0
506,APG,APi Group Corporation,Industrials,Engineering & Construction,USA,18.30B,-,42.03,1.20%,2979536,1.2,19.07,18300000000.0,0.00016281617485449092,0
507,APGE,Apogee Therapeutics Inc,Healthcare,Biotechnology,USA,5.86B,-,84.34,0.12%,663242,0.12,19.07,5860000000.0,0.00011318122864962778,0
508,APH,Amphenol Corp,Technology,Electronic Components,USA,157.34B,38.33,128.0,0.23%,5584050,0.23,38.33,157340000000.0,3.5490339392173064e-05,0
509,APHU,T-REX 2X Long APH Daily Target ETF,Financial,Exchange Traded Fund,USA,-,-,17.75,-0.28%,1897,-0.28,19.07,,,0
510,API,Agora Inc ADR,Technology,Software - Application,China,272.56M,37.50,3.66,0.55%,142319,0.55,37.5,272560000.0,0.0005221565874590674,0
511,APIE,ActivePassive International Equity ETF,Financial,Exchange Traded Fund,USA,-,-,35.58,-0.34%,66324,-0.34,19.07,,,0
512,APLD,Applied Digital Corporation,Technology,Information Technology Services,USA,6.87B,-,24.56,0.29%,19646424,0.29,19.07,6870000000.0,0.002859741484299892,0
513,APLE,Apple Hospitality REIT Inc,Real Estate,REIT - Hotel & Motel,USA,2.72B,15.63,11.53,-0.17%,3246245,-0.17,15.63,2720000000.0,0.0011934724260318115,0
514,APLM,Apollomics Inc,Healthcare,Biotechnology,USA,15.62M,-,14.12,-4.08%,556,-4.08,19.07,15620000.0,3.559538824613391e-05,0
515,APLS,Apellis Pharmaceuticals Inc,Healthcare,Biotechnology,USA,5.17B,327.21,40.41,0.05%,10333522,0.05,327.21,5170000000.0,0.0019987470015476313,0
516,APLU,Allspring Core Plus ETF,Financial,Exchange Traded Fund,USA,-,-,24.74,0.23%,21348,0.23,19.07,,,0
517,APLX,Tradr 2X Long APLD Daily ETF,Financial,Exchange Traded Fund,USA,-,-,11.66,0.52%,2463499,0.52,19.07,,,0
518,APLY,YieldMax AAPL Option Income Strategy ETF,Financial,Exchange Traded Fund,USA,-,-,11.72,-0.42%,90463,-0.42,19.07,,,0
519,APLZ,Tradr 2X Short APLD Daily ETF,Financial,Exchange Traded Fund,USA,-,-,19.36,-0.62%,472517,-0.62,19.07,,,0
520,APM,Aptorum Group Ltd,Healthcare,Biotechnology,United Kingdom,7.54M,-,0.93,-2.93%,13025,-2.93,19.07,7540000.0,0.0017274533517966377,0
521,APMU,ActivePassive Intermediate Municipal Bond ETF,Financial,Exchange Traded Fund,USA,-,-,24.9,0.12%,12868,0.12,19.07,,,0
522,APO,Apollo Global Management Inc,Financial,Asset Management,USA,61.90B,19.57,107.04,-2.91%,5417158,-2.91,19.57,61900000000.0,8.75146688192647e-05,0
523,APOC,Innovator Equity Defined Protection ETF - 6mo Apr/Oct,Financial,Exchange Traded Fund,USA,-,-,25.82,-0.10%,28460,-0.1,19.07,,,0
524,APOG,Apogee Enterprises Inc,Industrials,Building Products & Equipment,USA,717.36M,18.03,33.35,-1.19%,161966,-1.19,18.03,717360000.0,0.00022578063981016416,0
525,APP,Applovin Corp,Communication Services,Advertising Agencies,USA,130.31B,40.89,386.37,-0.38%,3195443,-0.38,40.89,130310000000.0,2.4521855574978728e-05,0
526,APPF,Appfolio Inc,Technology,Software - Application,USA,5.65B,40.49,157.11,1.93%,222078,1.93,40.49,5650000000.0,3.9305840701007816e-05,0
527,APPN,Appian Corp,Technology,Software - Infrastructure,USA,1.81B,1548.73,24.47,1.75%,395393,1.75,1548.73,1810000000.0,0.00021844917115002808,0
528,APPS,Digital Turbine Inc,Technology,Software - Application,USA,346.51M,-,2.89,-2.69%,2002178,-2.69,19.07,346510000.0,0.005778124712769834,0
529,APPX,Tradr 2X Long APP Daily ETF,Financial,Exchange Traded Fund,USA,-,-,25.68,-0.81%,501896,-0.81,19.07,,,0
530,APRB,Aptus April Buffer ETF,Financial,Exchange Traded Fund,USA,-,-,25.39,-0.01%,9369,-0.01,19.07,,,0
531,APRE,Aprea Therapeutics Inc,Healthcare,Biotechnology,USA,8.19M,-,0.72,1.65%,108610,1.65,19.07,8189999.999999999,0.013261292642088812,0
532,APRH,Innovator Premium Income 20 Barrier ETF - April,Financial,Exchange Traded Fund,USA,-,-,24.65,0.31%,19017,0.31,19.07,,,0
533,APRJ,Innovator Premium Income 30 Barrier ETF - April,Financial,Exchange Traded Fund,USA,-,-,24.59,0.39%,7062,0.39,19.07,,,0
534,APRP,PGIM S&P 500 Buffer 12 ETF - April,Financial,Exchange Traded Fund,USA,-,-,30.49,0.09%,20334,0.09,19.07,,,0
535,APRT,AllianzIM U.S. Equity Buffer10 Apr ETF,Financial,Exchange Traded Fund,USA,-,-,42.71,0.06%,13296,0.06,19.07,,,0
536,APRW,AllianzIM U.S. Equity Buffer20 Apr ETF,Financial,Exchange Traded Fund,USA,-,-,35.53,0.10%,127128,0.1,19.07,,,0
537,APRZ,TrueShares Structured Outcome (April) ETF,Financial,Exchange Traded Fund,USA,-,-,35.92,0.09%,303,0.09,19.07,,,0
538,APT,Alpha Pro Tech Ltd,Industrials,Building Products & Equipment,Canada,45.22M,13.22,4.44,-6.72%,31068,-6.72,13.22,45220000.0,0.0006870411170490686,0
539,APTV,Aptiv PLC,Consumer Cyclical,Auto Parts,Switzerland,13.00B,80.28,60.99,-1.77%,4046773,-1.77,80.28,13000000000.0,0.0003112902307452854,0
540,APTV-WI,Aptiv PLC. - When Issued - Mar 2026,Consumer Cyclical,Auto Parts,Switzerland,13.00B,-,58.5,0.00%,0,0.0,19.07,13000000000.0,0.0,0
541,APUE,ActivePassive U.S. Equity ETF,Financial,Exchange Traded Fund,USA,-,-,40.37,0.02%,160179,0.02,19.07,,,0
542,APUS,Apimeds Pharmaceuticals US Inc,Healthcare,Drug Manufacturers - Specialty & Generic,USA,23.64M,-,1.88,7.43%,31594,7.43,19.07,23640000.0,0.0013364635644473957,0
543,APVO,Aptevo Therapeutics Inc,Healthcare,Biotechnology,USA,4.93M,-,4.17,0.00%,21227,0.0,19.07,4930000.0,0.004305678639821777,0
544,APWC,Asia Pacific Wire & Cable Corp Ltd,Industrials,Electrical Equipment & Parts,Taiwan,27.42M,9.98,1.33,-3.64%,841,-3.64,9.98,27420000.0,3.067104191571693e-05,0
545,APXM,FT Vest U.S. Equity Max Buffer ETF - April,Financial,Exchange Traded Fund,USA,-,-,31.33,-0.02%,77,-0.02,19.07,,,0
546,APXT,Apex Treasury Corp,Financial,Shell Companies,USA,458.22M,-,9.97,-0.20%,607,-0.2,19.07,458220000.0,1.3246911934776064e-06,0
547,APYX,Apyx Medical Corp,Healthcare,Medical Devices,USA,153.93M,-,3.68,1.38%,44038,1.38,19.07,153930000.0,0.00028609107850262403,0
548,AQB,AquaBounty Technologies Inc,Consumer Defensive,Farm Products,USA,4.51M,-,0.88,-1.07%,10331,-1.07,19.07,4510000.0,0.002290686853506241,0
549,AQEC,AQE Core ETF,Financial,Exchange Traded Fund,USA,-,-,23.74,0.40%,14095,0.4,19.07,,,0
550,AQLT,iShares MSCI Global Quality Factor ETF,Financial,Exchange Traded Fund,USA,-,-,27.88,-0.24%,9984,-0.24,19.07,,,0
551,AQMS,Aqua Metals Inc,Industrials,Waste Management,USA,12.97M,-,3.87,-3.97%,36325,-3.97,19.07,12970000.0,0.0028006936930845263,0
552,AQN,Algonquin Power & Utilities Corp,Utilities,Utilities - Diversified,Canada,4.93B,28.11,6.23,0.00%,3593589,0.0,28.11,4930000000.0,0.0007289227179048839,0
553,AQST,Aquestive Therapeutics Inc,Healthcare,Drug Manufacturers - Specialty & Generic,USA,504.05M,-,4.13,0.00%,914125,0.0,19.07,504050000.0,0.0018135601590842968,0
554,AQWA,Global X Clean Water ETF,Financial,Exchange Traded Fund,USA,-,-,19.12,-0.47%,8187,-0.47,19.07,,,0
555,AR,Antero Resources Corp,Energy,Oil & Gas E&P,USA,12.48B,19.94,40.45,-1.00%,6503493,-1.0,19.94,12480000000.0,0.0005211132211120902,0
556,ARAI,Arrive AI Inc,Technology,Software - Infrastructure,USA,26.27M,-,0.72,-16.25%,672947,-16.25,19.07,26270000.0,0.025616557837207544,0
557,ARAY,Accuray Inc,Healthcare,Medical Devices,USA,49.33M,-,0.42,6.82%,1331212,6.82,19.07,49330000.0,0.026985849848249546,0
558,ARB,AltShares Merger Arbitrage ETF,Financial,Exchange Traded Fund,USA,-,-,29.33,-0.01%,9709,-0.01,19.07,,,0
559,ARBB,ARB IOT Group Ltd,Technology,Information Technology Services,Singapore,7.56M,-,4.28,6.73%,692,6.73,19.07,7560000.0,9.153437942666939e-05,0
560,ARBE,Arbe Robotics Ltd,Technology,Scientific & Technical Instruments,Israel,78.50M,-,0.64,0.00%,544952,0.0,19.07,78500000.0,0.006942063605833585,0
561,ARBK,Argo Blockchain Plc ADR,Financial,Capital Markets,United Kingdom,0.92M,-,2.78,0.00%,23901,0.0,19.07,920000.0,0.0259793195876961,0
562,ARCB,ArcBest Corp,Industrials,Trucking,USA,2.24B,38.41,100.51,0.85%,226374,0.85,38.41,2240000000.0,0.00010105982138345544,0
563,ARCC,Ares Capital Corp,Financial,Asset Management,USA,12.99B,9.75,18.09,2.03%,6662869,2.03,9.75,12990000000.0,0.0005129229406841476,0
564,ARCI,Archimedes Tech SPAC Partners III Co,Financial,Shell Companies,USA,339.47M,-,9.9,0.41%,2327,0.41,19.07,339470000.0,6.854803055189551e-06,0
566,ARCM,Arrow Reserve Capital Management ETF,Financial,Exchange Traded Fund,USA,-,-,100.1,0.02%,77,0.02,19.07,,,0
567,ARCO,Arcos Dorados Holdings Inc,Consumer Cyclical,Restaurants,USA,1.76B,7.17,8.35,0.00%,379934,0.0,7.17,1760000000.0,0.00021587159078643658,0
568,ARCT,Arcturus Therapeutics Holdings Inc,Healthcare,Biotechnology,USA,228.24M,-,8.03,2.29%,504687,2.29,19.07,228240000.0,0.002211211872541133,0
569,ARCX,Tradr 2X Long ACHR Daily ETF,Financial,Exchange Traded Fund,USA,-,-,15.97,7.18%,26518,7.18,19.07,,,0
570,ARDC,Ares Dynamic Credit Allocation Fund Inc,Financial,Closed-End Fund - Debt,USA,287.11M,12.48,11.98,-1.32%,152393,-1.32,12.48,287110000.0,0.0005307826250190427,0
571,ARDT,Ardent Health Inc,Healthcare,Medical Care Facilities,USA,1.24B,9.02,8.66,-0.12%,300493,-0.12,9.02,1240000000.0,0.00024233306432069914,0
572,ARDX,Ardelyx Inc,Healthcare,Biotechnology,USA,1.46B,-,5.94,-2.78%,2398344,-2.78,19.07,1460000000.0,0.0016427013687378758,0
573,ARE,Alexandria Real Estate Equities Inc,Real Estate,REIT - Office,USA,7.49B,-,43.23,-0.14%,4102098,-0.14,19.07,7490000000.0,0.0005476766354408977,0
574,AREB,American Rebel Holdings Inc,Consumer Cyclical,Footwear & Accessories,USA,1.60M,-,6.46,0.00%,0,0.0,19.07,1600000.0,0.0,0
575,AREC,American Resources Corporation,Basic Materials,Coking Coal,USA,248.41M,-,2.45,4.70%,3878982,4.7,19.07,248410000.0,0.015615240869468859,0
576,AREN,Arena Group Holdings Inc,Communication Services,Internet Content & Information,USA,92.83M,0.74,1.95,-4.41%,71393,-4.41,0.74,92830000.0,0.0007690724898300927,0
577,ARES,Ares Management Corp,Financial,Asset Management,USA,33.75B,58.58,102.43,-3.19%,5073222,-3.19,58.58,33750000000.0,0.00015031768888443503,0
578,ARGT,Global X MSCI Argentina ETF,Financial,Exchange Traded Fund,USA,-,-,93.89,0.73%,370713,0.73,19.07,,,0
579,ARGX,Argen X SE ADR,Healthcare,Biotechnology,Netherlands,46.19B,38.11,746.42,0.44%,372184,0.44,38.11,46190000000.0,8.057674821215466e-06,0
580,ARHS,Arhaus Inc,Consumer Cyclical,Specialty Retail,USA,900.36M,13.41,6.38,-2.45%,1255351,-2.45,13.41,900360000.0,0.0013942767322023672,0
581,ARI,Apollo Commercial Real Estate Finance Inc,Real Estate,REIT - Mortgage,USA,1.48B,13.23,10.63,0.95%,1328272,0.95,13.23,1480000000.0,0.000897481080474675,0
582,ARIS,Aris Mining Corp,Basic Materials,Gold,Canada,3.98B,51.15,19.31,-1.53%,1444202,-1.53,51.15,3980000000.0,0.00036286482402943097,0
583,ARKB,ARK 21Shares Bitcoin ETF,Financial,Exchange Traded Fund,USA,-,-,22.24,-1.68%,4262905,-1.68,19.07,,,0
584,ARKD,ARK DIET Q1 Buffer ETF,Financial,Exchange Traded Fund,USA,-,-,18.78,0.11%,86,0.11,19.07,,,0
585,ARKF,ARK Blockchain & Fintech Innovation ETF,Financial,Exchange Traded Fund,USA,-,-,38.07,0.34%,125625,0.34,19.07,,,0
586,ARKG,ARK Genomic Revolution ETF,Financial,Exchange Traded Fund,USA,-,-,27.36,1.00%,2144518,1.0,19.07,,,0
587,ARKI,ARK DIET Q2 Buffer ETF,Financial,Exchange Traded Fund,USA,-,-,20.25,0.10%,1878,0.1,19.07,,,0
588,ARKK,ARK Innovation ETF,Financial,Exchange Traded Fund,USA,-,-,68.56,0.23%,11724588,0.23,19.07,,,0
589,ARKO,ARKO Corp,Consumer Cyclical,Specialty Retail,USA,626.54M,38.18,5.65,-1.22%,501555,-1.22,38.18,626540000.0,0.000800515528457057,0
590,ARKQ,ARK Autonomous Technology & Robotics ETF,Financial,Exchange Traded Fund,USA,-,-,114.9,0.34%,178601,0.34,19.07,,,0
591,ARKR,Ark Restaurants Corp,Consumer Cyclical,Restaurants,USA,23.80M,-,6.6,-3.23%,1777,-3.23,19.07,23800000.0,7.466386240908142e-05,0
592,ARKT,ARK DIET Q4 Buffer ETF,Financial,Exchange Traded Fund,USA,-,-,17.78,-0.08%,890,-0.08,19.07,,,0
593,ARKW,ARK Next Generation Internet ETF,Financial,Exchange Traded Fund,USA,-,-,121.6,0.26%,124122,0.26,19.07,,,0
594,ARKX,ARK Space & Defense Innovation ETF,Financial,Exchange Traded Fund,USA,-,-,30.32,1.37%,710247,1.37,19.07,,,0
595,ARL,American Realty Investors Inc,Real Estate,Real Estate Services,USA,237.76M,15.14,14.72,-3.22%,628,-3.22,15.14,237760000.0,2.641318966010603e-06,0
596,ARLI,AllianzIM International Equity Buffer15 Uncapped Apr ETF,Financial,Exchange Traded Fund,USA,-,-,25.02,-0.44%,5916,-0.44,19.07,,,0
597,ARLO,Arlo Technologies Inc,Industrials,Building Products & Equipment,USA,1.50B,103.39,14.03,-0.57%,584368,-0.57,103.39,1500000000.0,0.00038957866640694754,0
598,ARLP,"Alliance Resource Partners, LP",Energy,Thermal Coal,USA,3.62B,11.74,28.17,2.18%,194670,2.18,11.74,3620000000.0,5.3776243079067334e-05,0
599,ARLU,AllianzIM U.S. Equity Buffer15 Uncapped Apr ETF,Financial,Exchange Traded Fund,USA,-,-,28.86,0.11%,17534,0.11,19.07,,,0
600,ARM,Arm Holdings plc. ADR,Technology,Semiconductors,United Kingdom,158.35B,198.68,149.11,-3.84%,8141912,-3.84,198.68,158350000000.0,5.141718976917324e-05,0
601,ARMG,Leverage Shares 2X Long ARM Daily ETF,Financial,Exchange Traded Fund,USA,-,-,9.4,-7.84%,685529,-7.84,19.07,,,0
602,ARMH,Arm Holdings PLC ADRhedged,Financial,Exchange Traded Fund,USA,-,-,63.86,-3.05%,1088,-3.05,19.07,,,0
603,ARMK,Aramark,Industrials,Specialty Business Services,USA,11.18B,35.78,42.55,1.60%,2616592,1.6,35.78,11180000000.0,0.0002340422182259354,0
604,ARMP,Armata Pharmaceuticals Inc,Healthcare,Biotechnology,USA,372.92M,-,10.18,-3.60%,22946,-3.6,19.07,372920000.0,6.153062302496346e-05,0
605,ARMW,Roundhill ARM WeeklyPay ETF,Financial,Exchange Traded Fund,USA,-,-,33.63,-4.54%,31965,-4.54,19.07,,,0
606,ARMY,Tema International Defense Innovation ETF,Financial,Exchange Traded Fund,USA,-,-,26.48,0.14%,57,0.14,19.07,,,0
607,AROC,Archrock Inc,Energy,Oil & Gas Equipment & Services,USA,6.06B,18.96,34.66,1.55%,1284669,1.55,18.96,6060000000.0,0.00021199158412343373,0
608,AROW,Arrow Financial Corp,Financial,Banks - Regional,USA,563.54M,12.81,34.13,0.38%,73425,0.38,12.81,563540000.0,0.0001302924368628803,0
609,ARP,PMV Adaptive Risk Parity ETF,Financial,Exchange Traded Fund,USA,-,-,31.74,-0.04%,2626,-0.04,19.07,,,0
610,ARQ,Arq Inc,Industrials,Pollution & Treatment Controls,USA,105.84M,-,2.47,4.66%,1017081,4.66,19.07,105840000.0,0.009609608752743682,0
611,ARQQ,Arqit Quantum Inc,Technology,Software - Infrastructure,United Kingdom,218.66M,-,13.97,2.80%,188351,2.8,19.07,218660000.0,0.0008613875383637266,0
612,ARQT,Arcutis Biotherapeutics Inc,Healthcare,Biotechnology,USA,2.93B,-,23.63,-1.95%,1091843,-1.95,19.07,2930000000.0,0.00037264266198885914,0
613,ARR,ARMOUR Residential REIT Inc,Real Estate,REIT - Mortgage,USA,2.05B,6.26,17.14,1.54%,2091031,1.54,6.26,2049999999.9999998,0.0010200151214536514,0
614,ARRY,Array Technologies Inc,Technology,Solar,USA,1.12B,-,7.34,-2.78%,3715010,-2.78,19.07,1120000000.0,0.003316973211324131,0
615,ARTC,Art Technology Acquisition Corp,Financial,Shell Companies,USA,341.68M,-,9.81,-0.20%,3,-0.2,19.07,341680000.0,8.780145139369745e-09,0
616,ARTL,Artelo Biosciences Inc,Healthcare,Biotechnology,USA,4.99M,-,7.04,-10.20%,429996,-10.2,19.07,4990000.0,0.0861715258173295,0
617,ARTNA,Artesian Resources Corp,Utilities,Utilities - Regulated Water,USA,334.85M,14.55,32.19,-0.37%,18137,-0.37,14.55,334850000.0,5.416455112986546e-05,0
618,ARTV,Artiva Biotherapeutics Inc,Healthcare,Biotechnology,USA,166.59M,-,6.74,-0.15%,145416,-0.15,19.07,166590000.0,0.0008728975276253225,0
619,ARTW,Art's-way Manufacturing Co. Inc,Industrials,Farm & Heavy Construction Machinery,USA,10.73M,10.18,2.07,-1.43%,6973,-1.43,10.18,10730000.0,0.0006498601444678337,0
620,ARTY,iShares Future AI & Tech ETF,Financial,Exchange Traded Fund,USA,-,-,47.73,0.29%,397085,0.29,19.07,,,0
621,ARVN,Arvinas Inc,Healthcare,Biotechnology,USA,693.98M,-,10.85,-4.24%,1289406,-4.24,19.07,693980000.0,0.0018579872592034536,0
622,ARVR,First Trust IndxxMetaverse ETF,Financial,Exchange Traded Fund,USA,-,-,44.91,-0.06%,9,-0.06,19.07,,,0
623,ARW,Arrow Electronics Inc,Technology,Electronics & Computer Distribution,USA,7.45B,13.33,145.85,-0.53%,369651,-0.53,13.33,7450000000.0,4.961758388595737e-05,0
624,ARWG,Archer Growth ETF,Financial,Exchange Traded Fund,USA,-,-,23.5,1.54%,200,1.54,19.07,,,0
625,ARWR,Arrowhead Pharmaceuticals Inc,Healthcare,Biotechnology,USA,8.55B,39.68,61.03,-3.00%,1451471,-3.0,39.68,8550000000.000001,0.00016976269003862423,0
626,ARX,Accelerant Holdings,Financial,Insurance Brokers,Cayman Islands,3.00B,-,13.41,3.95%,830589,3.95,19.07,3000000000.0,0.00027686299990771235,0
627,AS,Amer Sports Inc,Consumer Cyclical,Leisure,Finland,19.31B,43.88,33.4,-1.36%,2811152,-1.36,43.88,19310000000.0,0.0001455801139230668,0
628,ASA,ASA Gold and Precious Metals Ltd,Financial,Closed-End Fund - Equity,USA,1.19B,1.80,63.19,-2.69%,62812,-2.69,1.8,1190000000.0,5.27831932329553e-05,0
629,ASAN,Asana Inc,Technology,Software - Application,USA,1.52B,-,6.37,0.63%,3571616,0.63,19.07,1520000000.0,0.0023497473668751662,0
630,ASB,Associated Banc-Corp,Financial,Banks - Regional,USA,4.31B,9.39,25.98,-0.73%,2448622,-0.73,9.39,4310000000.0,0.0005681257539285091,0
631,ASBP,Aspire Biopharma Holdings Inc,Healthcare,Biotechnology,USA,5.12M,-,1.02,0.99%,164631,0.99,19.07,5120000.0,0.032154485907326974,0
632,ASC,Ardmore Shipping Corp,Industrials,Marine Shipping,Bermuda,642.64M,17.79,15.75,3.48%,411483,3.48,17.79,642640000.0,0.0006403009451009881,0
633,ASCE,Allspring SMID Core ETF,Financial,Exchange Traded Fund,USA,-,-,28.43,0.74%,7938,0.74,19.07,,,0
634,ASCI,abrdn International Small Cap Active ETF,Financial,Exchange Traded Fund,USA,-,-,33.26,-1.60%,122,-1.6,19.07,,,0
635,ASEA,Global X FTSE Southeast Asia ETF,Financial,Exchange Traded Fund,USA,-,-,19.43,-0.77%,39274,-0.77,19.07,,,0
636,ASG,Liberty All-Star Growth Fund Inc,Financial,Closed-End Fund - Equity,USA,304.26M,22.00,4.84,0.41%,168823,0.41,22.0,304260000.0,0.000554864259005902,0
637,ASGI,abrdn Global Infrastructure Income Fund,Financial,Closed-End Fund - Equity,USA,661.43M,8.22,22.85,0.79%,117261,0.79,8.22,661430000.0,0.00017728406607307794,0
638,ASGM,Virtus AlphaSimplex Global Macro ETF,Financial,Exchange Traded Fund,USA,-,-,28.42,-0.10%,3,-0.1,19.07,,,0
639,ASGN,ASGN Inc,Technology,Information Technology Services,USA,1.61B,14.99,39.05,1.51%,386215,1.51,14.99,1610000000.0,0.00023988509301870492,0
640,ASH,Ashland Inc,Basic Materials,Specialty Chemicals,USA,2.49B,-,54.39,-1.89%,412447,-1.89,19.07,2490000000.0,0.00016564136539532476,0
641,ASHR,Xtrackers Harvest CSI 300 China A-Shares ETF,Financial,Exchange Traded Fund,USA,-,-,32.58,-0.55%,4290877,-0.55,19.07,,,0
642,ASHS,Xtrackers Harvest CSI 500 China A-Shares Small Cap ETF,Financial,Exchange Traded Fund,USA,-,-,40.19,-0.62%,9199,-0.62,19.07,,,0
643,ASIA,Matthews Pacific Tiger Active ETF,Financial,Exchange Traded Fund,USA,-,-,34.67,-1.41%,1014,-1.41,19.07,,,0
644,ASIC,Ategrity Specialty Insurance Company Holdings,Financial,Insurance - Property & Casualty,USA,957.97M,12.90,19.93,2.31%,50670,2.31,12.9,957970000.0,5.2893096805857076e-05,0
645,ASIX,AdvanSix Inc,Basic Materials,Chemicals,USA,680.42M,14.02,25.32,0.88%,673456,0.88,14.02,680420000.0,0.000989765143602826,0
646,ASLE,AerSale Corp,Industrials,Airports & Air Services,USA,291.48M,32.19,6.17,-0.96%,196544,-0.96,32.19,291480000.0,0.0006742966904271419,0
647,ASLV,Allspring Special Large Value ETF,Financial,Exchange Traded Fund,USA,-,-,27.85,-0.12%,2136,-0.12,19.07,,,0
648,ASM,Avino Silver & Gold Mines Ltd,Basic Materials,Other Precious Metals & Mining,Canada,1.10B,37.49,6.53,-0.91%,4192799,-0.91,37.49,1100000000.0,0.0038116354510803314,0
649,ASMB,Assembly Biosciences Inc,Healthcare,Biotechnology,USA,460.18M,-,29.01,-1.43%,37857,-1.43,19.07,460180000.0,8.226563500746309e-05,0
650,ASMF,Virtus AlphaSimplex Managed Futures ETF,Financial,Exchange Traded Fund,USA,-,-,25.38,0.30%,13918,0.3,19.07,,,0
651,ASMG,Leverage Shares 2X Long ASML Daily ETF,Financial,Exchange Traded Fund,USA,-,-,31.61,-6.18%,167166,-6.18,19.07,,,0
652,ASMH,ASML Holding NV ADRhedged,Financial,Exchange Traded Fund,USA,-,-,90.15,-2.44%,2873,-2.44,19.07,,,0
653,ASML,ASML Holding NV,Technology,Semiconductor Equipment & Materials,Netherlands,507.69B,47.14,1317.23,-3.13%,1880920,-3.13,47.14,507690000000.0,3.704859264504511e-06,0
654,ASMU,Direxion Daily ASML Bull 2X ETF,Financial,Exchange Traded Fund,USA,-,-,20.61,-6.70%,135672,-6.7,19.07,,,0
655,ASND,Ascendis Pharma A/S ADR,Healthcare,Biotechnology,Denmark,14.07B,-,229.25,0.44%,752485,0.44,19.07,14070000000.0,5.348152096279449e-05,0
656,ASNS,Actelis Networks Inc,Technology,Communication Equipment,USA,9.51M,-,0.36,-0.75%,820980,-0.75,19.07,9510000.0,0.08632806663216964,0
657,ASO,Academy Sports and Outdoors Inc,Consumer Cyclical,Specialty Retail,USA,3.69B,10.32,57.35,-0.59%,1438095,-0.59,10.32,3690000000.0,0.0003897276421708055,0
658,ASPC,A SPAC III Acquisition Corp,Financial,Shell Companies,Hong Kong,25.18M,446.89,10.77,-1.73%,969,-1.73,446.89,25180000.0,3.848292142641297e-05,0
659,ASPI,ASP Isotopes Inc,Basic Materials,Chemicals,USA,536.72M,-,4.29,4.38%,3138807,4.38,19.07,536720000.0,0.005848127504381935,0
660,ASPN,Aspen Aerogels Inc,Industrials,Building Products & Equipment,USA,305.63M,-,3.69,6.34%,1372690,6.34,19.07,305630000.0,0.00449134573015952,0
661,ASPS,Altisource Portfolio Solutions S.A,Real Estate,Real Estate Services,Luxembourg,76.90M,-,6.82,6.07%,22815,6.07,19.07,76900000.0,0.00029668400134351104,0
662,ASR,Grupo Aeroportuario Del Sureste S.A. ADR,Industrials,Airports & Air Services,Mexico,9.62B,19.16,347.3,1.08%,140485,1.08,19.16,9620000000.0,1.4603430351912325e-05,0
663,ASRT,Assertio Holdings Inc,Healthcare,Drug Manufacturers - Specialty & Generic,USA,123.81M,-,19.21,-3.37%,126263,-3.37,19.07,123810000.0,0.0010198126078684064,0
664,ASRV,Ameriserv Financial Inc,Financial,Banks - Regional,USA,62.94M,10.93,3.71,2.77%,9770,2.77,10.93,62940000.0,0.0001552271980421481,0
665,ASST,Strive Inc,Financial,Asset Management,USA,674.30M,-,9.75,-4.04%,2549048,-4.04,19.07,674300000.0,0.0037802877001627054,0
666,ASTC,Astrotech Corp,Technology,Scientific & Technical Instruments,USA,7.00M,-,3.98,-10.56%,555884,-10.56,19.07,7000000.0,0.07941198865543019,0
667,ASTE,Astec Industries Inc,Industrials,Farm & Heavy Construction Machinery,USA,1.26B,32.78,55.06,-1.98%,143184,-1.98,32.78,1260000000.0,0.00011363809514790628,0
668,ASTH,Astrana Health Inc,Healthcare,Medical Care Facilities,USA,1.26B,54.92,25.05,2.20%,302665,2.2,54.92,1260000000.0,0.00024021031726967435,0
669,ASTI,Ascent Solar Technologies Inc,Technology,Solar,USA,41.16M,-,4.35,12.11%,628484,12.11,19.07,41160000.0,0.015269290202398197,0
670,ASTL,Algoma Steel Group Inc,Basic Materials,Steel,Canada,434.41M,-,4.14,0.73%,977348,0.73,19.07,434410000.0,0.0022498284978480503,0
671,ASTN,Defiance Daily Target 2X Short ASTS ETF,Financial,Exchange Traded Fund,USA,-,-,11.68,-21.24%,3014436,-21.24,19.07,,,0
672,ASTS,AST SpaceMobile Inc,Technology,Communication Equipment,USA,35.38B,-,92.62,10.28%,16835871,10.28,19.07,35380000000.0,0.00047585842282431154,0
673,ASTX,Tradr 2X Long ASTS Daily ETF,Financial,Exchange Traded Fund,USA,-,-,45.01,20.73%,2900908,20.73,19.07,,,0
674,ASUR,Asure Software Inc,Technology,Software - Application,USA,239.75M,-,8.45,1.32%,64278,1.32,19.07,239750000.0,0.00026810427416849104,0
675,ASX,ASE Technology Holding Co.Ltd ADR,Technology,Semiconductors,Taiwan,48.73B,38.50,22.28,-0.89%,4899403,-0.89,38.5,48730000000.0,0.00010054182228400284,0
676,ASYS,Amtech Systems Inc,Technology,Semiconductor Equipment & Materials,USA,174.61M,-,12.12,1.42%,104110,1.42,19.07,174610000.0,0.0005962430525385542,0
677,ATAI,AtaiBeckley Inc,Healthcare,Biotechnology,USA,1.38B,-,3.79,2.43%,3045724,2.43,19.07,1380000000.0,0.002207046375212285,0
678,ATAT,Atour Lifestyle Holdings Ltd ADR,Consumer Cyclical,Lodging,China,4.15B,22.56,36.48,-1.25%,1006295,-1.25,22.56,4150000000.0000005,0.00024248072283313715,0
679,ATCH,AtlasClear Holdings Inc,Financial,Capital Markets,USA,29.29M,-,0.2,-3.02%,835807,-3.02,19.07,29290000.0,0.028535574307423206,0
680,ATCL,REX Autocallable Income ETF,Financial,Exchange Traded Fund,USA,-,-,24.21,-0.12%,4503,-0.12,19.07,,,0
681,ATCX,Atlas Critical Minerals Corp,Basic Materials,Other Precious Metals & Mining,Brazil,28.44M,-,5.69,-0.70%,18197,-0.7,19.07,28440000.0,0.0006398382334796683,0
682,ATEC,Alphatec Holdings Inc,Healthcare,Medical Devices,USA,1.64B,-,10.83,-3.82%,2105539,-3.82,19.07,1640000000.0,0.0012838652431195945,0
683,ATEN,A10 Networks Inc,Technology,Software - Infrastructure,USA,1.72B,41.80,23.99,-0.37%,668369,-0.37,41.8,1720000000.0,0.0003885866276810543,0
684,ATER,Aterian Inc,Consumer Cyclical,"Furnishings, Fixtures & Appliances",USA,6.53M,-,0.6,0.05%,29850,0.05,19.07,6530000.0,0.004571209100886814,0
685,ATEX,Anterix Inc,Communication Services,Telecom Services,USA,756.62M,9.29,40.39,3.27%,227230,3.27,9.29,756620000.0,0.0003003224864524828,0
686,ATFV,Alger 35 ETF,Financial,Exchange Traded Fund,USA,-,-,31.93,0.89%,26370,0.89,19.07,,,0
687,ATGL,Alpha Technology Group Ltd,Technology,Software - Infrastructure,Hong Kong,246.44M,-,14.21,-7.78%,39,-7.78,19.07,246440000.0,1.5825352962890144e-07,0
688,ATHE,Alterity Therapeutics Ltd ADR,Healthcare,Biotechnology,Australia,64.46M,-,3.56,-2.22%,2871,-2.22,19.07,64459999.99999999,4.45392484557982e-05,0
689,ATHM,Autohome Inc ADR,Communication Services,Internet Content & Information,China,2.06B,10.66,17.36,-1.03%,267981,-1.03,10.66,2060000000.0,0.00013008786401452044,0
690,ATHR,Aether Holdings Inc,Technology,Software - Application,USA,24.41M,-,2.01,-8.22%,24709,-8.22,19.07,24410000.0,0.0010122490367779993,0
691,ATI,ATI Inc,Industrials,Metal Fabrication,USA,20.08B,51.41,146.63,-3.05%,2211651,-3.05,51.41,20080000000.0,0.00011014198206622798,0
692,ATII,Archimedes Tech SPAC Partners II Co,Financial,Shell Companies,USA,308.77M,38.61,10.42,0.10%,2,0.1,38.61,308770000.0,6.4773131895024994e-09,0
693,ATKR,Atkore Inc,Industrials,Electrical Equipment & Parts,USA,2.08B,-,61.51,2.11%,335159,2.11,19.07,2080000000.0,0.00016113413453791627,0
694,ATLC,Atlanticus Holdings Corp,Financial,Credit Services,USA,797.44M,8.97,53.45,-1.16%,50874,-1.16,8.97,797440000.0,6.379664919768679e-05,0
695,ATLN,Atlantic International Corp,Industrials,Staffing & Employment Services,USA,219.77M,-,3.51,0.00%,26794,0.0,19.07,219770000.0,0.00012191836864941362,0
696,ATLO,Ames National Corp,Financial,Banks - Regional,USA,251.19M,13.25,28.36,-0.18%,68628,-0.18,13.25,251190000.0,0.00027321151210951266,0
697,ATLX,Atlas Lithium Corporation,Basic Materials,Other Industrial Metals & Mining,Brazil,126.18M,-,4.65,4.97%,376144,4.97,19.07,126180000.0,0.002981011230139394,0
698,ATMP,iPath Select MLP ETN,Financial,Exchange Traded Fund,USA,-,-,34.16,0.82%,2729,0.82,19.07,,,0
699,ATMU,Atmus Filtration Technologies Inc,Consumer Cyclical,Auto Parts,USA,4.70B,23.01,57.62,-0.86%,754715,-0.86,23.01,4700000000.0,0.00016057765954030263,0
700,ATNI,ATN International Inc,Communication Services,Telecom Services,USA,420.77M,-,27.38,-0.18%,58022,-0.18,19.07,420770000.0,0.00013789481156476266,0
701,ATNM,Actinium Pharmaceuticals Inc,Healthcare,Biotechnology,USA,30.76M,-,0.98,-0.97%,59299,-0.97,19.07,30760000.0,0.001927795776079461,0
702,ATO,Atmos Energy Corp,Utilities,Utilities - Regulated Gas,USA,31.26B,24.60,188.97,1.88%,664861,1.88,24.6,31260000000.0,2.126874600059921e-05,0
703,ATOM,Atomera Inc,Technology,Semiconductor Equipment & Materials,USA,157.60M,-,4.07,0.74%,538917,0.74,19.07,157600000.0,0.0034195240899776392,0
704,ATON,AlphaTON Capital Corp,Financial,Asset Management,United Kingdom,7.41M,-,0.32,-2.65%,564845,-2.65,19.07,7410000.0,0.07622738512450943,0
705,ATOS,Atossa Therapeutics Inc,Healthcare,Biotechnology,USA,46.20M,-,5.36,4.99%,71488,4.99,19.07,46200000.0,0.0015473592738666825,0
706,ATPC,Agape ATP Corp,Consumer Defensive,Packaged Foods,Malaysia,3.17M,-,3.17,25.79%,449730,25.79,19.07,3170000.0,0.14187061770642975,0
707,ATR,Aptargroup Inc,Healthcare,Medical Instruments & Supplies,USA,8.11B,21.42,126.01,-0.58%,297467,-0.58,21.42,8109999999.999999,3.667903821989161e-05,0
708,ATRA,Atara Biotherapeutics Inc,Healthcare,Biotechnology,USA,40.81M,1.71,4.99,-3.48%,46934,-3.48,1.71,40810000.0,0.0011500612313143535,0
709,ATRC,Atricure Inc,Healthcare,Medical Instruments & Supplies,USA,1.45B,-,29.07,2.68%,512138,2.68,19.07,1450000000.0,0.00035319862044606994,0
710,ATRO,Astronics Corp,Industrials,Aerospace & Defense,USA,2.46B,96.53,69.84,-1.24%,419662,-1.24,96.53,2460000000.0,0.00017059430887374216,0
711,ATS,ATS Corporation,Industrials,Specialty Industrial Machinery,Canada,2.79B,189.86,28.46,-1.52%,83079,-1.52,189.86,2790000000.0,2.97774193441658e-05,0
712,ATTR,Arin Tactical Tail Risk ETF,Financial,Exchange Traded Fund,USA,-,-,91.23,0.12%,238,0.12,19.07,,,0
713,ATXG,Addentax Group Corp,Industrials,Integrated Freight & Logistics,China,3.88M,-,4.97,-4.79%,15938,-4.79,19.07,3880000.0,0.004107730900069355,0
714,ATYR,Atyr Pharma Inc,Healthcare,Biotechnology,USA,83.04M,-,0.85,-0.46%,703901,-0.46,19.07,83040000.0,0.008476649705242657,0
715,AU,AngloGold Ashanti Plc,Basic Materials,Gold,United Kingdom,51.10B,19.62,101.22,-2.22%,2264425,-2.22,19.62,51100000000.0,4.4313600781911674e-05,0
716,AUAU,Global X Gold Miners ETF,Financial,Exchange Traded Fund,USA,-,-,40.78,-1.00%,1641,-1.0,19.07,,,0
717,AUB,Atlantic Union Bankshares Corp,Financial,Banks - Regional,USA,5.15B,17.75,36.09,0.28%,869327,0.28,17.75,5150000000.0,0.000168801359190524,0
718,AUBN,Auburn National Bancorp Inc,Financial,Banks - Regional,USA,81.03M,11.17,23.19,0.73%,599,0.73,11.17,81030000.0,7.392323739450528e-06,0
719,AUDC,Audiocodes,Technology,Communication Equipment,Israel,233.49M,28.32,8.71,1.04%,46162,1.04,28.32,233490000.0,0.0001977043976285734,0
720,AUGM,FT Vest U.S. Equity Max Buffer ETF - August,Financial,Exchange Traded Fund,USA,-,-,33.98,-0.03%,1088,-0.03,19.07,,,0
721,AUGO,Aura Minerals Inc,Basic Materials,Gold,USA,7.33B,-,87.69,0.34%,1226678,0.34,19.07,7330000000.0,0.00016735034104128918,0
722,AUGP,PGIM S&P 500 Buffer 12 ETF - August,Financial,Exchange Traded Fund,USA,-,-,30.71,0.20%,1900,0.2,19.07,,,0
723,AUGT,AllianzIM U.S. Equity Buffer10 Aug ETF,Financial,Exchange Traded Fund,USA,-,-,35.08,0.05%,2,0.05,19.07,,,0
724,AUGU,AllianzIM U.S. Equity Buffer15 Uncapped Aug ETF,Financial,Exchange Traded Fund,USA,-,-,28.54,0.19%,8365,0.19,19.07,,,0
725,AUGW,AllianzIM U.S. Equity Buffer20 Aug ETF,Financial,Exchange Traded Fund,USA,-,-,32.34,0.03%,1449,0.03,19.07,,,0
726,AUGZ,TrueShares Structured Outcome (August) ETF,Financial,Exchange Traded Fund,USA,-,-,40.93,0.27%,4972,0.27,19.07,,,0
727,AUID,authID Inc,Technology,Software - Infrastructure,USA,19.36M,-,1.2,5.26%,174531,5.26,19.07,19360000.0,0.009015030526083134,0
728,AUMI,Themes Gold Miners ETF,Financial,Exchange Traded Fund,USA,-,-,99.01,-2.57%,6693,-2.57,19.07,,,0
729,AUNA,Auna S.A,Healthcare,Medical Care Facilities,Luxembourg,418.91M,-,5.66,0.71%,100569,0.71,19.07,418910000.0,0.0002400730461433887,0
730,AUPH,Aurinia Pharmaceuticals Inc,Healthcare,Biotechnology,Canada,2.08B,7.52,15.61,0.90%,1256233,0.9,7.52,2080000000.0,0.0006039581727865585,0
731,AUR,Aurora Innovation Inc,Technology,Information Technology Services,USA,8.09B,-,4.15,-0.72%,12279429,-0.72,19.07,8090000000.0,0.0015178527810237512,0
732,AURA,Aura Biosciences Inc,Healthcare,Biotechnology,USA,419.54M,-,6.54,-2.39%,175770,-2.39,19.07,419540000.0,0.00041895885870486994,0
733,AURE,Aurelion Inc,Financial,Capital Markets,Hong Kong,85.11M,-,2.46,10.81%,165583,10.81,19.07,85110000.0,0.0019455175426446065,0
734,AUSF,Global X Adaptive U.S. Factor ETF,Financial,Exchange Traded Fund,USA,-,-,48.77,0.54%,219083,0.54,19.07,,,0
735,AUSM,Allspring Ultra Short Municipal ETF,Financial,Exchange Traded Fund,USA,-,-,25.07,0.04%,15008,0.04,19.07,,,0
736,AUST,Austin Gold Corp,Basic Materials,Gold,Canada,21.09M,-,1.54,1.99%,80771,1.99,19.07,21090000.0,0.0038298243798091805,0
737,AUTL,Autolus Therapeutics plc ADR,Healthcare,Biotechnology,United Kingdom,375.26M,-,1.41,2.17%,1032102,2.17,19.07,375260000.0,0.0027503650728818285,0
738,AUUD,Auddia Inc,Technology,Software - Application,USA,2.60M,-,5.2,-4.59%,69563,-4.59,19.07,2600000.0,0.026754989709619342,0
739,AVA,Avista Corp,Utilities,Utilities - Diversified,USA,3.40B,17.33,41.34,1.62%,524002,1.62,17.33,3400000000.0,0.00015411823524878876,0
740,AVAH,Aveanna Healthcare Holdings Inc,Healthcare,Medical Care Facilities,USA,1.39B,6.28,6.38,1.43%,721958,1.43,6.28,1390000000.0,0.0005193942442306516,0
741,AVAL,Grupo Aval Acciones y Valores S.A. ADR,Financial,Banks - Regional,Colombia,1.64B,12.02,4.35,-0.68%,63146,-0.68,12.02,1640000000.0,3.850365851310753e-05,0
742,AVAV,AeroVironment Inc,Industrials,Aerospace & Defense,USA,9.21B,-,184.36,0.47%,717266,0.47,19.07,9210000000.0,7.787904450837361e-05,0
743,AVB,Avalonbay Communities Inc,Real Estate,REIT - Residential,USA,23.26B,22.47,166.02,0.68%,1108205,0.68,22.47,23260000000.0,4.764423903492501e-05,0
744,AVBC,Avidia Bancorp Inc,Financial,Banks - Regional,USA,396.51M,-,19.75,-0.15%,34347,-0.15,19.07,396510000.0,8.662328797098866e-05,0
745,AVBH,Avidbank Holdings Inc,Financial,Banks - Regional,USA,316.27M,-,28.8,0.31%,31396,0.31,19.07,316270000.0,9.926961109409804e-05,0
746,AVBP,ArriVent BioPharma Inc,Healthcare,Biotechnology,USA,1.10B,-,24.89,2.77%,362923,2.77,19.07,1100000000.0,0.00032992999970006363,0
747,AVD,American Vanguard Corp,Basic Materials,Agricultural Inputs,USA,69.07M,-,2.42,-0.41%,263218,-0.41,19.07,69070000.0,0.003810887450254996,0
748,AVDE,Avantis International Equity ETF,Financial,Exchange Traded Fund,USA,-,-,85.7,-0.52%,1462630,-0.52,19.07,,,0
749,AVDS,Avantis International Small Cap Equity ETF,Financial,Exchange Traded Fund,USA,-,-,72.74,-0.99%,35941,-0.99,19.07,,,0
750,AVDV,Avantis International Small Cap Value ETF,Financial,Exchange Traded Fund,USA,-,-,100.75,-0.97%,2371919,-0.97,19.07,,,0
751,AVEE,Avantis Emerging Markets Small Cap Equity ETF,Financial,Exchange Traded Fund,USA,-,-,63.47,-1.00%,5189,-1.0,19.07,,,0
752,AVEM,Avantis Emerging Markets Equity ETF,Financial,Exchange Traded Fund,USA,-,-,80.67,-0.75%,2402418,-0.75,19.07,,,0
753,AVES,Avantis Emerging Markets Value ETF,Financial,Exchange Traded Fund,USA,-,-,60.04,-0.15%,75846,-0.15,19.07,,,0
754,AVGB,Avantis Credit ETF,Financial,Exchange Traded Fund,USA,-,-,50.81,0.09%,1503,0.09,19.07,,,0
755,AVGE,Avantis All Equity Markets ETF,Financial,Exchange Traded Fund,USA,-,-,88.55,-0.06%,30018,-0.06,19.07,,,0
756,AVGG,Leverage Shares 2X Long AVGO Daily ETF,Financial,Exchange Traded Fund,USA,-,-,20.93,0.49%,63132,0.49,19.07,,,0
757,AVGO,Broadcom Inc,Technology,Semiconductors,USA,1489.29B,61.36,314.55,0.34%,13952428,0.34,61.36,1489290000000.0,9.368509826823944e-06,0
758,AVGU,GraniteShares 2x Long AVGO Daily ETF,Financial,Exchange Traded Fund,USA,-,-,26.83,0.36%,30788,0.36,19.07,,,0
759,AVGV,Avantis All Equity Markets Value ETF,Financial,Exchange Traded Fund,USA,-,-,78.01,-0.03%,16468,-0.03,19.07,,,0
760,AVGW,Roundhill AVGO WeeklyPay ETF,Financial,Exchange Traded Fund,USA,-,-,36.96,0.27%,23096,0.27,19.07,,,0
761,AVGX,Defiance Daily Target 2X Long AVGO ETF,Financial,Exchange Traded Fund,USA,-,-,36.03,0.50%,262995,0.5,19.07,,,0
762,AVIE,Avantis Inflation Focused Equity ETF,Financial,Exchange Traded Fund,USA,-,-,72.6,0.12%,286,0.12,19.07,,,0
763,AVIG,Avantis Core Fixed Income ETF,Financial,Exchange Traded Fund,USA,-,-,41.69,0.30%,187044,0.3,19.07,,,0
764,AVIR,Atea Pharmaceuticals Inc,Healthcare,Biotechnology,USA,458.91M,-,5.76,1.95%,442906,1.95,19.07,458910000.0,0.0009651260574728682,0
765,AVIV,Avantis International Large Cap Value ETF,Financial,Exchange Traded Fund,USA,-,-,75.52,-0.37%,116168,-0.37,19.07,,,0
766,AVK,Advent Convertible and Income Fund,Financial,Closed-End Fund - Debt,USA,509.48M,4.29,11.54,1.50%,211461,1.5,4.29,509480000.0,0.00041505260183902687,0
767,AVL,Direxion Daily AVGO Bull 2X ETF,Financial,Exchange Traded Fund,USA,-,-,33.94,0.54%,210240,0.54,19.07,,,0
768,AVLC,Avantis U.S. Large Cap Equity ETF,Financial,Exchange Traded Fund,USA,-,-,78.19,-0.18%,234237,-0.18,19.07,,,0
769,AVLV,Avantis U.S. Large Cap Value ETF,Financial,Exchange Traded Fund,USA,-,-,80.95,-0.01%,868957,-0.01,19.07,,,0
770,AVMA,Avantis Moderate Allocation ETF,Financial,Exchange Traded Fund,USA,-,-,67.61,0.00%,4958,0.0,19.07,,,0
771,AVMC,Avantis U.S. Mid Cap Equity ETF,Financial,Exchange Traded Fund,USA,-,-,72.76,0.18%,24268,0.18,19.07,,,0
772,AVMU,Avantis Core Municipal Fixed Income ETF,Financial,Exchange Traded Fund,USA,-,-,45.97,0.23%,7763,0.23,19.07,,,0
773,AVMV,Avantis U.S. Mid Cap Value ETF,Financial,Exchange Traded Fund,USA,-,-,74.26,0.08%,24067,0.08,19.07,,,0
774,AVNM,Avantis All International Markets Equity ETF,Financial,Exchange Traded Fund,USA,-,-,76.77,-0.72%,64574,-0.72,19.07,,,0
775,AVNS,Avanos Medical Inc,Healthcare,Medical Devices,USA,648.78M,-,13.95,-0.99%,334444,-0.99,19.07,648780000.0,0.0005154967777744431,0
776,AVNT,Avient Corp,Basic Materials,Specialty Chemicals,USA,3.21B,39.26,35.07,-3.65%,588370,-3.65,39.26,3210000000.0,0.00018329283483386517,0
777,AVNV,Avantis All International Markets Value ETF,Financial,Exchange Traded Fund,USA,-,-,78.85,-0.70%,8220,-0.7,19.07,,,0
778,AVNW,Aviat Networks Inc,Technology,Communication Equipment,USA,260.69M,17.87,20.2,2.72%,299816,2.72,17.87,260690000.0,0.0011500863049979427,0
779,AVO,Mission Produce Inc,Consumer Defensive,Food Distribution,USA,1.02B,31.05,14.44,4.11%,906976,4.11,31.05,1020000000.0,0.000889192155990988,0
780,AVOS,Avos Global Equities ETF,Financial,Exchange Traded Fund,USA,-,-,24.75,-0.49%,567,-0.49,19.07,,,0
781,AVPT,AvePoint Inc,Technology,Software - Infrastructure,USA,2.14B,66.00,9.94,2.26%,1294083,2.26,66.0,2140000000.0000002,0.0006047116819604151,0
782,AVR,Anteris Technologies Global Corp,Healthcare,Medical Instruments & Supplies,USA,534.78M,-,5.5,3.38%,527308,3.38,19.07,534780000.0,0.0009860278974792851,0
783,AVRE,Avantis Real E state ETF,Financial,Exchange Traded Fund,USA,-,-,44.8,1.06%,78793,1.06,19.07,,,0
784,AVRY,Avory Foundational ETF,Financial,Exchange Traded Fund,USA,-,-,21.48,0.42%,11407,0.42,19.07,,,0
785,AVS,Direxion Daily AVGO Bear 1X ETF,Financial,Exchange Traded Fund,USA,-,-,10.09,-0.17%,310369,-0.17,19.07,,,0
786,AVSC,Avantis U.S Small Cap Equity ETF,Financial,Exchange Traded Fund,USA,-,-,62.99,0.47%,85453,0.47,19.07,,,0
787,AVSD,Avantis Responsible International Equity ETF,Financial,Exchange Traded Fund,USA,-,-,74.45,-0.67%,5457,-0.67,19.07,,,0
788,AVSE,Avantis Responsible Emerging Markets Equity ETF,Financial,Exchange Traded Fund,USA,-,-,66.75,-0.86%,5056,-0.86,19.07,,,0
789,AVSF,Avantis Short-Term Fixed Income ETF,Financial,Exchange Traded Fund,USA,-,-,46.87,0.05%,51163,0.05,19.07,,,0
790,AVSU,Avantis Responsible U.S. Equity ETF,Financial,Exchange Traded Fund,USA,-,-,74.71,0.08%,4811,0.08,19.07,,,0
791,AVT,Avnet Inc,Technology,Electronics & Computer Distribution,USA,5.06B,25.34,61.87,-1.65%,611429,-1.65,25.34,5060000000.0,0.00012083577072710756,0
792,AVTM,Avantis Total Equity Markets ETF,Financial,Exchange Traded Fund,USA,-,-,47.45,0.09%,636,0.09,19.07,,,0
793,AVTR,Avantor Inc,Healthcare,Medical Instruments & Supplies,USA,5.39B,-,7.9,1.67%,5095065,1.67,19.07,5390000000.0,0.0009452810758914136,0
794,AVTX,Avalo Therapeutics Inc,Healthcare,Biotechnology,USA,404.72M,-,17.76,6.35%,1108935,6.35,19.07,404720000.0,0.0027400054290867624,0
795,AVUQ,Avantis U.S. Quality ETF,Financial,Exchange Traded Fund,USA,-,-,57.36,0.07%,5347,0.07,19.07,,,0
796,AVUS,Avantis U.S. Equity ETF,Financial,Exchange Traded Fund,USA,-,-,112.0,0.08%,297923,0.08,19.07,,,0
797,AVUV,Avantis U.S. Small Cap Value ETF,Financial,Exchange Traded Fund,USA,-,-,111.42,0.68%,1232033,0.68,19.07,,,0
798,AVX,AVAX One Technology Ltd,Financial,Asset Management,Canada,52.29M,-,0.58,2.16%,248491,2.16,19.07,52290000.0,0.004752170496229289,0
799,AVXC,Avantis Emerging Markets ex-China Equity ETF,Financial,Exchange Traded Fund,USA,-,-,67.73,-1.01%,20330,-1.01,19.07,,,0
800,AVXL,Anavex Life Sciences Corporation,Healthcare,Biotechnology,USA,277.09M,-,2.99,-3.55%,1165229,-3.55,19.07,277090000.0,0.004205236550560335,0
801,AVXX,Defiance Daily Target 2x Long AVAV ETF,Financial,Exchange Traded Fund,USA,-,-,10.5,0.52%,52122,0.52,19.07,,,0
802,AVY,Avery Dennison Corp,Consumer Cyclical,Packaging & Containers,USA,13.19B,19.51,171.47,-0.94%,468164,-0.94,19.51,13190000000.0,3.549385898138788e-05,0
803,AWAY,Amplify Travel Tech ETF,Financial,Exchange Traded Fund,USA,-,-,16.04,-1.05%,4754,-1.05,19.07,,,0
804,AWF,AllianceBernstein Global High Income Fund Inc,Financial,Closed-End Fund - Debt,USA,864.02M,11.79,10.02,-1.28%,510024,-1.28,11.79,864020000.0,0.0005902918907082106,0
805,AWI,Armstrong World Industries Inc,Industrials,Building Products & Equipment,USA,7.07B,23.32,165.03,-0.42%,397573,-0.42,23.32,7070000000.0,5.6233804801098474e-05,0
806,AWK,American Water Works Co. Inc,Utilities,Utilities - Regulated Water,USA,26.97B,24.25,138.14,0.99%,1608148,0.99,24.25,26970000000.0,5.962728957880507e-05,0
807,AWP,abrdn Global Premier Properties Fund,Financial,Closed-End Fund - Foreign,USA,340.41M,54.14,11.37,0.62%,181889,0.62,54.14,340410000.0,0.0005343233144316463,0
808,AWR,American States Water Co,Utilities,Utilities - Regulated Water,USA,3.03B,23.05,77.59,1.85%,205969,1.85,23.05,3030000000.0,6.797656763433117e-05,0
809,AWRE,Aware Inc,Technology,Software - Application,USA,28.30M,-,1.31,0.77%,17002,0.77,19.07,28300000.0,0.0006007773639301285,0
810,AWX,Avalon Holdings Corp,Industrials,Waste Management,USA,10.14M,31.59,2.6,0.39%,2345,0.39,31.59,10140000.0,0.00023126230460924018,0
811,AX,Axos Financial Inc,Financial,Banks - Regional,USA,4.84B,10.81,85.36,-0.71%,276713,-0.71,10.81,4840000000.0,5.717210742620411e-05,0
812,AXG,Solowin Holdings,Financial,Capital Markets,Hong Kong,692.59M,-,3.68,4.25%,705005,4.25,19.07,692590000.0,0.0010179254667004643,0
813,AXGN,Axogen Inc,Healthcare,Medical Devices,USA,1.79B,-,34.44,2.56%,615259,2.56,19.07,1790000000.0,0.00034372011153982116,0
814,AXIA,Axia Energia ADR,Utilities,Utilities - Renewable,Brazil,22.56B,26.30,11.51,-0.43%,4081690,-0.43,26.3,22560000000.0,0.00018092597516928519,0
815,AXIL,AXIL Brands Inc,Technology,Consumer Electronics,USA,47.89M,44.11,7.04,0.28%,4941,0.28,44.11,47890000.0,0.00010317393812541369,0
816,AXIN,Axiom Intelligence Acquisition Corp 1,Financial,Shell Companies,United Kingdom,276.21M,56.43,10.13,-0.10%,144,-0.1,56.43,276210000.0,5.213424549388419e-07,0
817,AXON,Axon Enterprise Inc,Industrials,Aerospace & Defense,USA,33.19B,270.68,412.81,-2.54%,1071217,-2.54,270.68,33189999999.999996,3.2275293762209245e-05,0
818,AXP,American Express Co,Financial,Credit Services,USA,206.11B,19.51,300.18,-0.42%,2100044,-0.42,19.51,206110000000.0,1.0188947649264039e-05,0
819,AXPG,Leverage Shares 2x Long AXP Daily ETF,Financial,Exchange Traded Fund,USA,-,-,10.95,-0.82%,5692,-0.82,19.07,,,0
820,AXR,AMREP Corp,Real Estate,Real Estate - Development,USA,147.80M,11.58,27.86,-0.68%,4990,-0.68,11.58,147800000.0,3.376184009633397e-05,0
821,AXS,Axis Capital Holdings Ltd,Financial,Insurance - Specialty,Bermuda,7.52B,8.20,101.67,1.78%,423476,1.78,8.2,7520000000.0,5.631329786485195e-05,0
822,AXSM,Axsome Therapeutics Inc,Healthcare,Biotechnology,USA,8.62B,-,168.51,-1.91%,617018,-1.91,19.07,8620000000.0,7.157981437684688e-05,0
823,AXTA,Axalta Coating Systems Ltd,Basic Materials,Specialty Chemicals,USA,5.72B,15.42,26.82,-3.04%,2712603,-3.04,15.42,5720000000.0,0.00047423129362338616,0
824,AXTI,AXT Inc,Technology,Semiconductor Equipment & Materials,USA,2.94B,-,52.84,12.09%,15837010,12.09,19.07,2940000000.0,0.005386738093405871,0
825,AYI,Acuity Inc,Industrials,Electrical Equipment & Parts,USA,8.14B,19.46,265.39,-7.52%,906150,-7.52,19.46,8140000000.000001,0.00011132063880696305,0
826,AYTU,Aytu BioPharma Inc,Healthcare,Drug Manufacturers - Specialty & Generic,USA,28.76M,-,2.68,1.52%,55345,1.52,19.07,28760000.0,0.0019243740638256585,0
827,AZ,A2Z Cust2Mate Solutions Corp,Technology,Software - Application,Canada,320.35M,-,7.48,0.00%,354795,0.0,19.07,320350000.0,0.001107523018237793,0
828,AZI,Autozi Internet Technology (Global) Ltd,Consumer Cyclical,Auto & Truck Dealerships,China,8.87M,-,1.95,-5.34%,41695,-5.34,19.07,8870000.0,0.00470067590747735,0
829,AZN,Astrazeneca plc,Healthcare,Drug Manufacturers - General,United Kingdom,315.58B,31.07,203.49,1.37%,2049273,1.37,31.07,315580000000.0,6.493671969052241e-06,0
830,AZO,Autozone Inc,Consumer Cyclical,Auto Parts,USA,56.03B,23.82,3400.54,-0.76%,75839,-0.76,23.82,56030000000.0,1.3535427449339007e-06,2
831,AZTA,Azenta Inc,Healthcare,Medical Instruments & Supplies,USA,1.04B,-,22.63,6.85%,1103286,6.85,19.07,1040000000.0,0.0010608519220568732,0
832,AZTD,Aztlan Global Stock Selection DM SMID ETF,Financial,Exchange Traded Fund,USA,-,-,29.21,-0.45%,67,-0.45,19.07,,,0
833,AZTR,Azitra Inc,Healthcare,Biotechnology,USA,3.80M,-,0.23,-3.10%,937906,-3.1,19.07,3800000.0,0.24681730346913067,0
834,AZYY,GraniteShares YieldBoost AMZN ETF,Financial,Exchange Traded Fund,USA,-,-,16.11,-1.15%,1001,-1.15,19.07,,,0
835,AZZ,AZZ Inc,Industrials,Specialty Business Services,USA,3.77B,11.88,126.38,0.10%,99606,0.1,11.88,3770000000.0,2.6420689648164274e-05,0
836,B,Barrick Mining Corp,Basic Materials,Gold,Canada,69.76B,14.12,41.64,-1.33%,12368667,-1.33,14.12,69760000000.0,0.00017730313933232077,0
837,BA,Boeing Co,Industrials,Aerospace & Defense,USA,163.52B,109.83,208.22,0.43%,6614690,0.43,109.83,163520000000.0,4.0451871330476686e-05,0
838,BAB,Invesco Taxable Municipal Bond ETF,Financial,Exchange Traded Fund,USA,-,-,26.88,-0.15%,350728,-0.15,19.07,,,0
839,BABA,Alibaba Group Holding Ltd ADR,Consumer Cyclical,Internet Retail,China,274.24B,22.69,122.05,-1.36%,8797764,-1.36,22.69,274240000000.0,3.2080528004550466e-05,0
840,BABO,YieldMax BABA Option Income Strategy ETF,Financial,Exchange Traded Fund,USA,-,-,10.06,-2.14%,20048,-2.14,19.07,,,0
841,BABU,Direxion Daily BABA Bull 2X ETF,Financial,Exchange Traded Fund,USA,-,-,12.82,-3.26%,27587,-3.26,19.07,,,0
842,BABW,Roundhill BABA WeeklyPay ETF,Financial,Exchange Traded Fund,USA,-,-,27.91,-2.03%,9637,-2.03,19.07,,,0
843,BABX,GraniteShares 2x Long BABA Daily ETF,Financial,Exchange Traded Fund,USA,-,-,23.3,-2.80%,358714,-2.8,19.07,,,0
844,BAC,Bank Of America Corp,Financial,Banks - Diversified,USA,354.38B,12.92,49.38,0.22%,27500466,0.22,12.92,354380000000.0,7.76016310173328e-05,0
845,BACC,Blue Acquisition Corp,Financial,Shell Companies,USA,286.05M,113.04,10.23,0.10%,1247,0.1,113.04,286050000.0,4.359377715925965e-06,0
846,BAER,Bridger Aerospace Group Holdings Inc,Industrials,Security & Protection Services,USA,112.97M,-,2.02,1.51%,263415,1.51,19.07,112970000.0,0.0023317252161483117,0
847,BAFE,Brown Advisory Flexible Equity ETF,Financial,Exchange Traded Fund,USA,-,-,25.42,-0.10%,125424,-0.1,19.07,,,0
848,BAFN,BayFirst Financial Corp,Financial,Banks - Regional,USA,27.77M,-,6.76,4.48%,8898,4.48,19.07,27770000.0,0.0003204177054224809,0
849,BAGY,Amplify Bitcoin Max Income Covered Call ETF,Financial,Exchange Traded Fund,USA,-,-,27.69,-1.63%,5475,-1.63,19.07,,,0
850,BAH,Booz Allen Hamilton Holding Corp,Industrials,Consulting Services,USA,10.03B,12.36,83.13,3.43%,1560093,3.43,12.36,10030000000.0,0.0001555426719685401,0
851,BAI,iShares A.I. Innovation and Tech Active ETF,Financial,Exchange Traded Fund,USA,-,-,34.22,0.44%,4045061,0.44,19.07,,,0
852,BAIG,Leverage Shares 2X Long BBAI Daily ETF,Financial,Exchange Traded Fund,USA,-,-,2.95,8.74%,442147,8.74,19.07,,,0
853,BAIV,Brown Advisory International Value Select ETF,Financial,Exchange Traded Fund,USA,-,-,23.85,-0.45%,5648,-0.45,19.07,,,0
854,BAK,Braskem S.A. ADR,Basic Materials,Chemicals,Brazil,622.83M,-,3.61,2.27%,1264359,2.27,19.07,622830000.0,0.002030022635341871,0
855,BALI,iShares U.S. Large Cap Premium Income Active ETF,Financial,Exchange Traded Fund,USA,-,-,30.74,0.20%,211020,0.2,19.07,,,0
856,BALL,Ball Corp,Consumer Cyclical,Packaging & Containers,USA,15.96B,18.06,59.97,-0.66%,1522828,-0.66,18.06,15960000000.0,9.541528821457298e-05,0
857,BALQ,iShares Nasdaq Premium Income Active ETF,Financial,Exchange Traded Fund,USA,-,-,46.34,0.23%,41915,0.23,19.07,,,0
858,BALT,Innovator Defined Wealth Shield ETF,Financial,Exchange Traded Fund,USA,-,-,33.52,0.03%,609814,0.03,19.07,,,0
859,BALY,Ballys Corporation,Consumer Cyclical,Resorts & Casinos,USA,468.37M,-,9.65,2.55%,46387,2.55,19.07,468370000.0,9.903922091713982e-05,0
860,BAM,Brookfield Asset Management Ltd,Financial,Asset Management,USA,72.82B,29.08,44.45,0.84%,4755854,0.84,29.08,72820000000.0,6.530972260278344e-05,0
861,BAMA,Brookstone Active ETF,Financial,Exchange Traded Fund,USA,-,-,33.25,-0.10%,7172,-0.1,19.07,,,0
862,BAMB,Brookstone Intermediate Bond ETF,Financial,Exchange Traded Fund,USA,-,-,26.27,0.13%,7978,0.13,19.07,,,0
863,BAMD,Brookstone Dividend Stock ETF,Financial,Exchange Traded Fund,USA,-,-,31.36,0.67%,6409,0.67,19.07,,,0
864,BAMG,Brookstone Growth Stock ETF,Financial,Exchange Traded Fund,USA,-,-,36.99,0.06%,8106,0.06,19.07,,,0
865,BAMO,Brookstone Opportunities ETF,Financial,Exchange Traded Fund,USA,-,-,31.93,0.04%,4060,0.04,19.07,,,0
866,BAMU,Brookstone Ultra-Short Bond ETF,Financial,Exchange Traded Fund,USA,-,-,25.25,0.00%,7435,0.0,19.07,,,0
867,BAMV,Brookstone Value Stock ETF,Financial,Exchange Traded Fund,USA,-,-,32.7,0.27%,7416,0.27,19.07,,,0
868,BAMY,Brookstone Yield ETF,Financial,Exchange Traded Fund,USA,-,-,27.44,0.18%,8588,0.18,19.07,,,0
869,BANC,Banc of California Inc,Financial,Banks - Regional,USA,2.81B,15.06,17.63,-0.45%,2424626,-0.45,15.06,2810000000.0,0.0008628562274509408,0
870,BAND,Bandwidth Inc,Technology,Software - Infrastructure,USA,566.53M,-,18.05,0.67%,209595,0.67,19.07,566530000.0,0.00036996275507040626,0
871,BANF,Bancfirst Corp,Financial,Banks - Regional,USA,3.66B,15.34,109.07,-0.14%,56429,-0.14,15.34,3660000000.0,1.5417759558629028e-05,0
872,BANL,CBL International Ltd,Energy,Oil & Gas Midstream,Malaysia,19.31M,-,0.7,-7.45%,138225,-7.45,19.07,19310000.0,0.007158207811589446,0
873,BANR,Banner Corp,Financial,Banks - Regional,USA,2.10B,10.92,61.6,0.33%,170708,0.33,10.92,2100000000.0,8.128952377081451e-05,0
874,BANX,ArrowMark Financial Corp,Financial,Closed-End Fund - Debt,USA,151.36M,7.85,19.38,0.83%,43903,0.83,7.85,151360000.0,0.00029005681626548084,0
875,BAOS,Baosheng Media Group Holdings Ltd,Communication Services,Advertising Agencies,China,3.90M,-,2.54,-0.68%,4374,-0.68,19.07,3900000.0,0.0011215381739645709,0
876,BAP,Credicorp Ltd,Financial,Banks - Regional,Peru,27.04B,13.93,339.98,-0.38%,175926,-0.38,13.93,27040000000.0,6.5061390530138265e-06,0
877,BAPR,Innovator U.S. Equity Buffer ETF - April,Financial,Exchange Traded Fund,USA,-,-,49.36,0.02%,82370,0.02,19.07,,,0
878,BAR,GraniteShares Gold Trust,Financial,Exchange Traded Fund,USA,-,-,46.03,-1.92%,516798,-1.92,19.07,,,0
879,BARK,BARK Inc,Consumer Cyclical,Specialty Retail,USA,85.73M,-,9.92,-5.34%,100604,-5.34,19.07,85730000.0,0.0011734981783098311,0
880,BASG,Brown Advisory Sustainable Growth ETF,Financial,Exchange Traded Fund,USA,-,-,22.77,0.02%,28172,0.02,19.07,,,0
881,BASV,Brown Advisory Sustainable Value ETF,Financial,Exchange Traded Fund,USA,-,-,27.03,-0.17%,12602,-0.17,19.07,,,0
882,BATL,Battalion Oil Corp,Energy,Oil & Gas E&P,USA,76.86M,-,4.21,9.35%,43512831,9.35,19.07,76860000.0,0.5661310230792217,0
883,BATRA,Atlanta Braves Holdings Inc,Communication Services,Entertainment,USA,2.81B,-,48.65,3.58%,70891,3.58,19.07,2810000000.0,2.522811387002558e-05,0
884,BATRK,Atlanta Braves Holdings Inc,Communication Services,Entertainment,USA,2.81B,-,43.89,3.51%,249402,3.51,19.07,2810000000.0,8.875516011076328e-05,0
885,BATT,Amplify Lithium & Battery Technology ETF,Financial,Exchange Traded Fund,USA,-,-,14.98,-0.40%,24824,-0.4,19.07,,,0
886,BAUG,Innovator U.S. Equity Buffer ETF - August,Financial,Exchange Traded Fund,USA,-,-,49.17,0.08%,1210,0.08,19.07,,,0
887,BAX,Baxter International Inc,Healthcare,Medical Instruments & Supplies,USA,8.58B,-,16.68,-0.60%,6513497,-0.6,19.07,8580000000.0,0.0007591488344103557,0
888,BAYA,Bayview Acquisition Corp,Financial,Shell Companies,USA,32.65M,403.39,11.9,-0.42%,12,-0.42,403.39,32650000.0,3.675344450984856e-07,0
889,BB,BlackBerry Ltd,Technology,Software - Infrastructure,Canada,2.04B,184.04,3.46,2.98%,7801657,2.98,184.04,2040000000.0,0.0038243416647919895,0
890,BBAG,JPMorgan BetaBuilders U.S. Aggregate Bond ETF,Financial,Exchange Traded Fund,USA,-,-,46.09,0.22%,301198,0.22,19.07,,,0
891,BBAI,BigBear.ai Holdings Inc,Technology,Information Technology Services,USA,1.70B,-,3.58,4.68%,23002192,4.68,19.07,1700000000.0,0.013530701168511352,0
892,BBAR,BBVA Argentina ADR,Financial,Banks - Regional,Argentina,3.27B,17.55,16.01,-1.66%,595765,-1.66,17.55,3270000000.0,0.00018219113144275501,0
893,BBAX,JPMorgan BetaBuilders Developed Asia Pacific ex-Japan ETF,Financial,Exchange Traded Fund,USA,-,-,59.92,-0.20%,257704,-0.2,19.07,,,0
894,BBB,Cyber Hornet S&P 500 and Bitcoin 75 /25 Strategy ETF,Financial,Exchange Traded Fund,USA,-,-,26.82,-0.40%,3331,-0.4,19.07,,,0
895,BBBI,BondBloxx BBB Rated 5-10 Year Corporate Bond ETF,Financial,Exchange Traded Fund,USA,-,-,51.41,0.21%,44455,0.21,19.07,,,0
896,BBBL,BondBloxx BBB Rated 10+ Year Corporate Bond ETF,Financial,Exchange Traded Fund,USA,-,-,47.67,0.60%,2,0.6,19.07,,,0
897,BBBS,BondBloxx BBB Rated 1-5 Year Corporate Bond ETF,Financial,Exchange Traded Fund,USA,-,-,51.05,0.13%,41924,0.13,19.07,,,0
898,BBBY,Bed Bath & Beyond Inc,Consumer Cyclical,Internet Retail,USA,320.33M,-,4.62,-0.86%,2003509,-0.86,19.07,320330000.0,0.006254515636204803,0
899,BBC,Virtus Biotech Clinical Trials ETF,Financial,Exchange Traded Fund,USA,-,-,42.84,0.98%,11975,0.98,19.07,,,0
900,BBCA,JPMorgan BetaBuilders Canada ETF,Financial,Exchange Traded Fund,USA,-,-,94.92,0.31%,331652,0.31,19.07,,,0
901,BBCB,JPMorgan BetaBuilders USD Investment Grade Corporate Bond ETF,Financial,Exchange Traded Fund,USA,-,-,45.31,0.41%,5146,0.41,19.07,,,0
902,BBCP,Concrete Pumping Holdings Inc,Industrials,Engineering & Construction,USA,352.56M,75.30,6.98,-1.97%,77998,-1.97,75.3,352560000.0,0.00022123326463230865,0
903,BBCQ,Bleichroeder Acquisition Corp II,Financial,Shell Companies,USA,383.68M,-,10.01,-0.20%,3797,-0.2,19.07,383680000.0,9.89626769730956e-06,0
904,BBD,Banco Bradesco S.A. ADR,Financial,Banks - Regional,Brazil,19.33B,9.12,3.66,-1.88%,29498954,-1.88,9.12,19330000000.0,0.0015260710811419518,0
905,BBDC,Barings BDC Inc,Financial,Asset Management,USA,876.40M,8.64,8.37,2.57%,649839,2.57,8.64,876400000.0,0.0007414867631886276,0
906,BBEM,JPMorgan BetaBuilders Emerging Markets Equity ETF,Financial,Exchange Traded Fund,USA,-,-,65.63,-1.10%,1088,-1.1,19.07,,,0
907,BBEU,JPMorgan BetaBuilders Europe ETF,Financial,Exchange Traded Fund,USA,-,-,73.01,-0.69%,377968,-0.69,19.07,,,0
908,BBGI,Beasley Broadcast Group Inc,Communication Services,Broadcasting,USA,5.79M,-,3.21,-5.31%,7502,-5.31,19.07,5790000.0,0.001295681986928845,0
909,BBH,VanEck Biotech ETF,Financial,Exchange Traded Fund,USA,-,-,187.79,-0.82%,3193,-0.82,19.07,,,0
910,BBHL,BBH Select Large Cap ETF,Financial,Exchange Traded Fund,USA,-,-,15.1,0.23%,82396,0.23,19.07,,,0
911,BBHM,BBH Select Mid Cap ETF,Financial,Exchange Traded Fund,USA,-,-,11.17,0.72%,222232,0.72,19.07,,,0
912,BBHY,JPMorgan BetaBuilders USD High Yield Corporate Bond ETF,Financial,Exchange Traded Fund,USA,-,-,45.75,0.18%,69943,0.18,19.07,,,0
913,BBIB,JPMorgan BetaBuilders U.S. Treasury Bond 3-10 Year ETF,Financial,Exchange Traded Fund,USA,-,-,98.43,0.11%,242,0.11,19.07,,,0
914,BBIN,JPMorgan BetaBuilders International Equity ETF,Financial,Exchange Traded Fund,USA,-,-,73.89,-0.58%,361257,-0.58,19.07,,,0
915,BBIO,BridgeBio Pharma Inc,Healthcare,Biotechnology,USA,14.18B,-,73.15,-1.75%,1229903,-1.75,19.07,14180000000.0,8.673504935918653e-05,0
916,BBJP,JPMorgan BetaBuilders Japan ETF,Financial,Exchange Traded Fund,USA,-,-,69.6,-1.49%,1616328,-1.49,19.07,,,0
917,BBLB,JPMorgan BetaBuilders U.S. Treasury Bond 20+ Year ETF,Financial,Exchange Traded Fund,USA,-,-,82.13,0.59%,764,0.59,19.07,,,0
918,BBLG,Bone Biologics Corp,Healthcare,Biotechnology,USA,2.23M,-,1.24,6.90%,24542,6.9,19.07,2230000.0,0.01100537623077299,0
919,BBLU,EA Bridgeway Blue Chip ETF,Financial,Exchange Traded Fund,USA,-,-,14.81,0.37%,110408,0.37,19.07,,,0
920,BBMC,JPMorgan BetaBuilders U.S. Mid Cap Equity ETF,Financial,Exchange Traded Fund,USA,-,-,110.07,0.55%,113026,0.55,19.07,,,0
921,BBN,BlackRock Taxable Municipal Bond Trust,Financial,Closed-End Fund - Debt,USA,992.39M,12.65,16.06,-0.56%,104694,-0.56,12.65,992390000.0,0.00010549683077671396,0
922,BBNX,Beta Bionics Inc,Healthcare,Medical Devices,USA,440.71M,-,9.93,-0.80%,612133,-0.8,19.07,440710000.0,0.0013889700678700958,0
923,BBOT,BridgeBio Oncology Therapeutics Inc,Healthcare,Biotechnology,USA,713.09M,-,8.91,-1.33%,164718,-1.33,19.07,713090000.0,0.00023099188008387177,0
924,BBP,Virtus Biotech ETF,Financial,Exchange Traded Fund,USA,-,-,83.7,-0.03%,2743,-0.03,19.07,,,0
925,BBRE,JPMorgan BetaBuilders MSCI U.S. REIT ETF,Financial,Exchange Traded Fund,USA,-,-,97.29,1.10%,8248,1.1,19.07,,,0
926,BBSB,JPMorgan BetaBuilders U.S. Treasury Bond 1-3 Year ETF,Financial,Exchange Traded Fund,USA,-,-,98.57,0.06%,5886,0.06,19.07,,,0
927,BBSC,JPMorgan BetaBuilders U.S. Small Cap Equity ETF,Financial,Exchange Traded Fund,USA,-,-,76.01,0.72%,21423,0.72,19.07,,,0
928,BBSI,Barrett Business Services Inc,Industrials,Staffing & Employment Services,USA,745.51M,14.16,29.58,2.35%,155922,2.35,14.16,745510000.0,0.00020914809967787407,0
929,BBT,Beacon Financial Corp,Financial,Banks - Regional,USA,2.54B,23.62,30.25,0.00%,975736,0.0,23.62,2540000000.0,0.0003841480313448236,0
930,BBU,Brookfield Business Partners L.P,Industrials,Conglomerates,Canada,2.76B,-,31.46,0.00%,0,0.0,19.07,2760000000.0,0.0,0
931,BBUC,Brookfield Business Corp,Financial,Asset Management,USA,3.27B,-,34.47,3.05%,207228,3.05,19.07,3270000000.0,6.337247704484022e-05,0
932,BBUS,JPMorgan BetaBuilders U.S. Equity ETF,Financial,Exchange Traded Fund,USA,-,-,118.2,0.14%,252437,0.14,19.07,,,0
933,BBVA,Banco Bilbao Vizcaya Argentaria S.A. ADR,Financial,Banks - Diversified,Spain,124.75B,10.60,21.92,0.46%,1502619,0.46,10.6,124750000000.0,1.2045042084071783e-05,0
934,BBW,Build A Bear Workshop Inc,Consumer Cyclical,Specialty Retail,USA,492.85M,9.54,38.07,2.64%,253980,2.64,9.54,492850000.0,0.0005153292066240658,0
935,BBWI,Bath & Body Works Inc,Consumer Cyclical,Specialty Retail,USA,3.74B,5.89,18.57,-3.93%,4471943,-3.93,5.89,3740000000.0,0.0011957066841722709,0
936,BBY,Best Buy Co. Inc,Consumer Cyclical,Specialty Retail,USA,13.49B,12.78,64.5,0.30%,2565297,0.3,12.78,13490000000.0,0.00019016286136470253,0
937,BBYY,GraniteShares YieldBOOST BABA ETF,Financial,Exchange Traded Fund,USA,-,-,12.99,-2.12%,448,-2.12,19.07,,,0
938,BC,Brunswick Corp,Consumer Cyclical,Recreational Vehicles,USA,4.75B,-,73.3,0.31%,488264,0.31,19.07,4750000000.0,0.00010279242103099106,0
939,BCAB,BioAtla Inc,Healthcare,Biotechnology,USA,10.80M,-,0.13,-3.12%,1065956,-3.12,19.07,10800000.0,0.09869962049077588,0
941,BCAL,California BanCorp,Financial,Banks - Regional,USA,574.13M,9.22,17.76,-0.45%,144935,-0.45,9.22,574130000.0,0.0002524428260978475,0
942,BCAR,D. Boral ARC Acquisition I Corp,Financial,Shell Companies,USA,417.36M,93.62,10.13,0.10%,5696,0.1,93.62,417360000.0,1.3647690210734881e-05,0
943,BCAT,BlackRock Capital Allocation Term Trust,Financial,Closed-End Fund - Equity,USA,1.50B,6.75,14.31,-0.35%,419026,-0.35,6.75,1500000000.0,0.0002793506664804329,0
944,BCAX,Bicara Therapeutics Inc,Healthcare,Biotechnology,USA,1.41B,-,21.47,4.73%,919780,4.73,19.07,1410000000.0,0.000652326240672109,0
945,BCBP,BCB Bancorp Inc (NJ),Financial,Banks - Regional,USA,156.58M,-,9.02,-1.10%,128699,-1.1,19.07,156580000.0,0.0008219376623966173,0
946,BCC,Boise Cascade Co,Basic Materials,Lumber & Wood Production,USA,2.62B,20.84,73.2,-2.50%,412388,-2.5,20.84,2620000000.0,0.00015739999993992366,0
947,BCCC,Global X Bitcoin Covered Call ETF,Financial,Exchange Traded Fund,USA,-,-,13.57,-0.52%,14229,-0.52,19.07,,,0
948,BCD,abrdn Bloomberg All Comm Longer Dt Strategy K-1 Free ETF,Financial,Exchange Traded Fund,USA,-,-,35.64,0.14%,276749,0.14,19.07,,,0
949,BCDA,BioCardia Inc,Healthcare,Biotechnology,USA,13.13M,-,1.2,3.45%,93454,3.45,19.07,13130000.0,0.007117592755705045,0
950,BCDF,Horizon Kinetics Blockchain Development ETF,Financial,Exchange Traded Fund,USA,-,-,31.1,1.31%,723,1.31,19.07,,,0
951,BCE,BCE Inc,Communication Services,Telecom Services,Canada,22.80B,5.00,24.45,-3.66%,7590262,-3.66,5.0,22800000000.0,0.00033290622805557426,0
952,BCFN,Baron Financials ETF,Financial,Exchange Traded Fund,USA,-,-,20.92,0.64%,1048,0.64,19.07,,,0
953,BCG,Binah Capital Group Inc,Financial,Asset Management,USA,38.61M,25.38,2.31,-2.94%,744646,-2.94,25.38,38610000.0,0.019286350186833716,0
954,BCGD,Baron Global Durable Advantage ETF,Financial,Exchange Traded Fund,USA,-,-,23.63,-0.57%,10195,-0.57,19.07,,,0
955,BCGS,Bancreek Global Select ETF,Financial,Exchange Traded Fund,USA,-,-,24.49,-0.32%,406,-0.32,19.07,,,0
956,BCH,Banco de Chile ADR,Financial,Banks - Regional,Chile,18.37B,14.66,36.38,-2.31%,341416,-2.31,14.66,18370000000.0,1.8585519868340473e-05,0
957,BCHI,GMO Beyond China ETF,Financial,Exchange Traded Fund,USA,-,-,32.01,-1.35%,652,-1.35,19.07,,,0
958,BCHP,Principal Focused Blue Chip ETF,Financial,Exchange Traded Fund,USA,-,-,33.02,0.24%,13079,0.24,19.07,,,0
959,BCHT,Birchtech Corp,Industrials,Pollution & Treatment Controls,USA,48.93M,-,1.86,-3.63%,118483,-3.63,19.07,48930000.0,0.002421479615338655,0
960,BCI,abrdn Bloomberg All Commodity Strategy K-1 Free ETF,Financial,Exchange Traded Fund,USA,-,-,24.67,2.45%,997029,2.45,19.07,,,0
961,BCIC,BCP Investment Corp,Financial,Asset Management,USA,94.63M,10.11,7.64,1.19%,77967,1.19,10.11,94630000.0,0.0008239141834099738,0
962,BCIL,Bancreek International Large Cap ETF,Financial,Exchange Traded Fund,USA,-,-,26.62,-1.01%,16446,-1.01,19.07,,,0
963,BCKT,LifeX 2030 Income Bucket ETF,Financial,Exchange Traded Fund,USA,-,-,43.42,-1.82%,6,-1.82,19.07,,,0
964,BCLO,iShares BBB-B CLO Active ETF,Financial,Exchange Traded Fund,USA,-,-,49.01,0.51%,13105,0.51,19.07,,,0
965,BCML,BayCom Corp,Financial,Banks - Regional,USA,324.33M,13.65,29.73,0.44%,7760,0.44,13.65,324330000.0,2.3926247883556107e-05,0
966,BCO,Brink's Co,Industrials,Security & Protection Services,USA,4.25B,22.00,103.32,-0.06%,353558,-0.06,22.0,4250000000.0,8.319011762748468e-05,0
967,BCOR,Grayscale Bitcoin Adopters ETF,Financial,Exchange Traded Fund,USA,-,-,21.06,-1.06%,647,-1.06,19.07,,,0
968,BCPC,Balchem Corp,Basic Materials,Specialty Chemicals,USA,5.46B,35.88,170.42,-0.85%,175647,-0.85,35.88,5460000000.0,3.216978021388832e-05,0
969,BCPL,BNY Mellon Core Plus ETF,Financial,Exchange Traded Fund,USA,-,-,24.8,0.22%,75860,0.22,19.07,,,0
970,BCRX,Biocryst Pharmaceuticals Inc,Healthcare,Drug Manufacturers - Specialty & Generic,USA,2.26B,7.50,9.02,-3.84%,7820211,-3.84,7.5,2260000000.0,0.0034602703524512076,0
971,BCS,Barclays plc ADR,Financial,Banks - Diversified,United Kingdom,74.88B,9.32,21.8,-0.14%,7607648,-0.14,9.32,74880000000.0,0.00010159786324650643,0
972,BCSF,Bain Capital Specialty Finance Inc,Financial,Asset Management,USA,816.05M,8.26,12.58,2.28%,548630,2.28,8.26,816050000.0,0.0006722994906288837,0
973,BCSM,Baron SMID Cap ETF,Financial,Exchange Traded Fund,USA,-,-,21.9,0.69%,3514,0.69,19.07,,,0
974,BCSS,Bain Capital GSS Investment Corp,Financial,Shell Companies,USA,589.84M,138.36,10.1,-0.10%,1800,-0.1,138.36,589840000.0,3.051675025343017e-06,0
975,BCTK,Baron Technology ETF,Financial,Exchange Traded Fund,USA,-,-,23.69,0.19%,11744,0.19,19.07,,,0
976,BCTX,BriaCell Therapeutics Corp,Healthcare,Biotechnology,Canada,29.72M,-,4.1,-0.97%,112028,-0.97,19.07,29720000.0,0.0037694480562096887,0
977,BCUS,Bancreek U.S. Large Cap ETF,Financial,Exchange Traded Fund,USA,-,-,32.28,-0.03%,11744,-0.03,19.07,,,0
978,BCV,Bancroft Fund Ltd,Financial,Closed-End Fund - Debt,USA,126.11M,2.94,21.66,-1.68%,25662,-1.68,2.94,126110000.0,0.00020348901591079997,0
979,BCX,BlackRock Resources & Commodities Strategy Trust,Financial,Closed-End Fund - Equity,USA,936.20M,4.39,12.28,0.49%,119708,0.49,4.39,936200000.0,0.0001278658404957639,0
980,BCYC,Bicycle Therapeutics Plc ADR,Healthcare,Biotechnology,United Kingdom,252.15M,-,5.05,3.06%,324694,3.06,19.07,252150000.0,0.0012877017597156385,0
981,BDBT,Bluemonte Core Bond ETF,Financial,Exchange Traded Fund,USA,-,-,25.32,0.24%,32738,0.24,19.07,,,0
982,BDC,Belden Inc,Technology,Communication Equipment,USA,4.46B,19.46,115.05,-1.34%,161148,-1.34,19.46,4460000000.0,3.613183855692111e-05,0
983,BDCI,BTC Development Corp,Financial,Shell Companies,USA,346.95M,-,9.97,0.00%,6,0.0,19.07,346950000.0,1.7293558099744754e-08,0
984,BDCX,"ETRACS Quarterly Pay 1.5X Leveraged MVIS BDC Index ETN due June 10, 20",Financial,Exchange Traded Fund,USA,-,-,20.53,2.26%,2714,2.26,19.07,,,0
985,BDCZ,"ETRACS MVIS Business Development Companies Index ETN due April 26, 204",Financial,Exchange Traded Fund,USA,-,-,15.11,1.64%,529,1.64,19.07,,,0
986,BDEC,Innovator U.S. Equity Buffer ETF - December,Financial,Exchange Traded Fund,USA,-,-,48.33,0.06%,10275,0.06,19.07,,,0
987,BDGS,Bridges Capital Tactical ETF,Financial,Exchange Traded Fund,USA,-,-,34.45,0.18%,2499,0.18,19.07,,,0
988,BDIV,AAM Brentview Dividend Growth ETF,Financial,Exchange Traded Fund,USA,-,-,22.77,0.11%,1341,0.11,19.07,,,0
989,BDJ,BlackRock Enhanced Equity Dividend Trust,Financial,Closed-End Fund - Equity,USA,1.55B,5.59,8.77,0.23%,377293,0.23,5.59,1550000000.0,0.0002434148385526356,0
990,BDL,"Flanigan's Enterprises, Inc",Consumer Cyclical,Restaurants,USA,59.94M,10.37,32.25,-3.01%,577,-3.01,10.37,59940000.0,9.626292799027481e-06,0
991,BDMD,Baird Medical Investment Holdings Limited,Healthcare,Medical Devices,China,71.62M,-,1.95,2.63%,340834,2.63,19.07,71620000.0,0.00475892202235518,0
992,BDN,Brandywine Realty Trust,Real Estate,REIT - Office,USA,447.76M,-,2.57,-3.02%,1754480,-3.02,19.07,447760000.0,0.003918349106846639,0
993,BDRX,Biodexa Pharmaceuticals Plc ADR,Healthcare,Biotechnology,United Kingdom,1.97M,-,0.87,42.23%,120555421,42.23,19.07,1970000.0,61.19561411390146,0
994,BDRY,Breakwave Dry Bulk Shipping ETF,Financial,Exchange Traded Fund,USA,-,-,10.45,1.21%,29328,1.21,19.07,,,0
995,BDSX,Biodesix Inc,Healthcare,Diagnostics & Research,USA,148.57M,-,15.07,2.10%,40536,2.1,19.07,148570000.0,0.00027284108317398475,0
996,BDTX,Black Diamond Therapeutics Inc,Healthcare,Biotechnology,USA,136.92M,6.28,2.39,2.58%,534510,2.58,6.28,136920000.0,0.0039038124167118577,0
997,BDVG,iMGP Berkshire Dividend Growth ETF,Financial,Exchange Traded Fund,USA,-,-,13.13,0.36%,5755,0.36,19.07,,,0
998,BDVL,iShares Disciplined Volatility Equity Active ETF,Financial,Exchange Traded Fund,USA,-,-,24.93,0.16%,282780,0.16,19.07,,,0
999,BDX,Becton Dickinson & Co,Healthcare,Medical Instruments & Supplies,USA,44.00B,25.24,154.51,-1.17%,2368036,-1.17,25.24,44000000000.0,5.381899999877684e-05,0
1000,BDYN,iShares Dynamic Equity Active ETF,Financial,Exchange Traded Fund,USA,-,-,24.5,-0.48%,422452,-0.48,19.07,,,0
