No,Ticker,Company,Sector,Industry,Country,Market Cap,P/E,Price,Change,Volume
1,A,Agilent Technologies Inc,Healthcare,Diagnostics & Research,USA,32.63B,25.46,115.48,0.82%,"1,111,810"
2,AA,Alcoa Corp,Basic Materials,Aluminum,USA,18.87B,15.95,71.53,-0.74%,"5,665,793"
3,AAA,Alternative Access First Priority CLO Bond ETF,Financial,Exchange Traded Fund,USA,-,-,24.94,-0.14%,"7,782"
4,AAAA,Amplius Aggressive Asset Allocation ETF,Financial,Exchange Traded Fund,USA,-,-,26.92,-0.11%,"5,439"
5,AAAC,Columbia AAA CLO ETF,Financial,Exchange Traded Fund,USA,-,-,19.99,0.05%,8
6,AAAU,Goldman Sachs Physical Gold ETF,Financial,Exchange Traded Fund,USA,-,-,46.09,-1.96%,"3,549,419"
7,AACB,Artius II Acquisition Inc,Financial,Shell Companies,USA,286.16M,658.60,10.34,0.00%,447
8,AACG,ATA Creativity Global ADR,Consumer Defensive,Education & Training Services,China,30.81M,-,0.97,5.33%,"1,931"
9,AACI,Armada Acquisition Corp III,Financial,Shell Companies,USA,335.54M,-,9.86,0.00%,988
10,AACOU,Abony Acquisition Corp I,Financial,Shell Companies,USA,205.32M,-,9.95,-0.20%,"2,090"
11,AACPU,Apogee Acquisition Corp,Financial,Shell Companies,USA,-,-,-,-,0
12,AADR,AdvisorShares Dorsey Wright ADR ETF,Financial,Exchange Traded Fund,USA,-,-,83.25,-0.28%,"2,183"
13,AAEQ,Alpha Architect US Equity 2 ETF,Financial,Exchange Traded Fund,USA,-,-,46.92,0.13%,"4,215"
14,AAL,American Airlines Group Inc,Industrials,Airlines,USA,7.16B,65.26,10.84,-2.61%,"52,701,537"
15,AALG,Leverage Shares 2X Long AAL Daily ETF,Financial,Exchange Traded Fund,USA,-,-,8.03,-6.03%,"79,065"
16,AAME,Atlantic American Corp,Financial,Insurance - Life,USA,45.28M,9.85,2.22,-1.33%,"11,911"
17,AAMI,Acadian Asset Management Inc,Financial,Asset Management,USA,1.97B,25.02,55.28,-1.64%,"328,432"
18,AAOI,Applied Optoelectronics Inc,Technology,Communication Equipment,USA,7.81B,-,103.91,20.34%,"19,811,717"
19,AAON,AAON Inc,Industrials,Building Products & Equipment,USA,6.63B,62.86,81.36,-2.74%,"630,257"
20,AAOX,Tradr 2X Long AAOI Daily ETF,Financial,Exchange Traded Fund,USA,-,-,26.33,40.43%,"2,732,572"
21,AAP,Advance Auto Parts Inc,Consumer Cyclical,Auto Parts,USA,3.11B,71.14,51.83,-4.72%,"1,272,829"
22,AAPB,GraniteShares 2x Long AAPL Daily ETF,Financial,Exchange Traded Fund,USA,-,-,27.50,0.03%,"42,215"
23,AAPD,Direxion Daily AAPL Bear 1X ETF,Financial,Exchange Traded Fund,USA,-,-,13.84,-0.12%,"13,185,050"
24,AAPG,Ascentage Pharma Group International ADR,Healthcare,Biotechnology,China,2.53B,-,27.32,3.96%,"6,547"
25,AAPL,Apple Inc,Technology,Consumer Electronics,USA,3757.20B,32.38,255.92,0.11%,"31,149,390"
26,AAPR,Innovator Equity Defined Protection ETF - 2 Yr to April 2026,Financial,Exchange Traded Fund,USA,-,-,28.87,0.00%,"28,775"
27,AAPU,Direxion Daily AAPL Bull 2X ETF,Financial,Exchange Traded Fund,USA,-,-,28.50,0.11%,"1,532,098"
28,AAPW,Roundhill AAPL WeeklyPay ETF,Financial,Exchange Traded Fund,USA,-,-,34.85,0.32%,"3,048"
29,AAPX,T-Rex 2X Long Apple Daily Target ETF,Financial,Exchange Traded Fund,USA,-,-,25.90,0.27%,"70,061"
30,AAPY,Kurv Yield Premium Strategy Apple (AAPL) ETF,Financial,Exchange Traded Fund,USA,-,-,22.24,0.27%,729
31,AARD,Aardvark Therapeutics Inc,Healthcare,Biotechnology,USA,93.81M,-,4.30,5.13%,"132,532"
32,AAT,American Assets Trust Inc,Real Estate,REIT - Diversified,USA,1.15B,20.31,18.67,1.74%,"356,125"
33,AAUA,Alpha Architect US Equity 3 ETF,Financial,Exchange Traded Fund,USA,-,-,49.52,0.25%,"1,508"
34,AAUC,Allied Gold Corp,Basic Materials,Gold,Canada,3.87B,-,31.19,-0.06%,"193,823"
35,AAUM,Tema Alternative Asset Managers ETF,Financial,Exchange Traded Fund,USA,-,-,19.21,-1.04%,408
36,AAUS,Alpha Architect US Equity ETF,Financial,Exchange Traded Fund,USA,-,-,52.79,0.06%,9
37,AAVM,Alpha Architect Global Factor Equity ETF,Financial,Exchange Traded Fund,USA,-,-,31.69,-0.77%,"2,119"
38,AAXJ,iShares MSCI All Country Asia ex Japan ETF,Financial,Exchange Traded Fund,USA,-,-,96.11,-1.11%,"1,504,343"
39,AB,AllianceBernstein Holding Lp,Financial,Asset Management,USA,3.56B,12.87,38.63,1.68%,"273,374"
40,ABAT,American Battery Technology Company,Industrials,Waste Management,USA,366.15M,-,2.78,2.21%,"2,200,270"
41,ABBV,Abbvie Inc,Healthcare,Drug Manufacturers - General,USA,369.26B,88.44,208.84,-2.86%,"5,083,736"
42,ABCB,Ameris Bancorp,Financial,Banks - Regional,USA,5.32B,13.07,78.40,-0.13%,"377,192"
43,ABCL,AbCellera Biologics Inc,Healthcare,Biotechnology,Canada,1.07B,-,3.52,0.28%,"3,484,480"
44,ABCS,Alpha Blue Capital US Small-Mid Cap Dynamic ETF,Financial,Exchange Traded Fund,USA,-,-,29.98,0.18%,"4,113"
45,ABEO,Abeona Therapeutics Inc,Healthcare,Biotechnology,USA,274.98M,4.83,4.82,5.24%,"766,632"
46,ABEQ,Absolute Select Value ETF,Financial,Exchange Traded Fund,USA,-,-,37.86,0.19%,"13,546"
47,ABEV,Ambev S.A. ADR,Consumer Defensive,Beverages - Brewers,Brazil,45.76B,16.48,2.93,-1.35%,"42,957,245"
48,ABFL,Abacus FCF Leaders ETF,Financial,Exchange Traded Fund,USA,-,-,71.94,0.00%,"18,756"
49,ABG,Asbury Automotive Group Inc,Consumer Cyclical,Auto & Truck Dealerships,USA,3.76B,7.77,194.76,0.38%,"121,103"
50,ABI,VictoryShares Pioneer Asset-Based Income ETF,Financial,Exchange Traded Fund,USA,-,-,24.89,0.16%,8
51,ABIG,Argent Large Cap ETF,Financial,Exchange Traded Fund,USA,-,-,29.45,0.06%,"6,354"
52,ABLD,Abacus FCF Real Assets Leaders ETF,Financial,Exchange Traded Fund,USA,-,-,31.63,-0.23%,"3,680"
53,ABLG,Abacus FCF International Leaders ETF,Financial,Exchange Traded Fund,USA,-,-,29.90,-0.99%,251
54,ABLS,Abacus FCF Small Cap Leaders ETF,Financial,Exchange Traded Fund,USA,-,-,18.58,0.19%,257
55,ABLV,Able View Global Inc,Consumer Cyclical,Specialty Retail,China,30.13M,-,0.61,-2.09%,"2,085"
56,ABM,ABM Industries Inc,Industrials,Specialty Business Services,USA,2.27B,15.26,38.72,0.05%,"725,724"
57,ABNB,Airbnb Inc,Consumer Cyclical,Travel Services,USA,76.06B,30.91,124.95,-0.19%,"3,094,492"
58,ABNG,Leverage Shares 2x Long ABNB Daily ETF,Financial,Exchange Traded Fund,USA,-,-,14.41,-0.53%,"1,162"
59,ABNY,YieldMax ABNB Option Income Strategy ETF,Financial,Exchange Traded Fund,USA,-,-,40.38,-1.03%,802
60,ABOS,Acumen Pharmaceuticals Inc,Healthcare,Biotechnology,USA,194.97M,-,2.70,5.88%,"635,601"
61,ABOT,Abacus FCF Innovation Leaders ETF,Financial,Exchange Traded Fund,USA,-,-,33.49,0.69%,23
62,ABR,Arbor Realty Trust Inc,Real Estate,REIT - Mortgage,USA,1.45B,13.87,7.50,-0.13%,"2,381,139"
63,ABSI,Absci Corp,Healthcare,Biotechnology,USA,468.25M,-,3.06,-2.86%,"4,666,424"
64,ABT,Abbott Laboratories,Healthcare,Medical Devices,USA,179.16B,27.67,102.87,0.48%,"5,442,089"
65,ABTC,American Bitcoin Corp,Financial,Capital Markets,USA,963.16M,-,0.91,-0.96%,"7,518,746"
66,ABTS,Abits Group Inc,Financial,Capital Markets,Hong Kong,3.53M,-,1.49,5.67%,"33,382"
67,ABUF,Aptus Laddered Buffer ETF,Financial,Exchange Traded Fund,USA,-,-,25.12,0.00%,0
68,ABUS,Arbutus Biopharma Corp,Healthcare,Biotechnology,USA,875.74M,-,4.48,-0.88%,"611,685"
69,ABVC,ABVC BioPharma Inc,Healthcare,Biotechnology,USA,27.73M,-,1.09,0.93%,"54,756"
70,ABVE,Above Food Ingredients Inc,Consumer Defensive,Packaged Foods,Canada,48.64M,-,0.95,7.49%,"1,145,621"
71,ABVX,Abivax ADR,Healthcare,Biotechnology,France,9.37B,-,118.37,2.96%,"954,766"
72,ABX,Abacus Global Management Inc,Financial,Insurance - Life,USA,781.03M,21.66,8.09,4.25%,"594,699"
73,ABXB,Abacus Flexible Bond Leaders ETF,Financial,Exchange Traded Fund,USA,-,-,19.34,0.12%,71
74,ACA,Arcosa Inc,Industrials,Engineering & Construction,USA,5.28B,25.41,107.70,-0.30%,"308,383"
75,ACAAU,Averin Capital Acquisition Corp,Financial,Shell Companies,USA,251.31M,-,10.05,0.32%,"5,107"
76,ACAD,Acadia Pharmaceuticals Inc,Healthcare,Biotechnology,USA,3.78B,9.70,22.20,-0.54%,"1,702,906"
77,ACB,Aurora Cannabis Inc,Healthcare,Drug Manufacturers - Specialty & Generic,Canada,195.08M,-,3.44,2.69%,"687,600"
78,ACCL,Acco Group Holdings Ltd,Industrials,Consulting Services,Hong Kong,19.11M,145.74,1.37,3.79%,"12,347"
79,ACCO,Acco Brands Corporation,Industrials,Business Equipment & Supplies,USA,259.69M,6.51,2.88,-1.71%,"1,181,825"
80,ACCS,ACCESS Newswire Inc,Communication Services,Advertising Agencies,USA,32.80M,7.21,8.50,-0.58%,"2,697"
81,ACDC,ProFrac Holding Corp,Energy,Oil & Gas Equipment & Services,USA,1.10B,-,6.08,2.88%,"1,176,039"
82,ACEI,Innovator Equity Autocallable Income Strategy ETF,Financial,Exchange Traded Fund,USA,-,-,23.23,-2.39%,"20,509"
83,ACEL,Accel Entertainment Inc,Consumer Cyclical,Gambling,USA,900.50M,18.29,11.04,0.36%,"350,151"
84,ACEP,ARS Core Equity Portfolio ETF,Financial,Exchange Traded Fund,USA,-,-,17.66,0.20%,748
85,ACES,ALPS Clean Energy ETF,Financial,Exchange Traded Fund,USA,-,-,33.46,-0.56%,"13,672"
86,ACET,Adicet Bio Inc,Healthcare,Biotechnology,USA,67.08M,-,6.99,1.60%,"64,015"
87,ACFN,Acorn Energy Inc,Technology,Scientific & Technical Instruments,USA,43.11M,17.35,17.20,6.34%,"5,503"
88,ACGCU,ACP Holdings Acquisition Corp,Financial,Shell Companies,USA,-,-,-,-,0
89,ACGL,Arch Capital Group Ltd,Financial,Insurance - Diversified,Bermuda,34.42B,8.33,96.74,1.31%,"1,410,535"
90,ACGR,American Century Large Cap Growth ETF,Financial,Exchange Traded Fund,USA,-,-,60.04,0.09%,10
91,ACH,Accendra Health Inc,Healthcare,Medical Distribution,USA,201.03M,-,2.63,6.05%,"618,097"
92,ACHC,Acadia Healthcare Company Inc,Healthcare,Medical Care Facilities,USA,2.21B,-,23.96,1.23%,"2,129,731"
93,ACHR,Archer Aviation Inc,Industrials,Aerospace & Defense,USA,4.04B,-,5.42,4.03%,"20,908,655"
94,ACHV,Achieve Life Sciences Inc,Healthcare,Biotechnology,Canada,171.97M,-,3.23,2.87%,"504,188"
95,ACI,Albertsons Companies Inc,Consumer Defensive,Grocery Stores,USA,8.97B,11.24,17.45,2.59%,"5,924,242"
96,ACIC,American Coastal Insurance Corp,Financial,Insurance - Property & Casualty,USA,533.76M,5.11,10.97,-0.18%,"138,995"
97,ACII,Innovator Index Autocallable Income Strategy ETF,Financial,Exchange Traded Fund,USA,-,-,25.13,0.48%,"377,330"
98,ACIO,Aptus Collared Investment Opportunity ETF,Financial,Exchange Traded Fund,USA,-,-,42.20,0.02%,"88,692"
99,ACIU,AC Immune SA,Healthcare,Biotechnology,Switzerland,280.90M,-,2.76,-1.08%,"119,822"
100,ACIW,ACI Worldwide Inc,Technology,Software - Infrastructure,USA,4.20B,19.07,41.33,0.90%,"739,842"
101,ACKY,VistaShares Target 15 ACKtivist Distribution ETF,Financial,Exchange Traded Fund,USA,-,-,17.58,-0.10%,"30,245"
102,ACLC,American Century Large Cap Equity ETF,Financial,Exchange Traded Fund,USA,-,-,74.41,-0.00%,"55,423"
103,ACLO,TCW AAA CLO ETF,Financial,Exchange Traded Fund,USA,-,-,50.21,0.06%,186
104,ACLS,Axcelis Technologies Inc,Technology,Semiconductor Equipment & Materials,USA,2.92B,25.05,95.09,-0.44%,"353,670"
105,ACLX,Arcellx Inc,Healthcare,Biotechnology,USA,6.71B,-,114.77,0.02%,"1,212,198"
106,ACM,AECOM,Industrials,Engineering & Construction,USA,10.95B,19.44,84.71,-1.16%,"1,057,416"
107,ACMR,ACM Research Inc,Technology,Semiconductor Equipment & Materials,USA,2.66B,29.56,40.54,0.20%,"777,400"
108,ACN,Accenture plc,Technology,Information Technology Services,Ireland,123.60B,16.49,201.33,2.17%,"5,518,318"
109,ACNB,ACNB Corp,Financial,Banks - Regional,USA,496.97M,13.54,48.00,-0.10%,"37,251"
110,ACNT,Ascent Industries Co,Basic Materials,Chemicals,USA,124.05M,150.23,13.10,-0.38%,"123,946"
111,ACOG,Alpha Cognition Inc,Healthcare,Biotechnology,USA,130.21M,-,5.98,0.34%,"56,401"
112,ACON,Aclarion Inc,Healthcare,Health Information Services,USA,8.15M,-,3.57,4.69%,"55,293"
113,ACP,abrdn Income Credit Strategies Fund,Financial,Closed-End Fund - Debt,USA,638.65M,15.42,5.09,-0.39%,"319,769"
114,ACR,ACRES Commercial Realty Corp,Real Estate,REIT - Mortgage,USA,134.49M,2773.53,18.86,-1.67%,"17,700"
115,ACRE,Ares Commercial Real Estate Corp,Real Estate,REIT - Mortgage,USA,263.55M,-,4.76,0.85%,"496,281"
116,ACRS,Aclaris Therapeutics Inc,Healthcare,Biotechnology,USA,506.50M,-,4.20,1.45%,"940,049"
117,ACRV,Acrivon Therapeutics Inc,Healthcare,Biotechnology,USA,58.89M,-,1.52,4.11%,"392,238"
118,ACSG,American Century Small Cap Growth Insights ETF,Financial,Exchange Traded Fund,USA,-,-,40.12,0.34%,"6,930"
119,ACSI,American Customer Satisfaction ETF,Financial,Exchange Traded Fund,USA,-,-,64.88,0.28%,33
120,ACSV,American Century Small Cap Value Insights ETF,Financial,Exchange Traded Fund,USA,-,-,42.98,0.26%,221
121,ACT,Enact Holdings Inc,Financial,Insurance - Specialty,USA,5.85B,9.15,41.35,1.92%,"275,517"
122,ACTG,Acacia Research Corp,Industrials,Business Equipment & Supplies,USA,482.38M,22.43,5.00,1.63%,"216,563"
123,ACTU,Actuate Therapeutics Inc,Healthcare,Biotechnology,USA,58.80M,-,2.48,-0.40%,"42,815"
124,ACU,Acme United Corp,Consumer Defensive,Household & Personal Products,USA,170.57M,18.05,44.79,-0.29%,"13,707"
125,ACV,Virtus Diversified Income & Convertible Fund,Financial,Closed-End Fund - Equity,USA,255.99M,5.92,24.67,0.73%,"21,047"
126,ACVA,ACV Auctions Inc,Consumer Cyclical,Auto & Truck Dealerships,USA,758.95M,-,4.36,2.11%,"2,536,808"
127,ACVF,American Conservative Values ETF,Financial,Exchange Traded Fund,USA,-,-,47.99,0.29%,"2,338"
128,ACVT,Advent Convertible Bond ETF,Financial,Exchange Traded Fund,USA,-,-,26.10,-0.06%,7
129,ACWI,iShares MSCI ACWI ETF,Financial,Exchange Traded Fund,USA,-,-,139.44,-0.16%,"3,515,819"
130,ACWV,iShares MSCI Global Min Vol Factor ETF,Financial,Exchange Traded Fund,USA,-,-,119.90,0.32%,"58,595"
131,ACWX,iShares MSCI ACWI ex US ETF,Financial,Exchange Traded Fund,USA,-,-,68.93,-0.66%,"3,455,539"
132,ACXP,Acurx Pharmaceuticals Inc,Healthcare,Biotechnology,USA,10.51M,-,3.68,-5.40%,"162,426"
133,ACYN,FT Vest Laddered Autocallable Barrier & Income ETF,Financial,Exchange Traded Fund,USA,-,-,20.57,0.98%,"303,351"
134,AD,Array Digital Infrastructure Inc,Communication Services,Telecom Services,USA,4.15B,14.39,48.00,0.80%,"147,137"
135,ADAC,American Drive Acquisition Co,Financial,Shell Companies,USA,284.62M,-,9.90,0.00%,"1,577"
136,ADAG,Adagene Inc ADR,Healthcare,Biotechnology,China,188.05M,-,3.99,-13.45%,"1,225,420"
137,ADAM,Adamas Trust Inc,Real Estate,REIT - Mortgage,USA,668.61M,6.70,7.39,0.54%,"548,595"
138,ADBE,Adobe Inc,Technology,Software - Application,USA,98.19B,14.15,242.92,0.64%,"3,586,782"
139,ADBG,Leverage Shares 2X Long ADBE Daily ETF,Financial,Exchange Traded Fund,USA,-,-,4.58,1.33%,"2,264,169"
140,ADBU,Direxion Daily ADBE Bull 2X ETF,Financial,Exchange Traded Fund,USA,-,-,25.68,1.04%,"51,141"
141,ADC,Agree Realty Corp,Real Estate,REIT - Retail,USA,9.20B,43.37,76.61,1.02%,"895,058"
142,ADCT,Adc Therapeutics SA,Healthcare,Biotechnology,Switzerland,480.23M,-,3.78,-0.53%,"1,355,030"
143,ADEA,Adeia Inc,Technology,Software - Application,USA,2.73B,25.47,25.07,0.00%,"835,683"
144,ADFI,Anfield Dynamic Fixed Income ETF,Financial,Exchange Traded Fund,USA,-,-,8.51,0.18%,"10,660"
145,ADGM,Adagio Medical Holdings Inc,Healthcare,Medical Devices,USA,27.76M,-,1.25,6.84%,"11,039"
146,ADI,Analog Devices Inc,Technology,Semiconductors,USA,155.41B,58.15,318.34,-0.70%,"2,384,821"
147,ADIL,Adial Pharmaceuticals Inc,Healthcare,Biotechnology,USA,2.41M,-,1.69,-2.31%,"43,151"
148,ADIV,Guinness Atkinson Asia Pacific Dividend Builder ETF,Financial,Exchange Traded Fund,USA,-,-,17.64,0.06%,"93,085"
149,ADM,Archer Daniels Midland Co,Consumer Defensive,Farm Products,USA,35.53B,33.13,73.83,2.02%,"3,349,916"
150,ADMA,Adma Biologics Inc,Healthcare,Biotechnology,USA,2.19B,15.34,9.19,0.88%,"6,123,814"
151,ADME,Aptus Drawdown Managed Equity ETF,Financial,Exchange Traded Fund,USA,-,-,49.65,-0.04%,"7,178"
152,ADNT,Adient plc,Consumer Cyclical,Auto Parts,USA,1.60B,-,20.37,-2.21%,"625,375"
153,ADP,Automatic Data Processing Inc,Technology,Software - Application,USA,82.14B,19.60,204.01,1.36%,"2,846,390"
154,ADPT,Adaptive Biotechnologies Corp,Healthcare,Biotechnology,USA,2.28B,-,14.81,2.63%,"1,565,437"
155,ADPV,Adaptiv Select ETF,Financial,Exchange Traded Fund,USA,-,-,42.18,-2.54%,"67,695"
156,ADSE,Ads-Tec Energy Plc,Industrials,Electrical Equipment & Parts,Ireland,646.92M,-,10.76,-7.24%,"2,545"
157,ADSK,Autodesk Inc,Technology,Software - Application,USA,50.23B,45.51,238.08,0.09%,"1,990,466"
158,ADT,ADT Inc,Industrials,Security & Protection Services,USA,5.43B,9.95,6.62,1.07%,"9,719,747"
159,ADTN,ADTRAN Holdings Inc,Technology,Communication Equipment,USA,1.04B,-,12.88,1.18%,"2,298,409"
160,ADTX,Aditxt Inc,Healthcare,Biotechnology,USA,0.41M,-,0.79,-11.72%,"797,687"
161,ADUR,Aduro Clean Technologies Inc,Industrials,Pollution & Treatment Controls,Canada,345.11M,-,10.37,0.58%,"212,327"
162,ADUS,Addus HomeCare Corporation,Healthcare,Medical Care Facilities,USA,1.71B,17.57,91.59,-2.41%,"268,709"
163,ADV,Advantage Solutions Inc,Communication Services,Advertising Agencies,USA,284.93M,-,21.75,13.34%,"69,714"
164,ADVB,Advanced Biomed Inc,Healthcare,Diagnostics & Research,Taiwan,6.21M,34.37,4.55,2.02%,"2,937"
165,ADVE,Matthews Asia Dividend Active ETF,Financial,Exchange Traded Fund,USA,-,-,41.83,-0.98%,231
166,ADX,Adams Diversified Equity Fund,Financial,Closed-End Fund - Equity,USA,2.75B,5.64,22.43,0.13%,"195,946"
167,ADXN,Addex Therapeutics Ltd ADR,Healthcare,Biotechnology,Switzerland,7.21M,-,5.72,-8.93%,"8,663"
168,AEAQ,Activate Energy Acquisition Corp,Financial,Shell Companies,Cayman Islands,311.22M,-,9.94,0.10%,"46,738"
169,AEBI,Aebi Schmidt Holding AG,Industrials,Farm & Heavy Construction Machinery,Switzerland,741.83M,18.64,9.58,2.13%,"350,312"
170,AEC,Anfield Energy Inc,Energy,Uranium,Canada,87.02M,-,5.48,-3.18%,"25,994"
171,AEE,Ameren Corp,Utilities,Utilities - Regulated Electric,USA,30.87B,20.88,111.68,0.80%,"1,034,282"
172,AEF,abrdn Emerging Markets ex-China Fund Inc,Financial,Closed-End Fund - Equity,USA,299.64M,3.22,7.38,-1.60%,"99,513"
173,AEG,Aegon Ltd,Financial,Insurance - Diversified,Netherlands,11.07B,10.42,7.36,-0.14%,"8,801,303"
174,AEHL,Antelope Enterprise Holdings Ltd,Industrials,Building Products & Equipment,China,4.07M,-,1.11,-11.20%,"363,270"
175,AEHR,Aehr Test Systems,Technology,Semiconductor Equipment & Materials,USA,1.36B,-,44.32,11.92%,"3,581,951"
176,AEI,Alset Inc,Real Estate,Real Estate - Development,USA,68.07M,-,1.75,-0.57%,"5,144"
177,AEIS,Advanced Energy Industries Inc,Industrials,Electrical Equipment & Parts,USA,12.55B,87.08,332.31,-0.15%,"320,033"
178,AEM,Agnico Eagle Mines Ltd,Basic Materials,Gold,Canada,104.48B,23.49,208.54,-0.73%,"2,138,796"
179,AEMD,Aethlon Medical Inc,Healthcare,Medical Devices,USA,2.79M,-,2.12,-1.40%,"18,946"
180,AEMS,Anfield Enhanced Market ETF,Financial,Exchange Traded Fund,USA,-,-,10.14,0.29%,"30,883"
181,AENT,Alliance Entertainment Holding Corporation,Communication Services,Entertainment,USA,340.40M,15.57,6.68,2.45%,"6,013"
182,AEO,American Eagle Outfitters Inc,Consumer Cyclical,Apparel Retail,USA,2.81B,15.04,16.84,-2.77%,"5,204,276"
183,AEON,AEON Biopharma Inc,Healthcare,Biotechnology,USA,22.49M,-,0.89,-9.16%,"74,795"
184,AEP,American Electric Power Company Inc,Utilities,Utilities - Regulated Electric,USA,71.76B,19.92,132.68,0.77%,"1,998,265"
185,AER,Aercap Holdings N.V,Industrials,Rental & Leasing Services,Ireland,23.23B,6.52,139.18,-0.56%,"1,022,008"
186,AERO,Grupo Aeromexico S.A.B. De C.V. ADR,Industrials,Airlines,Mexico,2.09B,7.97,14.30,0.14%,"196,399"
187,AERT,Aeries Technology Inc,Industrials,Consulting Services,Singapore,24.17M,-,0.48,19.25%,"837,363"
188,AES,AES Corp,Utilities,Utilities - Diversified,USA,10.19B,10.87,14.30,0.70%,"7,462,789"
189,AESI,Atlas Energy Solutions Inc,Energy,Oil & Gas Equipment & Services,USA,1.52B,-,12.15,-0.41%,"3,578,304"
190,AESPU,Aeon Acquisition I Corp,Financial,Shell Companies,USA,-,-,-,-,0
191,AESR,Anfield U.S. Equity Sector Rotation ETF,Financial,Exchange Traded Fund,USA,-,-,17.02,-0.06%,"14,881"
192,AETH,Bitwise Trendwise Ether and Treasuries Rotation Strategy ETF,Financial,Exchange Traded Fund,USA,-,-,34.16,0.01%,489
193,AEVA,Aeva Technologies Inc,Technology,Software - Infrastructure,USA,832.80M,-,13.23,0.23%,"822,311"
194,AEXA,American Exceptionalism Acquisition Corp. A,Financial,Shell Companies,USA,540.61M,-,10.93,-1.53%,"62,452"
195,AEYE,AudioEye Inc,Technology,Software - Application,USA,82.85M,-,6.63,-4.60%,"286,743"
196,AFB,AllianceBernstein National Municipal Income Fund Inc,Financial,Closed-End Fund - Debt,USA,301.25M,87.33,10.48,-1.23%,"165,033"
197,AFBI,Affinity Bancshares Inc,Financial,Banks - Regional,USA,135.73M,17.20,22.27,-0.22%,"20,676"
198,AFCG,Advanced Flower Capital Inc,Real Estate,REIT - Mortgage,USA,66.12M,-,2.81,1.44%,"116,287"
199,AFG,American Financial Group Inc,Financial,Insurance - Property & Casualty,USA,10.80B,12.86,129.71,1.51%,"387,432"
200,AFIF,Anfield Universal Fixed Income ETF,Financial,Exchange Traded Fund,USA,-,-,9.34,-0.11%,"68,667"
201,AFIX,Allspring Broad Market Core Bond ETF,Financial,Exchange Traded Fund,USA,-,-,24.95,0.20%,407
202,AFJK,Aimei Health Technology Co Ltd,Financial,Shell Companies,USA,154.57M,126.80,25.55,0.51%,720
203,AFK,VanEck Africa Index ETF,Financial,Exchange Traded Fund,USA,-,-,25.93,-1.78%,"33,087"
204,AFL,Aflac Inc,Financial,Insurance - Life,USA,57.05B,16.05,110.48,0.77%,"1,438,294"
205,AFLG,First Trust Active Factor Large Cap ETF,Financial,Exchange Traded Fund,USA,-,-,38.93,0.08%,"110,222"
206,AFMC,First Trust Active Factor Mid Cap ETF,Financial,Exchange Traded Fund,USA,-,-,36.00,0.16%,"23,335"
207,AFOS,ARS Focused Opportunity Strategy ETF,Financial,Exchange Traded Fund,USA,-,-,36.98,-0.19%,"1,317"
208,AFRI,Forafric Global PLC,Consumer Defensive,Farm Products,United Kingdom,263.10M,-,9.78,1.14%,"4,284"
209,AFRM,Affirm Holdings Inc,Financial,Credit Services,USA,15.43B,56.97,46.31,1.69%,"3,583,456"
210,AFRU,T-REX 2X Long AFRM Daily Target ETF,Financial,Exchange Traded Fund,USA,-,-,4.82,2.34%,"62,428"
211,AFSC,abrdn Focused U.S. Small Cap Active ETF,Financial,Exchange Traded Fund,USA,-,-,31.14,0.03%,210
212,AFSM,First Trust Active Factor Small Cap ETF,Financial,Exchange Traded Fund,USA,-,-,33.35,0.54%,"18,096"
213,AFYA,Afya Ltd,Consumer Defensive,Education & Training Services,Brazil,1.28B,10.39,14.96,-0.07%,"116,369"
214,AG,First Majestic Silver Corporation,Basic Materials,Silver,Canada,10.77B,64.90,21.84,-1.49%,"14,145,611"
215,AGAE,Allied Gaming & Entertainment Inc,Communication Services,Entertainment,USA,10.88M,-,0.29,4.49%,"122,870"
216,AGBK,AGI Inc,Financial,Banks - Regional,Brazil,1.15B,-,7.18,0.14%,"197,920"
217,AGCC,Agencia Comercial Spirits Ltd,Consumer Defensive,Beverages - Wineries & Distilleries,Taiwan,532.49M,710.55,15.49,-1.65%,"250,770"
218,AGCO,AGCO Corp,Industrials,Farm & Heavy Construction Machinery,USA,8.30B,11.76,114.59,-2.68%,"814,660"
219,AGD,abrdn Global Dynamic Dividend Fund,Financial,Closed-End Fund - Foreign,USA,272.16M,6.08,10.94,-0.55%,"116,288"
220,AGEM,abrdn Emerging Markets Dividend Active ETF,Financial,Exchange Traded Fund,USA,-,-,40.49,-0.99%,"12,273"
221,AGEN,Agenus Inc,Healthcare,Biotechnology,USA,127.87M,-,3.33,-2.06%,"480,750"
222,AGG,iShares Core U.S. Aggregate Bond ETF,Financial,Exchange Traded Fund,USA,-,-,99.23,0.23%,"12,005,994"
223,AGGA,EA Astoria Dynamic Core US Fixed Income ETF,Financial,Exchange Traded Fund,USA,-,-,25.17,0.16%,"33,954"
224,AGGH,Simplify Aggregate Bond ETF,Financial,Exchange Traded Fund,USA,-,-,20.40,0.29%,"105,745"
225,AGGS,Harbor Disciplined Bond ETF,Financial,Exchange Traded Fund,USA,-,-,40.83,0.21%,24
226,AGGY,WisdomTree Yield Enhanced U.S. Aggregate Bond Fund,Financial,Exchange Traded Fund,USA,-,-,43.64,0.38%,"50,242"
227,AGH,Aureus Greenway Holdings Inc,Consumer Cyclical,Leisure,USA,79.40M,-,3.92,-1.51%,"614,532"
228,AGI,Alamos Gold Inc,Basic Materials,Gold,Canada,19.32B,21.95,46.01,0.85%,"3,232,009"
229,AGIG,Abundia Global Impact Group Inc,Utilities,Utilities - Renewable,USA,53.34M,-,1.22,-9.63%,"579,152"
230,AGIO,Agios Pharmaceuticals Inc,Healthcare,Biotechnology,USA,2.06B,-,35.20,2.95%,"1,425,264"
231,AGIQ,SoFi Agentic AI ETF,Financial,Exchange Traded Fund,USA,-,-,20.33,-0.30%,"7,055"
232,AGIX,KraneShares Artificial Intelligence & Technology ETF,Financial,Exchange Traded Fund,USA,-,-,33.50,1.18%,"332,784"
233,AGL,Agilon Health Inc,Healthcare,Medical Care Facilities,USA,178.35M,-,10.74,10.15%,"415,549"
234,AGM,Federal Agricultural Mortgage Corp,Financial,Credit Services,USA,1.60B,9.03,150.30,1.12%,"70,787"
235,AGMB,AgomAb Therapeutics NV ADR,Healthcare,Biotechnology,Belgium,522.49M,-,10.72,-9.00%,"178,472"
236,AGMH,AGM Group Holdings Inc,Technology,Computer Hardware,Hong Kong,1.74M,0.02,0.87,-6.66%,"19,340"
237,AGMI,Themes Silver Miners ETF,Financial,Exchange Traded Fund,USA,-,-,69.82,-0.84%,"1,414"
238,AGNC,AGNC Investment Corp,Real Estate,REIT - Mortgage,USA,11.40B,7.28,10.15,1.30%,"12,471,371"
239,AGNG,Global X Aging Population ETF,Financial,Exchange Traded Fund,USA,-,-,35.96,-0.36%,"5,704"
240,AGO,Assured Guaranty Ltd,Financial,Insurance - Specialty,Bermuda,3.65B,7.94,81.10,0.57%,"247,982"
241,AGOX,Adaptive Alpha Opportunities ETF,Financial,Exchange Traded Fund,USA,-,-,27.29,1.26%,"67,878"
242,AGPU,Axe Compute Inc,Technology,Software - Infrastructure,USA,22.54M,-,4.07,14.33%,"8,186,630"
243,AGQ,ProShares Ultra Silver 2x Shares,Financial,Exchange Traded Fund,USA,-,-,110.77,-6.85%,"5,232,544"
244,AGQI,First Trust Active Global Quality Income ETF,Financial,Exchange Traded Fund,USA,-,-,17.02,-0.54%,"5,274"
245,AGRH,iShares Interest Rate Hedged U.S. Aggregate Bond ETF,Financial,Exchange Traded Fund,USA,-,-,26.08,-0.29%,921
246,AGRO,Adecoagro S.A,Consumer Defensive,Farm Products,Luxembourg,2.15B,-,15.22,2.63%,"1,305,061"
247,AGRW,Allspring LT Large Growth ETF,Financial,Exchange Traded Fund,USA,-,-,27.44,0.35%,937
248,AGRZ,Agroz Inc,Consumer Defensive,Farm Products,Malaysia,10.66M,-,0.49,-4.74%,"478,355"
249,AGX,"Argan, Inc",Industrials,Engineering & Construction,USA,8.02B,59.08,575.16,0.66%,"295,089"
250,AGYS,"Agilysys, Inc",Technology,Software - Application,USA,2.00B,66.32,71.09,2.11%,"174,272"
251,AGZ,iShares Agency Bond ETF,Financial,Exchange Traded Fund,USA,-,-,109.46,0.07%,"12,308"
252,AGZD,WisdomTree Interest Rate Hedged U.S. Aggregate Bond Fund,Financial,Exchange Traded Fund,USA,-,-,22.55,0.16%,"21,981"
253,AHCO,AdaptHealth Corp,Healthcare,Medical Devices,USA,1.64B,-,12.03,1.43%,"1,056,739"
254,AHG,Akso Health Group ADR,Healthcare,Medical Distribution,China,1.90B,-,2.22,-4.31%,"160,433"
255,AHLT,American Beacon AHL Trend ETF,Financial,Exchange Traded Fund,USA,-,-,28.58,1.01%,"3,827"
256,AHMA,Ambitions Enterprise Management Co LLC,Consumer Cyclical,Travel Services,United Arab Emirates,34.22M,107.41,1.16,-0.85%,"226,847"
257,AHR,American Healthcare REIT Inc,Real Estate,REIT - Healthcare Facilities,USA,9.14B,117.90,48.09,1.20%,"1,911,677"
258,AHRT,AH Realty Trust Inc,Real Estate,REIT - Diversified,USA,454.78M,-,5.67,5.00%,"1,855,178"
259,AHT,Ashford Hospitality Trust Inc,Real Estate,REIT - Hotel & Motel,USA,16.77M,-,2.59,-3.00%,"19,450"
260,AHYB,American Century Select High Yield ETF,Financial,Exchange Traded Fund,USA,-,-,46.21,0.08%,"19,347"
261,AI,C3.ai Inc,Technology,Software - Infrastructure,USA,1.26B,-,8.64,2.01%,"3,739,057"
262,AIA,iShares Asia 50 ETF,Financial,Exchange Traded Fund,USA,-,-,105.62,-1.66%,"140,159"
263,AIB,BlockchAIn Digital Infrastructure Inc,Technology,Software - Infrastructure,USA,114.96M,-,1.16,16.00%,"561,009"
264,AIBD,Direxion Daily AI and Big Data Bear 2X ETF,Financial,Exchange Traded Fund,USA,-,-,9.52,-1.46%,"34,552"
265,AIBU,Direxion Daily AI and Big Data Bull 2X ETF,Financial,Exchange Traded Fund,USA,-,-,37.73,1.76%,"2,959"
266,AIDX,20/20 Biolabs Inc,Healthcare,Medical Devices,USA,9.96M,-,1.83,-2.66%,"57,068"
267,AIEQ,Amplify AI Powered Equity ETF,Financial,Exchange Traded Fund,USA,-,-,43.60,0.12%,"2,670"
268,AIFD,TCW Artificial Intelligence ETF,Financial,Exchange Traded Fund,USA,-,-,39.82,0.86%,"6,986"
269,AIFF,Firefly Neuroscience Inc,Technology,Software - Application,USA,31.36M,-,2.12,-5.36%,"974,442"
270,AIFU,AIFU Inc,Financial,Insurance Brokers,China,170.77M,-,1.47,6.67%,"2,015"
271,AIG,American International Group Inc,Financial,Insurance - Diversified,USA,40.47B,13.92,75.42,-0.19%,"2,294,433"
272,AIHS,Senmiao Technology Ltd,Industrials,Rental & Leasing Services,China,5.33M,-,1.17,2.63%,"45,023"
273,AII,American Integrity Insurance Group Inc,Financial,Insurance - Property & Casualty,USA,375.72M,0.06,19.19,1.43%,"65,356"
274,AIIA,AI Infrastructure Acquisition Corp,Financial,Shell Companies,USA,193.67M,-,10.04,0.00%,12
275,AIIO,Robo.ai Inc,Consumer Cyclical,Auto Manufacturers,United Arab Emirates,25.92M,-,0.07,-22.65%,"5,558,029"
276,AIM,AIM ImmunoTech Inc,Healthcare,Biotechnology,USA,4.85M,-,0.60,8.18%,"194,431"
277,AIMD,Ainos Inc,Technology,Scientific & Technical Instruments,USA,10.46M,-,1.44,0.00%,"4,886"
278,AIMS,Acuitas Small Cap Active ETF,Financial,Exchange Traded Fund,USA,-,-,24.04,0.47%,"1,989"
279,AIN,Albany International Corp,Consumer Cyclical,Textile Manufacturing,USA,1.48B,-,52.26,-3.11%,"245,311"
280,AINP,Allspring Income Plus ETF,Financial,Exchange Traded Fund,USA,-,-,24.91,0.15%,539
281,AINT,FINQ DOLLAR NEUTRAL U.S. Large Cap AI-Managed Equity ETF,Financial,Exchange Traded Fund,USA,-,-,24.84,0.20%,6
282,AIO,Virtus Artificial Intelligence & Technology Opportunities Fund,Financial,Closed-End Fund - Equity,USA,750.58M,5.17,21.80,-0.23%,"53,271"
283,AIOO,AllianzIM U.S. Equity Buffer100 Protection ETF,Financial,Exchange Traded Fund,USA,-,-,25.70,0.08%,"24,896"
284,AIOS,AIOS Tech Inc,Technology,Information Technology Services,China,2.55M,-,0.55,-2.38%,"128,628"
285,AIOT,PowerFleet Inc,Technology,Software - Infrastructure,USA,413.17M,-,3.08,1.32%,"1,773,575"
286,AIP,Arteris Inc,Technology,Semiconductors,USA,827.50M,-,18.20,3.70%,"428,823"
287,AIPI,REX AI Equity Premium Income ETF,Financial,Exchange Traded Fund,USA,-,-,34.21,0.38%,"83,229"
288,AIPO,Defiance AI & Power Infrastructure ETF,Financial,Exchange Traded Fund,USA,-,-,25.44,0.16%,"155,059"
289,AIQ,Global X Artificial Intelligence & Technology ETF,Financial,Exchange Traded Fund,USA,-,-,47.27,-0.15%,"1,661,318"
290,AIR,AAR Corp,Industrials,Aerospace & Defense,USA,4.37B,24.17,109.78,-1.43%,"410,229"
291,AIRE,reAlpha Tech Corp,Real Estate,Real Estate Services,USA,32.99M,-,0.25,-1.77%,"1,024,802"
292,AIRG,Airgain Inc,Technology,Communication Equipment,USA,66.50M,-,5.44,3.42%,"68,189"
293,AIRI,Air Industries Group,Industrials,Aerospace & Defense,USA,15.44M,-,3.23,-0.31%,"50,250"
294,AIRJ,AirJoule Technologies Corp,Industrials,Building Products & Equipment,USA,183.44M,-,2.68,3.47%,"424,446"
295,AIRO,AIRO Group Holdings Inc,Industrials,Aerospace & Defense,USA,273.80M,-,8.71,5.96%,"637,330"
296,AIRR,First Trust RBA American Industrial Renaissance ETF,Financial,Exchange Traded Fund,USA,-,-,112.87,-0.26%,"517,569"
297,AIRS,Airsculpt Technologies Inc,Healthcare,Medical Care Facilities,USA,223.63M,-,3.17,16.12%,"3,424,707"
298,AIRT,Air T Inc,Industrials,Conglomerates,USA,58.65M,-,21.70,1.69%,"1,735"
299,AIS,VistaShares Artificial Intelligence Supercycle ETF,Financial,Exchange Traded Fund,USA,-,-,43.33,0.12%,"81,978"
300,AISP,Airship AI Holdings Inc,Technology,Software - Infrastructure,USA,77.34M,3.11,2.25,-0.88%,"400,855"
301,AIT,Applied Industrial Technologies Inc,Industrials,Industrial Distribution,USA,9.96B,25.42,267.12,-0.83%,"139,688"
302,AIUP,FINQ FIRST U.S. Large Cap AI-Managed Equity ETF,Financial,Exchange Traded Fund,USA,-,-,23.88,0.38%,207
303,AIV,Apartment Investment & Management Co,Real Estate,REIT - Residential,USA,582.67M,-,4.05,0.75%,"1,396,499"
304,AIVC,Amplify Bloomberg AI Value Chain ETF,Financial,Exchange Traded Fund,USA,-,-,71.25,0.58%,"1,948"
305,AIVI,WisdomTree International AI Enhanced Value Fund,Financial,Exchange Traded Fund,USA,-,-,54.57,-0.42%,"1,607"
306,AIVL,WisdomTree U.S. AI Enhanced Value Fund,Financial,Exchange Traded Fund,USA,-,-,117.40,0.51%,467
307,AIXC,AIxCrypto Holdings Inc,Technology,Software - Infrastructure,USA,25.90M,-,1.28,3.23%,"21,617"
308,AIXI,Xiao-I Corp ADR,Technology,Software - Application,China,1.76M,-,0.13,33.10%,"218,493,016"
309,AIYY,YieldMax AI Option Income Strategy ETF,Financial,Exchange Traded Fund,USA,-,-,9.84,-1.70%,"30,713"
310,AIZ,Assurant Inc,Financial,Insurance - Property & Casualty,USA,10.85B,12.83,218.26,0.89%,"288,398"
311,AJAN,Innovator Equity Defined Protection ETF - 2 Yr to January 2028,Financial,Exchange Traded Fund,USA,-,-,27.69,0.07%,"9,618"
312,AJG,Arthur J. Gallagher & Co,Financial,Insurance Brokers,USA,55.95B,37.86,217.61,0.59%,"1,730,654"
313,AJUL,Innovator Equity Defined Protection ETF - 2 Yr to July 2026,Financial,Exchange Traded Fund,USA,-,-,29.10,0.09%,"6,095"
314,AKA,a.k.a. Brands Holding Corp,Consumer Cyclical,Apparel Retail,USA,113.44M,-,10.49,3.84%,"2,778"
315,AKAF,The Frontier Economic Fund,Financial,Exchange Traded Fund,USA,-,-,31.15,0.27%,13
316,AKAM,Akamai Technologies Inc,Technology,Software - Infrastructure,USA,17.10B,38.37,118.00,1.94%,"4,114,254"
317,AKAN,Akanda Corp,Healthcare,Drug Manufacturers - Specialty & Generic,United Kingdom,1.38M,-,0.69,-0.99%,"88,962"
318,AKBA,Akebia Therapeutics Inc,Healthcare,Drug Manufacturers - Specialty & Generic,USA,369.67M,-,1.38,-2.13%,"1,876,856"
319,AKO-A,Embotelladora Andina S.A. ADR,Consumer Defensive,Beverages - Non-Alcoholic,Chile,1.97B,14.35,25.00,12.71%,"2,247"
320,AKO-B,Embotelladora Andina S.A. ADR,Consumer Defensive,Beverages - Non-Alcoholic,Chile,2.02B,13.38,25.64,-1.63%,"6,275"
321,AKR,Acadia Realty Trust,Real Estate,REIT - Retail,USA,2.59B,206.38,19.42,0.88%,"1,367,588"
322,AKRE,Akre Focus ETF,Financial,Exchange Traded Fund,USA,-,-,52.92,0.42%,"508,748"
323,AKTS,Aktis Oncology Inc,Healthcare,Biotechnology,USA,927.56M,-,17.37,1.76%,"380,427"
324,AKTX,Akari Therapeutics Plc ADR,Healthcare,Biotechnology,USA,202.36M,-,4.47,-3.87%,"5,577"
325,AL,Air Lease Corp,Industrials,Rental & Leasing Services,USA,7.28B,6.98,64.95,0.00%,"3,049,147"
326,ALAB,Astera Labs Inc,Technology,Semiconductors,USA,19.94B,96.10,117.14,10.17%,"4,481,088"
327,ALAI,Alger AI Enablers & Adopters ETF,Financial,Exchange Traded Fund,USA,-,-,33.70,0.27%,"178,871"
328,ALAR,Alarum Technologies Ltd ADR,Technology,Software - Infrastructure,Israel,45.38M,47.28,6.25,3.14%,"17,167"
329,ALB,Albemarle Corp,Basic Materials,Specialty Chemicals,USA,20.99B,-,178.09,-0.21%,"1,145,781"
330,ALBG,Leverage Shares 2X Long ALB Daily ETF,Financial,Exchange Traded Fund,USA,-,-,14.83,-0.17%,"2,037"
331,ALBT,Avalon GloboCare Corp,Real Estate,Real Estate Services,USA,4.65M,-,0.58,9.06%,"255,842"
332,ALC,Alcon Inc,Healthcare,Medical Instruments & Supplies,Switzerland,36.34B,37.75,74.56,-1.26%,"1,279,801"
333,ALCO,Alico Inc,Consumer Defensive,Farm Products,USA,322.80M,-,42.16,2.31%,"38,284"
334,ALCY,Alchemy Investments Acquisition Corp 1,Financial,Shell Companies,USA,49.99M,-,11.88,0.17%,754
335,ALDF,Aldel Financial II Inc,Financial,Shell Companies,USA,315.71M,40.31,10.56,0.00%,0
336,ALDX,Aldeyra Therapeutics Inc,Healthcare,Biotechnology,USA,99.90M,-,1.66,-1.19%,"1,805,456"
337,ALEC,Alector Inc,Healthcare,Biotechnology,USA,265.97M,-,2.41,-4.74%,"1,316,688"
338,ALF,Centurion Acquisition Corp,Financial,Shell Companies,USA,388.15M,33.06,10.80,0.37%,"3,215"
339,ALG,Alamo Group Inc,Industrials,Farm & Heavy Construction Machinery,USA,2.04B,19.57,168.20,-1.06%,"136,790"
340,ALGM,Allegro Microsystems Inc,Technology,Semiconductors,USA,6.04B,-,32.60,-2.10%,"1,312,879"
341,ALGN,"Align Technology, Inc",Healthcare,Medical Instruments & Supplies,USA,12.16B,30.15,170.60,-1.23%,"1,081,303"
342,ALGS,Aligos Therapeutics Inc,Healthcare,Biotechnology,USA,49.32M,-,7.97,2.97%,"39,566"
343,ALGT,Allegiant Travel,Industrials,Airlines,USA,1.53B,-,82.83,-0.34%,"433,280"
344,ALH,Alliance Laundry Holdings Inc,Consumer Cyclical,"Furnishings, Fixtures & Appliances",USA,4.23B,-,21.36,-0.47%,"1,249,935"
345,ALHC,Alignment Healthcare Inc,Healthcare,Healthcare Plans,USA,3.83B,-,18.76,5.10%,"2,728,173"
346,ALIL,Argent Focused Small Cap ETF,Financial,Exchange Traded Fund,USA,-,-,28.07,0.05%,383
347,ALIS,Calisa Acquisition Corp,Financial,Shell Companies,USA,84.36M,-,10.03,0.10%,13
348,ALIT,Alight Inc,Technology,Software - Application,USA,294.40M,-,0.55,-4.64%,"18,714,166"
349,ALK,Alaska Air Group Inc,Industrials,Airlines,USA,4.28B,42.64,37.33,-0.85%,"4,077,491"
350,ALKS,Alkermes plc,Healthcare,Drug Manufacturers - Specialty & Generic,Ireland,5.81B,24.32,34.84,-0.60%,"2,485,560"
351,ALKT,Alkami Technology Inc,Technology,Software - Application,USA,1.76B,-,16.56,3.44%,"1,237,420"
352,ALL,Allstate Corp,Financial,Insurance - Property & Casualty,USA,53.73B,5.42,207.03,1.44%,"1,382,881"
353,ALLE,Allegion plc,Industrials,Security & Protection Services,Ireland,12.15B,18.96,141.06,-2.15%,"816,621"
354,ALLO,Allogene Therapeutics Inc,Healthcare,Biotechnology,USA,604.57M,-,2.48,-3.12%,"4,299,094"
355,ALLR,Allarity Therapeutics Inc,Healthcare,Biotechnology,USA,18.35M,-,1.16,2.65%,"55,115"
356,ALLT,Allot Ltd,Technology,Software - Infrastructure,Israel,344.50M,97.40,7.11,2.75%,"338,031"
357,ALLW,State Street Bridgewater All Weather ETF,Financial,Exchange Traded Fund,USA,-,-,29.10,0.45%,"421,475"
358,ALLY,Ally Financial Inc,Financial,Credit Services,USA,12.27B,16.92,39.84,0.18%,"2,310,746"
359,ALM,Almonty Industries Inc,Basic Materials,Other Industrial Metals & Mining,Canada,4.31B,-,15.36,2.26%,"3,804,901"
360,ALMS,Alumis Inc,Healthcare,Biotechnology,USA,2.97B,-,23.37,2.82%,"1,412,309"
361,ALMU,Aeluma Inc,Technology,Semiconductors,USA,241.96M,-,13.44,4.59%,"193,617"
362,ALNT,Allient Inc,Technology,Electronic Components,USA,1.03B,46.01,60.54,-2.07%,"160,662"
363,ALNY,Alnylam Pharmaceuticals Inc,Healthcare,Biotechnology,USA,42.29B,141.27,318.85,-3.01%,"872,456"
364,ALOT,AstroNova Inc,Technology,Computer Hardware,USA,69.59M,-,9.11,0.66%,"160,817"
365,ALOV,Aldabra 4 Liquidity Opportunity Vehicle Inc,Financial,Shell Companies,USA,369.20M,-,9.84,-0.51%,"34,124"
366,ALOY,REalloys Inc,Basic Materials,Other Industrial Metals & Mining,USA,549.84M,-,9.19,0.88%,"1,132,727"
367,ALPS,ALPS Group Inc,Healthcare,Biotechnology,Malaysia,168.06M,-,1.01,0.00%,"7,940"
368,ALRG,Allspring LT Large Core ETF,Financial,Exchange Traded Fund,USA,-,-,26.71,0.00%,0
369,ALRM,Alarm.com Holdings Inc,Technology,Software - Application,USA,2.17B,17.73,43.67,0.85%,"267,331"
370,ALRS,Alerus Financial Corp,Financial,Banks - Regional,USA,605.56M,35.88,23.84,0.97%,"144,781"
371,ALSN,Allison Transmission Holdings Inc,Consumer Cyclical,Auto Parts,USA,9.69B,15.95,117.06,-1.50%,"355,307"
372,ALT,Altimmune Inc,Healthcare,Biotechnology,USA,434.43M,-,3.34,7.05%,"2,727,750"
373,ALTG,Alta Equipment Group Inc,Industrials,Rental & Leasing Services,USA,169.08M,-,5.24,-0.19%,"303,077"
374,ALTI,AlTi Global Inc,Financial,Asset Management,USA,560.22M,-,3.82,4.66%,"102,145"
375,ALTL,Pacer Lunt Large Cap Alternator ETF,Financial,Exchange Traded Fund,USA,-,-,44.36,0.75%,"4,002"
376,ALTO,Alto Ingredients Inc,Basic Materials,Specialty Chemicals,USA,360.96M,30.62,4.67,-2.51%,"1,414,263"
377,ALTS,ALT5 Sigma Corp,Technology,Software - Application,USA,144.03M,-,1.14,3.64%,"4,155,737"
378,ALTY,Global X Alternative Income ETF,Financial,Exchange Traded Fund,USA,-,-,12.10,0.42%,"8,149"
379,ALUB,Alussa Energy Acquisition Corp. II,Financial,Shell Companies,USA,358.84M,-,9.98,0.00%,18
380,ALUB-U,Alussa Energy Acquisition Corp. II,Financial,Shell Companies,USA,358.84M,-,10.13,0.00%,0
381,ALV,Autoliv Inc,Consumer Cyclical,Auto Parts,Sweden,7.87B,11.00,105.29,-1.69%,"477,798"
382,ALVO,Alvotech,Healthcare,Drug Manufacturers - Specialty & Generic,Luxembourg,1.21B,37.86,3.65,0.83%,"246,832"
383,ALX,Alexander's Inc,Real Estate,REIT - Retail,USA,1.18B,41.97,230.72,1.33%,"50,466"
384,ALXO,Alx Oncology Holdings Inc,Healthcare,Biotechnology,USA,259.27M,-,1.97,-0.51%,"415,021"
385,ALZN,Alzamend Neuro Inc,Healthcare,Biotechnology,USA,3.80M,-,1.00,-1.97%,"93,629"
386,AM,Antero Midstream Corp,Energy,Oil & Gas Midstream,USA,10.76B,26.61,22.75,0.89%,"1,526,728"
387,AMAL,Amalgamated Financial Corp,Financial,Banks - Regional,USA,1.18B,11.53,39.40,0.82%,"114,180"
388,AMAT,Applied Materials Inc,Technology,Semiconductor Equipment & Materials,USA,276.55B,35.69,348.47,-1.51%,"4,253,830"
389,AMAX,RH Hedged Multi-Asset Income ETF,Financial,Exchange Traded Fund,USA,-,-,7.76,0.32%,"44,911"
390,AMBA,Ambarella Inc,Technology,Semiconductor Equipment & Materials,USA,2.21B,-,50.54,-1.06%,"667,932"
391,AMBO,Ambow Education Holding Ltd ADR,Consumer Defensive,Education & Training Services,USA,6.24M,-,2.38,9.68%,"19,786"
392,AMBP,Ardagh Metal Packaging S.A,Consumer Cyclical,Packaging & Containers,Luxembourg,2.44B,-,4.09,-0.49%,"890,538"
393,AMBQ,Ambiq Micro Inc,Technology,Semiconductors,USA,606.62M,-,28.53,5.94%,"339,965"
394,AMBR,Amber International Holding Ltd. ADR,Technology,Software - Infrastructure,Singapore,216.10M,-,2.50,0.40%,"18,485"
395,AMC,AMC Entertainment Holdings Inc,Communication Services,Entertainment,USA,624.91M,-,1.12,8.74%,"40,939,094"
396,AMCI,AMC Robotics Corp,Technology,Computer Hardware,USA,135.12M,-,5.98,-1.16%,"27,756"
397,AMCR,Amcor Plc,Consumer Cyclical,Packaging & Containers,Switzerland,18.45B,26.11,39.93,-1.89%,"3,887,408"
398,AMCX,AMC Networks Inc,Communication Services,Entertainment,USA,306.26M,5.24,7.17,2.43%,"331,388"
399,AMD,Advanced Micro Devices Inc,Technology,Semiconductors,USA,354.61B,82.24,217.50,3.47%,"38,260,180"
400,AMDD,Direxion Daily AMD Bear 1X ETF,Financial,Exchange Traded Fund,USA,-,-,8.37,-3.32%,"12,252,845"
401,AMDG,Leverage Shares 2X Long AMD Daily ETF,Financial,Exchange Traded Fund,USA,-,-,23.53,6.59%,"58,366"
402,AMDL,GraniteShares 2x Long AMD Daily ETF,Financial,Exchange Traded Fund,USA,-,-,13.93,6.83%,"11,213,732"
403,AMDW,Roundhill AMD WeeklyPay ETF,Financial,Exchange Traded Fund,USA,-,-,44.00,3.81%,"28,606"
404,AMDY,Yieldmax AMD Option Income Strategy ETF,Financial,Exchange Traded Fund,USA,-,-,32.37,1.16%,"52,459"
405,AME,Ametek Inc,Industrials,Specialty Industrial Machinery,USA,49.98B,34.10,218.29,-0.16%,"776,333"
406,AMG,Affiliated Managers Group Inc,Financial,Asset Management,USA,7.09B,11.59,265.51,-2.92%,"393,807"
407,AMGN,AMGEN Inc,Healthcare,Drug Manufacturers - General,USA,187.56B,24.45,347.94,-1.51%,"1,603,555"
408,AMH,American Homes 4 Rent,Real Estate,REIT - Residential,USA,10.58B,24.64,29.08,3.23%,"2,953,436"
409,AMID,Argent Mid Cap ETF,Financial,Exchange Traded Fund,USA,-,-,32.51,0.27%,"2,310"
410,AMIX,Autonomix Medical Inc,Healthcare,Medical Devices,USA,4.50M,-,0.39,-1.99%,"76,669"
411,AMJB,Alerian MLP Index ETNs,Financial,Exchange Traded Fund,USA,-,-,34.26,0.56%,"31,335"
412,AMKR,AMKOR Technology Inc,Technology,Semiconductor Equipment & Materials,USA,11.55B,31.04,46.70,0.45%,"1,772,948"
413,AMLP,Alerian MLP ETF,Financial,Exchange Traded Fund,USA,-,-,52.37,0.54%,"1,450,296"
414,AMLX,Amylyx Pharmaceuticals Inc,Healthcare,Drug Manufacturers - Specialty & Generic,USA,1.65B,-,14.95,4.18%,"1,283,971"
415,AMN,AMN Healthcare Services Inc,Healthcare,Medical Care Facilities,USA,703.27M,-,18.20,-1.94%,"951,841"
416,AMOD,Alpha Modus Holdings Inc,Technology,Software - Application,USA,17.28M,-,0.34,-8.04%,"675,028"
417,AMOM,QRAFT AI Enhanced U.S. Large Cap Momentum ETF,Financial,Exchange Traded Fund,USA,-,-,48.13,-0.09%,"15,273"
418,AMP,Ameriprise Financial Inc,Financial,Asset Management,USA,39.57B,11.94,433.94,-0.63%,"619,888"
419,AMPG,Amplitech Group Inc,Technology,Communication Equipment,USA,48.89M,-,1.93,1.58%,"218,749"
420,AMPH,Amphastar Pharmaceuticals Inc,Healthcare,Drug Manufacturers - Specialty & Generic,USA,927.82M,10.06,20.45,1.04%,"390,454"
421,AMPL,Amplitude Inc,Technology,Software - Application,USA,914.69M,-,6.84,0.74%,"1,048,837"
422,AMPX,Amprius Technologies Inc,Industrials,Electrical Equipment & Parts,USA,2.19B,-,16.00,3.09%,"5,905,937"
423,AMPY,Amplify Energy Corp,Energy,Oil & Gas E&P,USA,246.77M,5.92,5.98,1.87%,"1,002,537"
424,AMR,Alpha Metallurgical Resources Inc,Basic Materials,Coking Coal,USA,2.68B,-,209.31,5.54%,"206,325"
425,AMRC,Ameresco Inc,Industrials,Engineering & Construction,USA,1.30B,29.81,24.59,-0.32%,"755,001"
426,AMRN,Amarin Corp ADR,Healthcare,Drug Manufacturers - General,Ireland,306.74M,-,14.74,0.68%,"13,168"
427,AMRX,Amneal Pharmaceuticals Inc,Healthcare,Drug Manufacturers - Specialty & Generic,USA,3.93B,56.37,12.48,-1.81%,"1,351,066"
428,AMRZ,Amrize Ltd,Basic Materials,Building Materials,USA,29.97B,25.31,54.23,-1.72%,"2,629,875"
429,AMS,American Shared Hospital Services,Healthcare,Medical Care Facilities,USA,8.91M,-,1.35,0.00%,"13,319"
430,AMSC,American Superconductor Corp,Industrials,Specialty Industrial Machinery,USA,1.53B,10.95,32.09,-1.72%,"630,302"
431,AMSF,Amerisafe Inc,Financial,Insurance - Specialty,USA,619.67M,13.34,32.97,1.23%,"237,992"
432,AMST,Amesite Inc,Technology,Software - Application,USA,8.09M,-,1.77,0.00%,"4,749"
433,AMT,American Tower Corp,Real Estate,REIT - Specialty,USA,80.97B,32.19,173.73,1.58%,"4,223,585"
434,AMTB,Amerant Bancorp Inc,Financial,Banks - Regional,USA,916.06M,18.18,22.77,0.84%,"173,551"
435,AMTD,AMTD IDEA Group ADR,Financial,Asset Management,France,39.65M,1.33,0.98,-0.99%,"10,632"
436,AMTM,Amentum Holdings Inc,Industrials,Specialty Business Services,USA,6.60B,67.16,27.04,2.66%,"1,392,621"
437,AMTX,Aemetis Inc,Basic Materials,Specialty Chemicals,USA,210.56M,-,3.16,6.04%,"2,099,850"
438,AMUB,UBS ETRACS Alerian MLP Index ETN,Financial,Exchange Traded Fund,USA,-,-,21.64,0.71%,442
439,AMUN,abrdn Ultra Short Municipal Income Active ETF,Financial,Exchange Traded Fund,USA,-,-,26.03,0.06%,186
440,AMUU,Direxion Daily AMD Bull 2X ETF,Financial,Exchange Traded Fund,USA,-,-,48.51,6.71%,"101,633"
441,AMWD,American Woodmark Corp,Consumer Cyclical,"Furnishings, Fixtures & Appliances",USA,557.58M,32.93,38.27,-3.11%,"132,887"
442,AMWL,American Well Corporation,Healthcare,Health Information Services,USA,91.03M,-,5.50,3.97%,"22,193"
443,AMX,America Movil S.A.B.DE C.V. ADR,Communication Services,Telecom Services,Mexico,78.29B,17.85,25.58,0.20%,"863,575"
444,AMYY,GraniteShares YieldBOOST AMD ETF,Financial,Exchange Traded Fund,USA,-,-,15.52,-0.89%,"9,715"
445,AMZA,InfraCap MLP ETF 1.25x Shares,Financial,Exchange Traded Fund,USA,-,-,45.67,2.10%,"38,345"
446,AMZD,Direxion Daily AMZN Bear 1X ETF,Financial,Exchange Traded Fund,USA,-,-,10.94,0.55%,"12,913,750"
447,AMZE,Amaze Holdings Inc,Technology,Software - Application,USA,4.69M,-,0.13,-6.13%,"1,743,744"
448,AMZN,Amazon.com Inc,Consumer Cyclical,Internet Retail,USA,2251.86B,29.25,209.77,-0.38%,"31,255,136"
449,AMZO,Tradr 2X Short AMZN Daily ETF,Financial,Exchange Traded Fund,USA,-,-,24.82,0.87%,"3,085"
450,AMZP,Kurv Yield Premium Strategy Amazon (AMZN) ETF,Financial,Exchange Traded Fund,USA,-,-,23.42,-0.47%,"4,045"
451,AMZU,Direxion Daily AMZN Bull 2X ETF,Financial,Exchange Traded Fund,USA,-,-,27.20,-0.87%,"2,008,184"
452,AMZW,Roundhill AMZN WeeklyPay ETF,Financial,Exchange Traded Fund,USA,-,-,34.13,0.12%,"19,251"
453,AMZY,YieldMax AMZN Option Income Strategy ETF,Financial,Exchange Traded Fund,USA,-,-,11.00,-0.45%,"274,738"
454,AMZZ,GraniteShares 2x Long AMZN Daily ETF,Financial,Exchange Traded Fund,USA,-,-,24.88,-0.79%,"102,048"
455,AN,Autonation Inc,Consumer Cyclical,Auto & Truck Dealerships,USA,6.86B,11.59,197.68,-0.15%,"312,217"
456,ANAB,AnaptysBio Inc,Healthcare,Biotechnology,USA,1.66B,-,57.68,1.67%,"611,617"
457,ANDE,Andersons Inc,Consumer Defensive,Food Distribution,USA,2.50B,26.25,73.41,0.99%,"252,618"
458,ANDG,Andersen Group Inc,Consumer Cyclical,Personal Services,USA,3.31B,5.92,29.67,1.61%,"197,762"
459,ANEL,Defiance Daily Target 2x Long ANET ETF,Financial,Exchange Traded Fund,USA,-,-,13.50,2.93%,"31,239"
460,ANET,Arista Networks Inc,Technology,Computer Hardware,USA,159.18B,46.01,126.68,1.47%,"5,120,014"
461,ANEW,ProShares MSCI Transformational Changes ETF,Financial,Exchange Traded Fund,USA,-,-,45.67,0.01%,13
462,ANF,Abercrombie & Fitch Co,Consumer Cyclical,Apparel Retail,USA,4.14B,8.76,92.25,-2.13%,"816,319"
463,ANGH,Anghami Inc,Communication Services,Entertainment,United Arab Emirates,31.09M,-,3.43,2.69%,925
464,ANGI,Angi Inc,Communication Services,Internet Content & Information,USA,274.72M,7.34,6.85,-0.58%,"660,626"
465,ANGL,VanEck Fallen Angel High Yield Bond ETF,Financial,Exchange Traded Fund,USA,-,-,28.81,0.28%,"2,727,366"
466,ANGO,Angiodynamic Inc,Healthcare,Medical Instruments & Supplies,USA,424.95M,-,10.31,-13.65%,"1,224,028"
467,ANGX,Angel Studios Inc,Communication Services,Entertainment,USA,506.83M,-,2.99,-0.33%,"623,552"
468,ANIK,Anika Therapeutics Inc,Healthcare,Drug Manufacturers - Specialty & Generic,USA,198.33M,-,14.80,-1.20%,"98,847"
469,ANIP,ANI Pharmaceuticals Inc,Healthcare,Drug Manufacturers - Specialty & Generic,USA,1.66B,22.14,74.21,-2.30%,"275,750"
470,ANIX,Anixa Biosciences Inc,Healthcare,Biotechnology,USA,85.50M,-,2.55,-6.25%,"69,390"
471,ANL,Adlai Nortye Ltd. ADR,Healthcare,Biotechnology,China,255.54M,-,8.18,3.54%,"453,411"
472,ANNA,AleAnna Inc,Energy,Oil & Gas E&P,USA,525.90M,178.51,7.89,8.68%,"7,347,336"
473,ANNX,Annexon Inc,Healthcare,Biotechnology,USA,882.61M,-,5.50,2.61%,"3,329,638"
474,ANPA,Rich Sparkle Holdings Ltd,Industrials,Specialty Business Services,Hong Kong,111.87M,6884.62,8.95,-4.48%,"11,446"
475,ANRO,Alto Neuroscience Inc,Healthcare,Biotechnology,USA,692.58M,-,21.68,-7.39%,"691,110"
476,ANSC,Agriculture & Natural Solutions Acquisition Corp,Financial,Shell Companies,USA,468.86M,46.29,11.29,0.00%,204
477,ANTA,Antalpha Platform Holding Co,Financial,Credit Services,Singapore,166.22M,9.41,7.02,8.00%,"3,203"
478,ANTX,AN2 Therapeutics Inc,Healthcare,Biotechnology,USA,117.53M,-,3.27,-5.22%,"412,054"
479,ANV,GraniteShares Autocallable NVDA ETF,Financial,Exchange Traded Fund,USA,-,-,24.57,-0.04%,692
480,ANVS,Annovis Bio Inc,Healthcare,Biotechnology,USA,64.65M,-,2.28,7.55%,"962,605"
481,ANY,Sphere 3D Corp,Financial,Capital Markets,USA,5.73M,-,1.52,0.66%,"33,405"
482,AOA,iShares Core 80/20 Aggressive Allocation ETF,Financial,Exchange Traded Fund,USA,-,-,88.63,-0.45%,"137,618"
483,AOCT,Innovator Equity Defined Protection ETF - 2 Yr to October 2026,Financial,Exchange Traded Fund,USA,-,-,26.53,0.03%,503
484,AOD,abrdn Total Dynamic Dividend Fund,Financial,Closed-End Fund - Foreign,USA,986.83M,5.96,9.36,-1.06%,"393,355"
485,AOHY,Angel Oak High Yield Opportunities ETF,Financial,Exchange Traded Fund,USA,-,-,10.98,0.00%,"58,613"
486,AOK,iShares Core 30/70 Conservative Allocation ETF,Financial,Exchange Traded Fund,USA,-,-,39.90,-0.27%,"175,846"
487,AOM,iShares Core 40/60 Moderate Allocation ETF,Financial,Exchange Traded Fund,USA,-,-,47.26,-0.59%,"224,501"
488,AOMR,Angel Oak Mortgage REIT Inc,Real Estate,REIT - Mortgage,USA,203.30M,4.52,8.16,0.12%,"51,881"
489,AON,Aon plc,Financial,Insurance Brokers,Ireland,69.23B,18.98,323.14,0.56%,"1,124,001"
490,AOR,iShares Core 60/40 Balanced Allocation ETF,Financial,Exchange Traded Fund,USA,-,-,64.39,-0.54%,"297,039"
491,AORT,Artivion Inc,Healthcare,Medical Devices,USA,1.64B,171.11,34.17,0.03%,"448,179"
492,AOS,A.O. Smith Corp,Industrials,Specialty Industrial Machinery,USA,8.90B,16.73,64.35,-1.12%,"1,132,415"
493,AOSL,Alpha & Omega Semiconductor Ltd,Technology,Semiconductors,USA,675.87M,-,22.71,-0.57%,"167,605"
494,AOTG,AOT Growth and Innovation ETF,Financial,Exchange Traded Fund,USA,-,-,48.24,0.39%,"2,618"
495,AOTS,AOT Software Platform ETF,Financial,Exchange Traded Fund,USA,-,-,21.15,0.59%,103
496,AOUT,American Outdoor Brands Inc,Consumer Cyclical,Leisure,USA,113.74M,-,9.03,-1.20%,"54,152"
497,AP,Ampco-Pittsburgh Corp,Industrials,Metal Fabrication,USA,145.74M,-,7.17,-0.42%,"105,159"
498,APA,APA Corporation,Energy,Oil & Gas E&P,USA,14.85B,10.56,42.04,1.67%,"9,892,124"
499,APAC,StoneBridge Acquisition II Corp,Financial,Shell Companies,USA,80.83M,269.71,10.06,0.10%,3
500,APAD,A Paradise Acquisition Corp,Financial,Shell Companies,Hong Kong,277.30M,840.50,10.17,0.00%,"29,673"
501,APAM,Artisan Partners Asset Management Inc,Financial,Asset Management,USA,2.95B,9.34,36.57,0.03%,"1,063,725"
502,APC,ARKO Petroleum Corp,Energy,Oil & Gas Refining & Marketing,USA,835.51M,-,18.12,-0.22%,"169,805"
503,APCB,ActivePassive Core Bond ETF,Financial,Exchange Traded Fund,USA,-,-,29.44,0.24%,"67,363"
504,APD,Air Products & Chemicals Inc,Basic Materials,Specialty Chemicals,USA,65.36B,-,293.55,1.42%,"1,352,253"
505,APEI,American Public Education Inc,Consumer Defensive,Education & Training Services,USA,1.06B,42.58,57.66,0.28%,"188,690"
506,APG,APi Group Corporation,Industrials,Engineering & Construction,USA,18.30B,-,42.03,1.20%,"2,979,536"
507,APGE,Apogee Therapeutics Inc,Healthcare,Biotechnology,USA,5.86B,-,84.34,0.12%,"663,242"
508,APH,Amphenol Corp,Technology,Electronic Components,USA,157.34B,38.33,128.00,0.23%,"5,584,050"
509,APHU,T-REX 2X Long APH Daily Target ETF,Financial,Exchange Traded Fund,USA,-,-,17.75,-0.28%,"1,897"
510,API,Agora Inc ADR,Technology,Software - Application,China,272.56M,37.50,3.66,0.55%,"142,319"
511,APIE,ActivePassive International Equity ETF,Financial,Exchange Traded Fund,USA,-,-,35.58,-0.34%,"66,324"
512,APLD,Applied Digital Corporation,Technology,Information Technology Services,USA,6.87B,-,24.56,0.29%,"19,646,424"
513,APLE,Apple Hospitality REIT Inc,Real Estate,REIT - Hotel & Motel,USA,2.72B,15.63,11.53,-0.17%,"3,246,245"
514,APLM,Apollomics Inc,Healthcare,Biotechnology,USA,15.62M,-,14.12,-4.08%,556
515,APLS,Apellis Pharmaceuticals Inc,Healthcare,Biotechnology,USA,5.17B,327.21,40.41,0.05%,"10,333,522"
516,APLU,Allspring Core Plus ETF,Financial,Exchange Traded Fund,USA,-,-,24.74,0.23%,"21,348"
517,APLX,Tradr 2X Long APLD Daily ETF,Financial,Exchange Traded Fund,USA,-,-,11.66,0.52%,"2,463,499"
518,APLY,YieldMax AAPL Option Income Strategy ETF,Financial,Exchange Traded Fund,USA,-,-,11.72,-0.42%,"90,463"
519,APLZ,Tradr 2X Short APLD Daily ETF,Financial,Exchange Traded Fund,USA,-,-,19.36,-0.62%,"472,517"
520,APM,Aptorum Group Ltd,Healthcare,Biotechnology,United Kingdom,7.54M,-,0.93,-2.93%,"13,025"
521,APMU,ActivePassive Intermediate Municipal Bond ETF,Financial,Exchange Traded Fund,USA,-,-,24.90,0.12%,"12,868"
522,APO,Apollo Global Management Inc,Financial,Asset Management,USA,61.90B,19.57,107.04,-2.91%,"5,417,158"
523,APOC,Innovator Equity Defined Protection ETF - 6mo Apr/Oct,Financial,Exchange Traded Fund,USA,-,-,25.82,-0.10%,"28,460"
524,APOG,Apogee Enterprises Inc,Industrials,Building Products & Equipment,USA,717.36M,18.03,33.35,-1.19%,"161,966"
525,APP,Applovin Corp,Communication Services,Advertising Agencies,USA,130.31B,40.89,386.37,-0.38%,"3,195,443"
526,APPF,Appfolio Inc,Technology,Software - Application,USA,5.65B,40.49,157.11,1.93%,"222,078"
527,APPN,Appian Corp,Technology,Software - Infrastructure,USA,1.81B,1548.73,24.47,1.75%,"395,393"
528,APPS,Digital Turbine Inc,Technology,Software - Application,USA,346.51M,-,2.89,-2.69%,"2,002,178"
529,APPX,Tradr 2X Long APP Daily ETF,Financial,Exchange Traded Fund,USA,-,-,25.68,-0.81%,"501,896"
530,APRB,Aptus April Buffer ETF,Financial,Exchange Traded Fund,USA,-,-,25.39,-0.01%,"9,369"
531,APRE,Aprea Therapeutics Inc,Healthcare,Biotechnology,USA,8.19M,-,0.72,1.65%,"108,610"
532,APRH,Innovator Premium Income 20 Barrier ETF - April,Financial,Exchange Traded Fund,USA,-,-,24.65,0.31%,"19,017"
533,APRJ,Innovator Premium Income 30 Barrier ETF - April,Financial,Exchange Traded Fund,USA,-,-,24.59,0.39%,"7,062"
534,APRP,PGIM S&P 500 Buffer 12 ETF - April,Financial,Exchange Traded Fund,USA,-,-,30.49,0.09%,"20,334"
535,APRT,AllianzIM U.S. Equity Buffer10 Apr ETF,Financial,Exchange Traded Fund,USA,-,-,42.71,0.06%,"13,296"
536,APRW,AllianzIM U.S. Equity Buffer20 Apr ETF,Financial,Exchange Traded Fund,USA,-,-,35.53,0.10%,"127,128"
537,APRZ,TrueShares Structured Outcome (April) ETF,Financial,Exchange Traded Fund,USA,-,-,35.92,0.09%,303
538,APT,Alpha Pro Tech Ltd,Industrials,Building Products & Equipment,Canada,45.22M,13.22,4.44,-6.72%,"31,068"
539,APTV,Aptiv PLC,Consumer Cyclical,Auto Parts,Switzerland,13.00B,80.28,60.99,-1.77%,"4,046,773"
540,APTV-WI,Aptiv PLC. - When Issued - Mar 2026,Consumer Cyclical,Auto Parts,Switzerland,13.00B,-,58.50,0.00%,0
541,APUE,ActivePassive U.S. Equity ETF,Financial,Exchange Traded Fund,USA,-,-,40.37,0.02%,"160,179"
542,APUS,Apimeds Pharmaceuticals US Inc,Healthcare,Drug Manufacturers - Specialty & Generic,USA,23.64M,-,1.88,7.43%,"31,594"
543,APVO,Aptevo Therapeutics Inc,Healthcare,Biotechnology,USA,4.93M,-,4.17,0.00%,"21,227"
544,APWC,Asia Pacific Wire & Cable Corp Ltd,Industrials,Electrical Equipment & Parts,Taiwan,27.42M,9.98,1.33,-3.64%,841
545,APXM,FT Vest U.S. Equity Max Buffer ETF - April,Financial,Exchange Traded Fund,USA,-,-,31.33,-0.02%,77
546,APXT,Apex Treasury Corp,Financial,Shell Companies,USA,458.22M,-,9.97,-0.20%,607
547,APYX,Apyx Medical Corp,Healthcare,Medical Devices,USA,153.93M,-,3.68,1.38%,"44,038"
548,AQB,AquaBounty Technologies Inc,Consumer Defensive,Farm Products,USA,4.51M,-,0.88,-1.07%,"10,331"
549,AQEC,AQE Core ETF,Financial,Exchange Traded Fund,USA,-,-,23.74,0.40%,"14,095"
550,AQLT,iShares MSCI Global Quality Factor ETF,Financial,Exchange Traded Fund,USA,-,-,27.88,-0.24%,"9,984"
551,AQMS,Aqua Metals Inc,Industrials,Waste Management,USA,12.97M,-,3.87,-3.97%,"36,325"
552,AQN,Algonquin Power & Utilities Corp,Utilities,Utilities - Diversified,Canada,4.93B,28.11,6.23,0.00%,"3,593,589"
553,AQST,Aquestive Therapeutics Inc,Healthcare,Drug Manufacturers - Specialty & Generic,USA,504.05M,-,4.13,0.00%,"914,125"
554,AQWA,Global X Clean Water ETF,Financial,Exchange Traded Fund,USA,-,-,19.12,-0.47%,"8,187"
555,AR,Antero Resources Corp,Energy,Oil & Gas E&P,USA,12.48B,19.94,40.45,-1.00%,"6,503,493"
556,ARAI,Arrive AI Inc,Technology,Software - Infrastructure,USA,26.27M,-,0.72,-16.25%,"672,947"
557,ARAY,Accuray Inc,Healthcare,Medical Devices,USA,49.33M,-,0.42,6.82%,"1,331,212"
558,ARB,AltShares Merger Arbitrage ETF,Financial,Exchange Traded Fund,USA,-,-,29.33,-0.01%,"9,709"
559,ARBB,ARB IOT Group Ltd,Technology,Information Technology Services,Singapore,7.56M,-,4.28,6.73%,692
560,ARBE,Arbe Robotics Ltd,Technology,Scientific & Technical Instruments,Israel,78.50M,-,0.64,0.00%,"544,952"
561,ARBK,Argo Blockchain Plc ADR,Financial,Capital Markets,United Kingdom,0.92M,-,2.78,0.00%,"23,901"
562,ARCB,ArcBest Corp,Industrials,Trucking,USA,2.24B,38.41,100.51,0.85%,"226,374"
563,ARCC,Ares Capital Corp,Financial,Asset Management,USA,12.99B,9.75,18.09,2.03%,"6,662,869"
564,ARCI,Archimedes Tech SPAC Partners III Co,Financial,Shell Companies,USA,339.47M,-,9.90,0.41%,"2,327"
565,ARCLU,ARC Group Acquisition I Corp,Financial,Shell Companies,USA,-,-,-,-,0
566,ARCM,Arrow Reserve Capital Management ETF,Financial,Exchange Traded Fund,USA,-,-,100.10,0.02%,77
567,ARCO,Arcos Dorados Holdings Inc,Consumer Cyclical,Restaurants,USA,1.76B,7.17,8.35,0.00%,"379,934"
568,ARCT,Arcturus Therapeutics Holdings Inc,Healthcare,Biotechnology,USA,228.24M,-,8.03,2.29%,"504,687"
569,ARCX,Tradr 2X Long ACHR Daily ETF,Financial,Exchange Traded Fund,USA,-,-,15.97,7.18%,"26,518"
570,ARDC,Ares Dynamic Credit Allocation Fund Inc,Financial,Closed-End Fund - Debt,USA,287.11M,12.48,11.98,-1.32%,"152,393"
571,ARDT,Ardent Health Inc,Healthcare,Medical Care Facilities,USA,1.24B,9.02,8.66,-0.12%,"300,493"
572,ARDX,Ardelyx Inc,Healthcare,Biotechnology,USA,1.46B,-,5.94,-2.78%,"2,398,344"
573,ARE,Alexandria Real Estate Equities Inc,Real Estate,REIT - Office,USA,7.49B,-,43.23,-0.14%,"4,102,098"
574,AREB,American Rebel Holdings Inc,Consumer Cyclical,Footwear & Accessories,USA,1.60M,-,6.46,0.00%,0
575,AREC,American Resources Corporation,Basic Materials,Coking Coal,USA,248.41M,-,2.45,4.70%,"3,878,982"
576,AREN,Arena Group Holdings Inc,Communication Services,Internet Content & Information,USA,92.83M,0.74,1.95,-4.41%,"71,393"
577,ARES,Ares Management Corp,Financial,Asset Management,USA,33.75B,58.58,102.43,-3.19%,"5,073,222"
578,ARGT,Global X MSCI Argentina ETF,Financial,Exchange Traded Fund,USA,-,-,93.89,0.73%,"370,713"
579,ARGX,Argen X SE ADR,Healthcare,Biotechnology,Netherlands,46.19B,38.11,746.42,0.44%,"372,184"
580,ARHS,Arhaus Inc,Consumer Cyclical,Specialty Retail,USA,900.36M,13.41,6.38,-2.45%,"1,255,351"
581,ARI,Apollo Commercial Real Estate Finance Inc,Real Estate,REIT - Mortgage,USA,1.48B,13.23,10.63,0.95%,"1,328,272"
582,ARIS,Aris Mining Corp,Basic Materials,Gold,Canada,3.98B,51.15,19.31,-1.53%,"1,444,202"
583,ARKB,ARK 21Shares Bitcoin ETF,Financial,Exchange Traded Fund,USA,-,-,22.24,-1.68%,"4,262,905"
584,ARKD,ARK DIET Q1 Buffer ETF,Financial,Exchange Traded Fund,USA,-,-,18.78,0.11%,86
585,ARKF,ARK Blockchain & Fintech Innovation ETF,Financial,Exchange Traded Fund,USA,-,-,38.07,0.34%,"125,625"
586,ARKG,ARK Genomic Revolution ETF,Financial,Exchange Traded Fund,USA,-,-,27.36,1.00%,"2,144,518"
587,ARKI,ARK DIET Q2 Buffer ETF,Financial,Exchange Traded Fund,USA,-,-,20.25,0.10%,"1,878"
588,ARKK,ARK Innovation ETF,Financial,Exchange Traded Fund,USA,-,-,68.56,0.23%,"11,724,588"
589,ARKO,ARKO Corp,Consumer Cyclical,Specialty Retail,USA,626.54M,38.18,5.65,-1.22%,"501,555"
590,ARKQ,ARK Autonomous Technology & Robotics ETF,Financial,Exchange Traded Fund,USA,-,-,114.90,0.34%,"178,601"
591,ARKR,Ark Restaurants Corp,Consumer Cyclical,Restaurants,USA,23.80M,-,6.60,-3.23%,"1,777"
592,ARKT,ARK DIET Q4 Buffer ETF,Financial,Exchange Traded Fund,USA,-,-,17.78,-0.08%,890
593,ARKW,ARK Next Generation Internet ETF,Financial,Exchange Traded Fund,USA,-,-,121.60,0.26%,"124,122"
594,ARKX,ARK Space & Defense Innovation ETF,Financial,Exchange Traded Fund,USA,-,-,30.32,1.37%,"710,247"
595,ARL,American Realty Investors Inc,Real Estate,Real Estate Services,USA,237.76M,15.14,14.72,-3.22%,628
596,ARLI,AllianzIM International Equity Buffer15 Uncapped Apr ETF,Financial,Exchange Traded Fund,USA,-,-,25.02,-0.44%,"5,916"
597,ARLO,Arlo Technologies Inc,Industrials,Building Products & Equipment,USA,1.50B,103.39,14.03,-0.57%,"584,368"
598,ARLP,"Alliance Resource Partners, LP",Energy,Thermal Coal,USA,3.62B,11.74,28.17,2.18%,"194,670"
599,ARLU,AllianzIM U.S. Equity Buffer15 Uncapped Apr ETF,Financial,Exchange Traded Fund,USA,-,-,28.86,0.11%,"17,534"
600,ARM,Arm Holdings plc. ADR,Technology,Semiconductors,United Kingdom,158.35B,198.68,149.11,-3.84%,"8,141,912"
601,ARMG,Leverage Shares 2X Long ARM Daily ETF,Financial,Exchange Traded Fund,USA,-,-,9.40,-7.84%,"685,529"
602,ARMH,Arm Holdings PLC ADRhedged,Financial,Exchange Traded Fund,USA,-,-,63.86,-3.05%,"1,088"
603,ARMK,Aramark,Industrials,Specialty Business Services,USA,11.18B,35.78,42.55,1.60%,"2,616,592"
604,ARMP,Armata Pharmaceuticals Inc,Healthcare,Biotechnology,USA,372.92M,-,10.18,-3.60%,"22,946"
605,ARMW,Roundhill ARM WeeklyPay ETF,Financial,Exchange Traded Fund,USA,-,-,33.63,-4.54%,"31,965"
606,ARMY,Tema International Defense Innovation ETF,Financial,Exchange Traded Fund,USA,-,-,26.48,0.14%,57
607,AROC,Archrock Inc,Energy,Oil & Gas Equipment & Services,USA,6.06B,18.96,34.66,1.55%,"1,284,669"
608,AROW,Arrow Financial Corp,Financial,Banks - Regional,USA,563.54M,12.81,34.13,0.38%,"73,425"
609,ARP,PMV Adaptive Risk Parity ETF,Financial,Exchange Traded Fund,USA,-,-,31.74,-0.04%,"2,626"
610,ARQ,Arq Inc,Industrials,Pollution & Treatment Controls,USA,105.84M,-,2.47,4.66%,"1,017,081"
611,ARQQ,Arqit Quantum Inc,Technology,Software - Infrastructure,United Kingdom,218.66M,-,13.97,2.80%,"188,351"
612,ARQT,Arcutis Biotherapeutics Inc,Healthcare,Biotechnology,USA,2.93B,-,23.63,-1.95%,"1,091,843"
613,ARR,ARMOUR Residential REIT Inc,Real Estate,REIT - Mortgage,USA,2.05B,6.26,17.14,1.54%,"2,091,031"
614,ARRY,Array Technologies Inc,Technology,Solar,USA,1.12B,-,7.34,-2.78%,"3,715,010"
615,ARTC,Art Technology Acquisition Corp,Financial,Shell Companies,USA,341.68M,-,9.81,-0.20%,3
616,ARTL,Artelo Biosciences Inc,Healthcare,Biotechnology,USA,4.99M,-,7.04,-10.20%,"429,996"
617,ARTNA,Artesian Resources Corp,Utilities,Utilities - Regulated Water,USA,334.85M,14.55,32.19,-0.37%,"18,137"
618,ARTV,Artiva Biotherapeutics Inc,Healthcare,Biotechnology,USA,166.59M,-,6.74,-0.15%,"145,416"
619,ARTW,Art's-way Manufacturing Co. Inc,Industrials,Farm & Heavy Construction Machinery,USA,10.73M,10.18,2.07,-1.43%,"6,973"
620,ARTY,iShares Future AI & Tech ETF,Financial,Exchange Traded Fund,USA,-,-,47.73,0.29%,"397,085"
621,ARVN,Arvinas Inc,Healthcare,Biotechnology,USA,693.98M,-,10.85,-4.24%,"1,289,406"
622,ARVR,First Trust IndxxMetaverse ETF,Financial,Exchange Traded Fund,USA,-,-,44.91,-0.06%,9
623,ARW,Arrow Electronics Inc,Technology,Electronics & Computer Distribution,USA,7.45B,13.33,145.85,-0.53%,"369,651"
624,ARWG,Archer Growth ETF,Financial,Exchange Traded Fund,USA,-,-,23.50,1.54%,200
625,ARWR,Arrowhead Pharmaceuticals Inc,Healthcare,Biotechnology,USA,8.55B,39.68,61.03,-3.00%,"1,451,471"
626,ARX,Accelerant Holdings,Financial,Insurance Brokers,Cayman Islands,3.00B,-,13.41,3.95%,"830,589"
627,AS,Amer Sports Inc,Consumer Cyclical,Leisure,Finland,19.31B,43.88,33.40,-1.36%,"2,811,152"
628,ASA,ASA Gold and Precious Metals Ltd,Financial,Closed-End Fund - Equity,USA,1.19B,1.80,63.19,-2.69%,"62,812"
629,ASAN,Asana Inc,Technology,Software - Application,USA,1.52B,-,6.37,0.63%,"3,571,616"
630,ASB,Associated Banc-Corp,Financial,Banks - Regional,USA,4.31B,9.39,25.98,-0.73%,"2,448,622"
631,ASBP,Aspire Biopharma Holdings Inc,Healthcare,Biotechnology,USA,5.12M,-,1.02,0.99%,"164,631"
632,ASC,Ardmore Shipping Corp,Industrials,Marine Shipping,Bermuda,642.64M,17.79,15.75,3.48%,"411,483"
633,ASCE,Allspring SMID Core ETF,Financial,Exchange Traded Fund,USA,-,-,28.43,0.74%,"7,938"
634,ASCI,abrdn International Small Cap Active ETF,Financial,Exchange Traded Fund,USA,-,-,33.26,-1.60%,122
635,ASEA,Global X FTSE Southeast Asia ETF,Financial,Exchange Traded Fund,USA,-,-,19.43,-0.77%,"39,274"
636,ASG,Liberty All-Star Growth Fund Inc,Financial,Closed-End Fund - Equity,USA,304.26M,22.00,4.84,0.41%,"168,823"
637,ASGI,abrdn Global Infrastructure Income Fund,Financial,Closed-End Fund - Equity,USA,661.43M,8.22,22.85,0.79%,"117,261"
638,ASGM,Virtus AlphaSimplex Global Macro ETF,Financial,Exchange Traded Fund,USA,-,-,28.42,-0.10%,3
639,ASGN,ASGN Inc,Technology,Information Technology Services,USA,1.61B,14.99,39.05,1.51%,"386,215"
640,ASH,Ashland Inc,Basic Materials,Specialty Chemicals,USA,2.49B,-,54.39,-1.89%,"412,447"
641,ASHR,Xtrackers Harvest CSI 300 China A-Shares ETF,Financial,Exchange Traded Fund,USA,-,-,32.58,-0.55%,"4,290,877"
642,ASHS,Xtrackers Harvest CSI 500 China A-Shares Small Cap ETF,Financial,Exchange Traded Fund,USA,-,-,40.19,-0.62%,"9,199"
643,ASIA,Matthews Pacific Tiger Active ETF,Financial,Exchange Traded Fund,USA,-,-,34.67,-1.41%,"1,014"
644,ASIC,Ategrity Specialty Insurance Company Holdings,Financial,Insurance - Property & Casualty,USA,957.97M,12.90,19.93,2.31%,"50,670"
645,ASIX,AdvanSix Inc,Basic Materials,Chemicals,USA,680.42M,14.02,25.32,0.88%,"673,456"
646,ASLE,AerSale Corp,Industrials,Airports & Air Services,USA,291.48M,32.19,6.17,-0.96%,"196,544"
647,ASLV,Allspring Special Large Value ETF,Financial,Exchange Traded Fund,USA,-,-,27.85,-0.12%,"2,136"
648,ASM,Avino Silver & Gold Mines Ltd,Basic Materials,Other Precious Metals & Mining,Canada,1.10B,37.49,6.53,-0.91%,"4,192,799"
649,ASMB,Assembly Biosciences Inc,Healthcare,Biotechnology,USA,460.18M,-,29.01,-1.43%,"37,857"
650,ASMF,Virtus AlphaSimplex Managed Futures ETF,Financial,Exchange Traded Fund,USA,-,-,25.38,0.30%,"13,918"
651,ASMG,Leverage Shares 2X Long ASML Daily ETF,Financial,Exchange Traded Fund,USA,-,-,31.61,-6.18%,"167,166"
652,ASMH,ASML Holding NV ADRhedged,Financial,Exchange Traded Fund,USA,-,-,90.15,-2.44%,"2,873"
653,ASML,ASML Holding NV,Technology,Semiconductor Equipment & Materials,Netherlands,507.69B,47.14,1317.23,-3.13%,"1,880,920"
654,ASMU,Direxion Daily ASML Bull 2X ETF,Financial,Exchange Traded Fund,USA,-,-,20.61,-6.70%,"135,672"
655,ASND,Ascendis Pharma A/S ADR,Healthcare,Biotechnology,Denmark,14.07B,-,229.25,0.44%,"752,485"
656,ASNS,Actelis Networks Inc,Technology,Communication Equipment,USA,9.51M,-,0.36,-0.75%,"820,980"
657,ASO,Academy Sports and Outdoors Inc,Consumer Cyclical,Specialty Retail,USA,3.69B,10.32,57.35,-0.59%,"1,438,095"
658,ASPC,A SPAC III Acquisition Corp,Financial,Shell Companies,Hong Kong,25.18M,446.89,10.77,-1.73%,969
659,ASPI,ASP Isotopes Inc,Basic Materials,Chemicals,USA,536.72M,-,4.29,4.38%,"3,138,807"
660,ASPN,Aspen Aerogels Inc,Industrials,Building Products & Equipment,USA,305.63M,-,3.69,6.34%,"1,372,690"
661,ASPS,Altisource Portfolio Solutions S.A,Real Estate,Real Estate Services,Luxembourg,76.90M,-,6.82,6.07%,"22,815"
662,ASR,Grupo Aeroportuario Del Sureste S.A. ADR,Industrials,Airports & Air Services,Mexico,9.62B,19.16,347.30,1.08%,"140,485"
663,ASRT,Assertio Holdings Inc,Healthcare,Drug Manufacturers - Specialty & Generic,USA,123.81M,-,19.21,-3.37%,"126,263"
664,ASRV,Ameriserv Financial Inc,Financial,Banks - Regional,USA,62.94M,10.93,3.71,2.77%,"9,770"
665,ASST,Strive Inc,Financial,Asset Management,USA,674.30M,-,9.75,-4.04%,"2,549,048"
666,ASTC,Astrotech Corp,Technology,Scientific & Technical Instruments,USA,7.00M,-,3.98,-10.56%,"555,884"
667,ASTE,Astec Industries Inc,Industrials,Farm & Heavy Construction Machinery,USA,1.26B,32.78,55.06,-1.98%,"143,184"
668,ASTH,Astrana Health Inc,Healthcare,Medical Care Facilities,USA,1.26B,54.92,25.05,2.20%,"302,665"
669,ASTI,Ascent Solar Technologies Inc,Technology,Solar,USA,41.16M,-,4.35,12.11%,"628,484"
670,ASTL,Algoma Steel Group Inc,Basic Materials,Steel,Canada,434.41M,-,4.14,0.73%,"977,348"
671,ASTN,Defiance Daily Target 2X Short ASTS ETF,Financial,Exchange Traded Fund,USA,-,-,11.68,-21.24%,"3,014,436"
672,ASTS,AST SpaceMobile Inc,Technology,Communication Equipment,USA,35.38B,-,92.62,10.28%,"16,835,871"
673,ASTX,Tradr 2X Long ASTS Daily ETF,Financial,Exchange Traded Fund,USA,-,-,45.01,20.73%,"2,900,908"
674,ASUR,Asure Software Inc,Technology,Software - Application,USA,239.75M,-,8.45,1.32%,"64,278"
675,ASX,ASE Technology Holding Co.Ltd ADR,Technology,Semiconductors,Taiwan,48.73B,38.50,22.28,-0.89%,"4,899,403"
676,ASYS,Amtech Systems Inc,Technology,Semiconductor Equipment & Materials,USA,174.61M,-,12.12,1.42%,"104,110"
677,ATAI,AtaiBeckley Inc,Healthcare,Biotechnology,USA,1.38B,-,3.79,2.43%,"3,045,724"
678,ATAT,Atour Lifestyle Holdings Ltd ADR,Consumer Cyclical,Lodging,China,4.15B,22.56,36.48,-1.25%,"1,006,295"
679,ATCH,AtlasClear Holdings Inc,Financial,Capital Markets,USA,29.29M,-,0.20,-3.02%,"835,807"
680,ATCL,REX Autocallable Income ETF,Financial,Exchange Traded Fund,USA,-,-,24.21,-0.12%,"4,503"
681,ATCX,Atlas Critical Minerals Corp,Basic Materials,Other Precious Metals & Mining,Brazil,28.44M,-,5.69,-0.70%,"18,197"
682,ATEC,Alphatec Holdings Inc,Healthcare,Medical Devices,USA,1.64B,-,10.83,-3.82%,"2,105,539"
683,ATEN,A10 Networks Inc,Technology,Software - Infrastructure,USA,1.72B,41.80,23.99,-0.37%,"668,369"
684,ATER,Aterian Inc,Consumer Cyclical,"Furnishings, Fixtures & Appliances",USA,6.53M,-,0.60,0.05%,"29,850"
685,ATEX,Anterix Inc,Communication Services,Telecom Services,USA,756.62M,9.29,40.39,3.27%,"227,230"
686,ATFV,Alger 35 ETF,Financial,Exchange Traded Fund,USA,-,-,31.93,0.89%,"26,370"
687,ATGL,Alpha Technology Group Ltd,Technology,Software - Infrastructure,Hong Kong,246.44M,-,14.21,-7.78%,39
688,ATHE,Alterity Therapeutics Ltd ADR,Healthcare,Biotechnology,Australia,64.46M,-,3.56,-2.22%,"2,871"
689,ATHM,Autohome Inc ADR,Communication Services,Internet Content & Information,China,2.06B,10.66,17.36,-1.03%,"267,981"
690,ATHR,Aether Holdings Inc,Technology,Software - Application,USA,24.41M,-,2.01,-8.22%,"24,709"
691,ATI,ATI Inc,Industrials,Metal Fabrication,USA,20.08B,51.41,146.63,-3.05%,"2,211,651"
692,ATII,Archimedes Tech SPAC Partners II Co,Financial,Shell Companies,USA,308.77M,38.61,10.42,0.10%,2
693,ATKR,Atkore Inc,Industrials,Electrical Equipment & Parts,USA,2.08B,-,61.51,2.11%,"335,159"
694,ATLC,Atlanticus Holdings Corp,Financial,Credit Services,USA,797.44M,8.97,53.45,-1.16%,"50,874"
695,ATLN,Atlantic International Corp,Industrials,Staffing & Employment Services,USA,219.77M,-,3.51,0.00%,"26,794"
696,ATLO,Ames National Corp,Financial,Banks - Regional,USA,251.19M,13.25,28.36,-0.18%,"68,628"
697,ATLX,Atlas Lithium Corporation,Basic Materials,Other Industrial Metals & Mining,Brazil,126.18M,-,4.65,4.97%,"376,144"
698,ATMP,iPath Select MLP ETN,Financial,Exchange Traded Fund,USA,-,-,34.16,0.82%,"2,729"
699,ATMU,Atmus Filtration Technologies Inc,Consumer Cyclical,Auto Parts,USA,4.70B,23.01,57.62,-0.86%,"754,715"
700,ATNI,ATN International Inc,Communication Services,Telecom Services,USA,420.77M,-,27.38,-0.18%,"58,022"
701,ATNM,Actinium Pharmaceuticals Inc,Healthcare,Biotechnology,USA,30.76M,-,0.98,-0.97%,"59,299"
702,ATO,Atmos Energy Corp,Utilities,Utilities - Regulated Gas,USA,31.26B,24.60,188.97,1.88%,"664,861"
703,ATOM,Atomera Inc,Technology,Semiconductor Equipment & Materials,USA,157.60M,-,4.07,0.74%,"538,917"
704,ATON,AlphaTON Capital Corp,Financial,Asset Management,United Kingdom,7.41M,-,0.32,-2.65%,"564,845"
705,ATOS,Atossa Therapeutics Inc,Healthcare,Biotechnology,USA,46.20M,-,5.36,4.99%,"71,488"
706,ATPC,Agape ATP Corp,Consumer Defensive,Packaged Foods,Malaysia,3.17M,-,3.17,25.79%,"449,730"
707,ATR,Aptargroup Inc,Healthcare,Medical Instruments & Supplies,USA,8.11B,21.42,126.01,-0.58%,"297,467"
708,ATRA,Atara Biotherapeutics Inc,Healthcare,Biotechnology,USA,40.81M,1.71,4.99,-3.48%,"46,934"
709,ATRC,Atricure Inc,Healthcare,Medical Instruments & Supplies,USA,1.45B,-,29.07,2.68%,"512,138"
710,ATRO,Astronics Corp,Industrials,Aerospace & Defense,USA,2.46B,96.53,69.84,-1.24%,"419,662"
711,ATS,ATS Corporation,Industrials,Specialty Industrial Machinery,Canada,2.79B,189.86,28.46,-1.52%,"83,079"
712,ATTR,Arin Tactical Tail Risk ETF,Financial,Exchange Traded Fund,USA,-,-,91.23,0.12%,238
713,ATXG,Addentax Group Corp,Industrials,Integrated Freight & Logistics,China,3.88M,-,4.97,-4.79%,"15,938"
714,ATYR,Atyr Pharma Inc,Healthcare,Biotechnology,USA,83.04M,-,0.85,-0.46%,"703,901"
715,AU,AngloGold Ashanti Plc,Basic Materials,Gold,United Kingdom,51.10B,19.62,101.22,-2.22%,"2,264,425"
716,AUAU,Global X Gold Miners ETF,Financial,Exchange Traded Fund,USA,-,-,40.78,-1.00%,"1,641"
717,AUB,Atlantic Union Bankshares Corp,Financial,Banks - Regional,USA,5.15B,17.75,36.09,0.28%,"869,327"
718,AUBN,Auburn National Bancorp Inc,Financial,Banks - Regional,USA,81.03M,11.17,23.19,0.73%,599
719,AUDC,Audiocodes,Technology,Communication Equipment,Israel,233.49M,28.32,8.71,1.04%,"46,162"
720,AUGM,FT Vest U.S. Equity Max Buffer ETF - August,Financial,Exchange Traded Fund,USA,-,-,33.98,-0.03%,"1,088"
721,AUGO,Aura Minerals Inc,Basic Materials,Gold,USA,7.33B,-,87.69,0.34%,"1,226,678"
722,AUGP,PGIM S&P 500 Buffer 12 ETF - August,Financial,Exchange Traded Fund,USA,-,-,30.71,0.20%,"1,900"
723,AUGT,AllianzIM U.S. Equity Buffer10 Aug ETF,Financial,Exchange Traded Fund,USA,-,-,35.08,0.05%,2
724,AUGU,AllianzIM U.S. Equity Buffer15 Uncapped Aug ETF,Financial,Exchange Traded Fund,USA,-,-,28.54,0.19%,"8,365"
725,AUGW,AllianzIM U.S. Equity Buffer20 Aug ETF,Financial,Exchange Traded Fund,USA,-,-,32.34,0.03%,"1,449"
726,AUGZ,TrueShares Structured Outcome (August) ETF,Financial,Exchange Traded Fund,USA,-,-,40.93,0.27%,"4,972"
727,AUID,authID Inc,Technology,Software - Infrastructure,USA,19.36M,-,1.20,5.26%,"174,531"
728,AUMI,Themes Gold Miners ETF,Financial,Exchange Traded Fund,USA,-,-,99.01,-2.57%,"6,693"
729,AUNA,Auna S.A,Healthcare,Medical Care Facilities,Luxembourg,418.91M,-,5.66,0.71%,"100,569"
730,AUPH,Aurinia Pharmaceuticals Inc,Healthcare,Biotechnology,Canada,2.08B,7.52,15.61,0.90%,"1,256,233"
731,AUR,Aurora Innovation Inc,Technology,Information Technology Services,USA,8.09B,-,4.15,-0.72%,"12,279,429"
732,AURA,Aura Biosciences Inc,Healthcare,Biotechnology,USA,419.54M,-,6.54,-2.39%,"175,770"
733,AURE,Aurelion Inc,Financial,Capital Markets,Hong Kong,85.11M,-,2.46,10.81%,"165,583"
734,AUSF,Global X Adaptive U.S. Factor ETF,Financial,Exchange Traded Fund,USA,-,-,48.77,0.54%,"219,083"
735,AUSM,Allspring Ultra Short Municipal ETF,Financial,Exchange Traded Fund,USA,-,-,25.07,0.04%,"15,008"
736,AUST,Austin Gold Corp,Basic Materials,Gold,Canada,21.09M,-,1.54,1.99%,"80,771"
737,AUTL,Autolus Therapeutics plc ADR,Healthcare,Biotechnology,United Kingdom,375.26M,-,1.41,2.17%,"1,032,102"
738,AUUD,Auddia Inc,Technology,Software - Application,USA,2.60M,-,5.20,-4.59%,"69,563"
739,AVA,Avista Corp,Utilities,Utilities - Diversified,USA,3.40B,17.33,41.34,1.62%,"524,002"
740,AVAH,Aveanna Healthcare Holdings Inc,Healthcare,Medical Care Facilities,USA,1.39B,6.28,6.38,1.43%,"721,958"
741,AVAL,Grupo Aval Acciones y Valores S.A. ADR,Financial,Banks - Regional,Colombia,1.64B,12.02,4.35,-0.68%,"63,146"
742,AVAV,AeroVironment Inc,Industrials,Aerospace & Defense,USA,9.21B,-,184.36,0.47%,"717,266"
743,AVB,Avalonbay Communities Inc,Real Estate,REIT - Residential,USA,23.26B,22.47,166.02,0.68%,"1,108,205"
744,AVBC,Avidia Bancorp Inc,Financial,Banks - Regional,USA,396.51M,-,19.75,-0.15%,"34,347"
745,AVBH,Avidbank Holdings Inc,Financial,Banks - Regional,USA,316.27M,-,28.80,0.31%,"31,396"
746,AVBP,ArriVent BioPharma Inc,Healthcare,Biotechnology,USA,1.10B,-,24.89,2.77%,"362,923"
747,AVD,American Vanguard Corp,Basic Materials,Agricultural Inputs,USA,69.07M,-,2.42,-0.41%,"263,218"
748,AVDE,Avantis International Equity ETF,Financial,Exchange Traded Fund,USA,-,-,85.70,-0.52%,"1,462,630"
749,AVDS,Avantis International Small Cap Equity ETF,Financial,Exchange Traded Fund,USA,-,-,72.74,-0.99%,"35,941"
750,AVDV,Avantis International Small Cap Value ETF,Financial,Exchange Traded Fund,USA,-,-,100.75,-0.97%,"2,371,919"
751,AVEE,Avantis Emerging Markets Small Cap Equity ETF,Financial,Exchange Traded Fund,USA,-,-,63.47,-1.00%,"5,189"
752,AVEM,Avantis Emerging Markets Equity ETF,Financial,Exchange Traded Fund,USA,-,-,80.67,-0.75%,"2,402,418"
753,AVES,Avantis Emerging Markets Value ETF,Financial,Exchange Traded Fund,USA,-,-,60.04,-0.15%,"75,846"
754,AVGB,Avantis Credit ETF,Financial,Exchange Traded Fund,USA,-,-,50.81,0.09%,"1,503"
755,AVGE,Avantis All Equity Markets ETF,Financial,Exchange Traded Fund,USA,-,-,88.55,-0.06%,"30,018"
756,AVGG,Leverage Shares 2X Long AVGO Daily ETF,Financial,Exchange Traded Fund,USA,-,-,20.93,0.49%,"63,132"
757,AVGO,Broadcom Inc,Technology,Semiconductors,USA,1489.29B,61.36,314.55,0.34%,"13,952,428"
758,AVGU,GraniteShares 2x Long AVGO Daily ETF,Financial,Exchange Traded Fund,USA,-,-,26.83,0.36%,"30,788"
759,AVGV,Avantis All Equity Markets Value ETF,Financial,Exchange Traded Fund,USA,-,-,78.01,-0.03%,"16,468"
760,AVGW,Roundhill AVGO WeeklyPay ETF,Financial,Exchange Traded Fund,USA,-,-,36.96,0.27%,"23,096"
761,AVGX,Defiance Daily Target 2X Long AVGO ETF,Financial,Exchange Traded Fund,USA,-,-,36.03,0.50%,"262,995"
762,AVIE,Avantis Inflation Focused Equity ETF,Financial,Exchange Traded Fund,USA,-,-,72.60,0.12%,286
763,AVIG,Avantis Core Fixed Income ETF,Financial,Exchange Traded Fund,USA,-,-,41.69,0.30%,"187,044"
764,AVIR,Atea Pharmaceuticals Inc,Healthcare,Biotechnology,USA,458.91M,-,5.76,1.95%,"442,906"
765,AVIV,Avantis International Large Cap Value ETF,Financial,Exchange Traded Fund,USA,-,-,75.52,-0.37%,"116,168"
766,AVK,Advent Convertible and Income Fund,Financial,Closed-End Fund - Debt,USA,509.48M,4.29,11.54,1.50%,"211,461"
767,AVL,Direxion Daily AVGO Bull 2X ETF,Financial,Exchange Traded Fund,USA,-,-,33.94,0.54%,"210,240"
768,AVLC,Avantis U.S. Large Cap Equity ETF,Financial,Exchange Traded Fund,USA,-,-,78.19,-0.18%,"234,237"
769,AVLV,Avantis U.S. Large Cap Value ETF,Financial,Exchange Traded Fund,USA,-,-,80.95,-0.01%,"868,957"
770,AVMA,Avantis Moderate Allocation ETF,Financial,Exchange Traded Fund,USA,-,-,67.61,0.00%,"4,958"
771,AVMC,Avantis U.S. Mid Cap Equity ETF,Financial,Exchange Traded Fund,USA,-,-,72.76,0.18%,"24,268"
772,AVMU,Avantis Core Municipal Fixed Income ETF,Financial,Exchange Traded Fund,USA,-,-,45.97,0.23%,"7,763"
773,AVMV,Avantis U.S. Mid Cap Value ETF,Financial,Exchange Traded Fund,USA,-,-,74.26,0.08%,"24,067"
774,AVNM,Avantis All International Markets Equity ETF,Financial,Exchange Traded Fund,USA,-,-,76.77,-0.72%,"64,574"
775,AVNS,Avanos Medical Inc,Healthcare,Medical Devices,USA,648.78M,-,13.95,-0.99%,"334,444"
776,AVNT,Avient Corp,Basic Materials,Specialty Chemicals,USA,3.21B,39.26,35.07,-3.65%,"588,370"
777,AVNV,Avantis All International Markets Value ETF,Financial,Exchange Traded Fund,USA,-,-,78.85,-0.70%,"8,220"
778,AVNW,Aviat Networks Inc,Technology,Communication Equipment,USA,260.69M,17.87,20.20,2.72%,"299,816"
779,AVO,Mission Produce Inc,Consumer Defensive,Food Distribution,USA,1.02B,31.05,14.44,4.11%,"906,976"
780,AVOS,Avos Global Equities ETF,Financial,Exchange Traded Fund,USA,-,-,24.75,-0.49%,567
781,AVPT,AvePoint Inc,Technology,Software - Infrastructure,USA,2.14B,66.00,9.94,2.26%,"1,294,083"
782,AVR,Anteris Technologies Global Corp,Healthcare,Medical Instruments & Supplies,USA,534.78M,-,5.50,3.38%,"527,308"
783,AVRE,Avantis Real E state ETF,Financial,Exchange Traded Fund,USA,-,-,44.80,1.06%,"78,793"
784,AVRY,Avory Foundational ETF,Financial,Exchange Traded Fund,USA,-,-,21.48,0.42%,"11,407"
785,AVS,Direxion Daily AVGO Bear 1X ETF,Financial,Exchange Traded Fund,USA,-,-,10.09,-0.17%,"310,369"
786,AVSC,Avantis U.S Small Cap Equity ETF,Financial,Exchange Traded Fund,USA,-,-,62.99,0.47%,"85,453"
787,AVSD,Avantis Responsible International Equity ETF,Financial,Exchange Traded Fund,USA,-,-,74.45,-0.67%,"5,457"
788,AVSE,Avantis Responsible Emerging Markets Equity ETF,Financial,Exchange Traded Fund,USA,-,-,66.75,-0.86%,"5,056"
789,AVSF,Avantis Short-Term Fixed Income ETF,Financial,Exchange Traded Fund,USA,-,-,46.87,0.05%,"51,163"
790,AVSU,Avantis Responsible U.S. Equity ETF,Financial,Exchange Traded Fund,USA,-,-,74.71,0.08%,"4,811"
791,AVT,Avnet Inc,Technology,Electronics & Computer Distribution,USA,5.06B,25.34,61.87,-1.65%,"611,429"
792,AVTM,Avantis Total Equity Markets ETF,Financial,Exchange Traded Fund,USA,-,-,47.45,0.09%,636
793,AVTR,Avantor Inc,Healthcare,Medical Instruments & Supplies,USA,5.39B,-,7.90,1.67%,"5,095,065"
794,AVTX,Avalo Therapeutics Inc,Healthcare,Biotechnology,USA,404.72M,-,17.76,6.35%,"1,108,935"
795,AVUQ,Avantis U.S. Quality ETF,Financial,Exchange Traded Fund,USA,-,-,57.36,0.07%,"5,347"
796,AVUS,Avantis U.S. Equity ETF,Financial,Exchange Traded Fund,USA,-,-,112.00,0.08%,"297,923"
797,AVUV,Avantis U.S. Small Cap Value ETF,Financial,Exchange Traded Fund,USA,-,-,111.42,0.68%,"1,232,033"
798,AVX,AVAX One Technology Ltd,Financial,Asset Management,Canada,52.29M,-,0.58,2.16%,"248,491"
799,AVXC,Avantis Emerging Markets ex-China Equity ETF,Financial,Exchange Traded Fund,USA,-,-,67.73,-1.01%,"20,330"
800,AVXL,Anavex Life Sciences Corporation,Healthcare,Biotechnology,USA,277.09M,-,2.99,-3.55%,"1,165,229"
801,AVXX,Defiance Daily Target 2x Long AVAV ETF,Financial,Exchange Traded Fund,USA,-,-,10.50,0.52%,"52,122"
802,AVY,Avery Dennison Corp,Consumer Cyclical,Packaging & Containers,USA,13.19B,19.51,171.47,-0.94%,"468,164"
803,AWAY,Amplify Travel Tech ETF,Financial,Exchange Traded Fund,USA,-,-,16.04,-1.05%,"4,754"
804,AWF,AllianceBernstein Global High Income Fund Inc,Financial,Closed-End Fund - Debt,USA,864.02M,11.79,10.02,-1.28%,"510,024"
805,AWI,Armstrong World Industries Inc,Industrials,Building Products & Equipment,USA,7.07B,23.32,165.03,-0.42%,"397,573"
806,AWK,American Water Works Co. Inc,Utilities,Utilities - Regulated Water,USA,26.97B,24.25,138.14,0.99%,"1,608,148"
807,AWP,abrdn Global Premier Properties Fund,Financial,Closed-End Fund - Foreign,USA,340.41M,54.14,11.37,0.62%,"181,889"
808,AWR,American States Water Co,Utilities,Utilities - Regulated Water,USA,3.03B,23.05,77.59,1.85%,"205,969"
809,AWRE,Aware Inc,Technology,Software - Application,USA,28.30M,-,1.31,0.77%,"17,002"
810,AWX,Avalon Holdings Corp,Industrials,Waste Management,USA,10.14M,31.59,2.60,0.39%,"2,345"
811,AX,Axos Financial Inc,Financial,Banks - Regional,USA,4.84B,10.81,85.36,-0.71%,"276,713"
812,AXG,Solowin Holdings,Financial,Capital Markets,Hong Kong,692.59M,-,3.68,4.25%,"705,005"
813,AXGN,Axogen Inc,Healthcare,Medical Devices,USA,1.79B,-,34.44,2.56%,"615,259"
814,AXIA,Axia Energia ADR,Utilities,Utilities - Renewable,Brazil,22.56B,26.30,11.51,-0.43%,"4,081,690"
815,AXIL,AXIL Brands Inc,Technology,Consumer Electronics,USA,47.89M,44.11,7.04,0.28%,"4,941"
816,AXIN,Axiom Intelligence Acquisition Corp 1,Financial,Shell Companies,United Kingdom,276.21M,56.43,10.13,-0.10%,144
817,AXON,Axon Enterprise Inc,Industrials,Aerospace & Defense,USA,33.19B,270.68,412.81,-2.54%,"1,071,217"
818,AXP,American Express Co,Financial,Credit Services,USA,206.11B,19.51,300.18,-0.42%,"2,100,044"
819,AXPG,Leverage Shares 2x Long AXP Daily ETF,Financial,Exchange Traded Fund,USA,-,-,10.95,-0.82%,"5,692"
820,AXR,AMREP Corp,Real Estate,Real Estate - Development,USA,147.80M,11.58,27.86,-0.68%,"4,990"
821,AXS,Axis Capital Holdings Ltd,Financial,Insurance - Specialty,Bermuda,7.52B,8.20,101.67,1.78%,"423,476"
822,AXSM,Axsome Therapeutics Inc,Healthcare,Biotechnology,USA,8.62B,-,168.51,-1.91%,"617,018"
823,AXTA,Axalta Coating Systems Ltd,Basic Materials,Specialty Chemicals,USA,5.72B,15.42,26.82,-3.04%,"2,712,603"
824,AXTI,AXT Inc,Technology,Semiconductor Equipment & Materials,USA,2.94B,-,52.84,12.09%,"15,837,010"
825,AYI,Acuity Inc,Industrials,Electrical Equipment & Parts,USA,8.14B,19.46,265.39,-7.52%,"906,150"
826,AYTU,Aytu BioPharma Inc,Healthcare,Drug Manufacturers - Specialty & Generic,USA,28.76M,-,2.68,1.52%,"55,345"
827,AZ,A2Z Cust2Mate Solutions Corp,Technology,Software - Application,Canada,320.35M,-,7.48,0.00%,"354,795"
828,AZI,Autozi Internet Technology (Global) Ltd,Consumer Cyclical,Auto & Truck Dealerships,China,8.87M,-,1.95,-5.34%,"41,695"
829,AZN,Astrazeneca plc,Healthcare,Drug Manufacturers - General,United Kingdom,315.58B,31.07,203.49,1.37%,"2,049,273"
830,AZO,Autozone Inc,Consumer Cyclical,Auto Parts,USA,56.03B,23.82,3400.54,-0.76%,"75,839"
831,AZTA,Azenta Inc,Healthcare,Medical Instruments & Supplies,USA,1.04B,-,22.63,6.85%,"1,103,286"
832,AZTD,Aztlan Global Stock Selection DM SMID ETF,Financial,Exchange Traded Fund,USA,-,-,29.21,-0.45%,67
833,AZTR,Azitra Inc,Healthcare,Biotechnology,USA,3.80M,-,0.23,-3.10%,"937,906"
834,AZYY,GraniteShares YieldBoost AMZN ETF,Financial,Exchange Traded Fund,USA,-,-,16.11,-1.15%,"1,001"
835,AZZ,AZZ Inc,Industrials,Specialty Business Services,USA,3.77B,11.88,126.38,0.10%,"99,606"
836,B,Barrick Mining Corp,Basic Materials,Gold,Canada,69.76B,14.12,41.64,-1.33%,"12,368,667"
837,BA,Boeing Co,Industrials,Aerospace & Defense,USA,163.52B,109.83,208.22,0.43%,"6,614,690"
838,BAB,Invesco Taxable Municipal Bond ETF,Financial,Exchange Traded Fund,USA,-,-,26.88,-0.15%,"350,728"
839,BABA,Alibaba Group Holding Ltd ADR,Consumer Cyclical,Internet Retail,China,274.24B,22.69,122.05,-1.36%,"8,797,764"
840,BABO,YieldMax BABA Option Income Strategy ETF,Financial,Exchange Traded Fund,USA,-,-,10.06,-2.14%,"20,048"
841,BABU,Direxion Daily BABA Bull 2X ETF,Financial,Exchange Traded Fund,USA,-,-,12.82,-3.26%,"27,587"
842,BABW,Roundhill BABA WeeklyPay ETF,Financial,Exchange Traded Fund,USA,-,-,27.91,-2.03%,"9,637"
843,BABX,GraniteShares 2x Long BABA Daily ETF,Financial,Exchange Traded Fund,USA,-,-,23.30,-2.80%,"358,714"
844,BAC,Bank Of America Corp,Financial,Banks - Diversified,USA,354.38B,12.92,49.38,0.22%,"27,500,466"
845,BACC,Blue Acquisition Corp,Financial,Shell Companies,USA,286.05M,113.04,10.23,0.10%,"1,247"
846,BAER,Bridger Aerospace Group Holdings Inc,Industrials,Security & Protection Services,USA,112.97M,-,2.02,1.51%,"263,415"
847,BAFE,Brown Advisory Flexible Equity ETF,Financial,Exchange Traded Fund,USA,-,-,25.42,-0.10%,"125,424"
848,BAFN,BayFirst Financial Corp,Financial,Banks - Regional,USA,27.77M,-,6.76,4.48%,"8,898"
849,BAGY,Amplify Bitcoin Max Income Covered Call ETF,Financial,Exchange Traded Fund,USA,-,-,27.69,-1.63%,"5,475"
850,BAH,Booz Allen Hamilton Holding Corp,Industrials,Consulting Services,USA,10.03B,12.36,83.13,3.43%,"1,560,093"
851,BAI,iShares A.I. Innovation and Tech Active ETF,Financial,Exchange Traded Fund,USA,-,-,34.22,0.44%,"4,045,061"
852,BAIG,Leverage Shares 2X Long BBAI Daily ETF,Financial,Exchange Traded Fund,USA,-,-,2.95,8.74%,"442,147"
853,BAIV,Brown Advisory International Value Select ETF,Financial,Exchange Traded Fund,USA,-,-,23.85,-0.45%,"5,648"
854,BAK,Braskem S.A. ADR,Basic Materials,Chemicals,Brazil,622.83M,-,3.61,2.27%,"1,264,359"
855,BALI,iShares U.S. Large Cap Premium Income Active ETF,Financial,Exchange Traded Fund,USA,-,-,30.74,0.20%,"211,020"
856,BALL,Ball Corp,Consumer Cyclical,Packaging & Containers,USA,15.96B,18.06,59.97,-0.66%,"1,522,828"
857,BALQ,iShares Nasdaq Premium Income Active ETF,Financial,Exchange Traded Fund,USA,-,-,46.34,0.23%,"41,915"
858,BALT,Innovator Defined Wealth Shield ETF,Financial,Exchange Traded Fund,USA,-,-,33.52,0.03%,"609,814"
859,BALY,Ballys Corporation,Consumer Cyclical,Resorts & Casinos,USA,468.37M,-,9.65,2.55%,"46,387"
860,BAM,Brookfield Asset Management Ltd,Financial,Asset Management,USA,72.82B,29.08,44.45,0.84%,"4,755,854"
861,BAMA,Brookstone Active ETF,Financial,Exchange Traded Fund,USA,-,-,33.25,-0.10%,"7,172"
862,BAMB,Brookstone Intermediate Bond ETF,Financial,Exchange Traded Fund,USA,-,-,26.27,0.13%,"7,978"
863,BAMD,Brookstone Dividend Stock ETF,Financial,Exchange Traded Fund,USA,-,-,31.36,0.67%,"6,409"
864,BAMG,Brookstone Growth Stock ETF,Financial,Exchange Traded Fund,USA,-,-,36.99,0.06%,"8,106"
865,BAMO,Brookstone Opportunities ETF,Financial,Exchange Traded Fund,USA,-,-,31.93,0.04%,"4,060"
866,BAMU,Brookstone Ultra-Short Bond ETF,Financial,Exchange Traded Fund,USA,-,-,25.25,0.00%,"7,435"
867,BAMV,Brookstone Value Stock ETF,Financial,Exchange Traded Fund,USA,-,-,32.70,0.27%,"7,416"
868,BAMY,Brookstone Yield ETF,Financial,Exchange Traded Fund,USA,-,-,27.44,0.18%,"8,588"
869,BANC,Banc of California Inc,Financial,Banks - Regional,USA,2.81B,15.06,17.63,-0.45%,"2,424,626"
870,BAND,Bandwidth Inc,Technology,Software - Infrastructure,USA,566.53M,-,18.05,0.67%,"209,595"
871,BANF,Bancfirst Corp,Financial,Banks - Regional,USA,3.66B,15.34,109.07,-0.14%,"56,429"
872,BANL,CBL International Ltd,Energy,Oil & Gas Midstream,Malaysia,19.31M,-,0.70,-7.45%,"138,225"
873,BANR,Banner Corp,Financial,Banks - Regional,USA,2.10B,10.92,61.60,0.33%,"170,708"
874,BANX,ArrowMark Financial Corp,Financial,Closed-End Fund - Debt,USA,151.36M,7.85,19.38,0.83%,"43,903"
875,BAOS,Baosheng Media Group Holdings Ltd,Communication Services,Advertising Agencies,China,3.90M,-,2.54,-0.68%,"4,374"
876,BAP,Credicorp Ltd,Financial,Banks - Regional,Peru,27.04B,13.93,339.98,-0.38%,"175,926"
877,BAPR,Innovator U.S. Equity Buffer ETF - April,Financial,Exchange Traded Fund,USA,-,-,49.36,0.02%,"82,370"
878,BAR,GraniteShares Gold Trust,Financial,Exchange Traded Fund,USA,-,-,46.03,-1.92%,"516,798"
879,BARK,BARK Inc,Consumer Cyclical,Specialty Retail,USA,85.73M,-,9.92,-5.34%,"100,604"
880,BASG,Brown Advisory Sustainable Growth ETF,Financial,Exchange Traded Fund,USA,-,-,22.77,0.02%,"28,172"
881,BASV,Brown Advisory Sustainable Value ETF,Financial,Exchange Traded Fund,USA,-,-,27.03,-0.17%,"12,602"
882,BATL,Battalion Oil Corp,Energy,Oil & Gas E&P,USA,76.86M,-,4.21,9.35%,"43,512,831"
883,BATRA,Atlanta Braves Holdings Inc,Communication Services,Entertainment,USA,2.81B,-,48.65,3.58%,"70,891"
884,BATRK,Atlanta Braves Holdings Inc,Communication Services,Entertainment,USA,2.81B,-,43.89,3.51%,"249,402"
885,BATT,Amplify Lithium & Battery Technology ETF,Financial,Exchange Traded Fund,USA,-,-,14.98,-0.40%,"24,824"
886,BAUG,Innovator U.S. Equity Buffer ETF - August,Financial,Exchange Traded Fund,USA,-,-,49.17,0.08%,"1,210"
887,BAX,Baxter International Inc,Healthcare,Medical Instruments & Supplies,USA,8.58B,-,16.68,-0.60%,"6,513,497"
888,BAYA,Bayview Acquisition Corp,Financial,Shell Companies,USA,32.65M,403.39,11.90,-0.42%,12
889,BB,BlackBerry Ltd,Technology,Software - Infrastructure,Canada,2.04B,184.04,3.46,2.98%,"7,801,657"
890,BBAG,JPMorgan BetaBuilders U.S. Aggregate Bond ETF,Financial,Exchange Traded Fund,USA,-,-,46.09,0.22%,"301,198"
891,BBAI,BigBear.ai Holdings Inc,Technology,Information Technology Services,USA,1.70B,-,3.58,4.68%,"23,002,192"
892,BBAR,BBVA Argentina ADR,Financial,Banks - Regional,Argentina,3.27B,17.55,16.01,-1.66%,"595,765"
893,BBAX,JPMorgan BetaBuilders Developed Asia Pacific ex-Japan ETF,Financial,Exchange Traded Fund,USA,-,-,59.92,-0.20%,"257,704"
894,BBB,Cyber Hornet S&P 500 and Bitcoin 75 /25 Strategy ETF,Financial,Exchange Traded Fund,USA,-,-,26.82,-0.40%,"3,331"
895,BBBI,BondBloxx BBB Rated 5-10 Year Corporate Bond ETF,Financial,Exchange Traded Fund,USA,-,-,51.41,0.21%,"44,455"
896,BBBL,BondBloxx BBB Rated 10+ Year Corporate Bond ETF,Financial,Exchange Traded Fund,USA,-,-,47.67,0.60%,2
897,BBBS,BondBloxx BBB Rated 1-5 Year Corporate Bond ETF,Financial,Exchange Traded Fund,USA,-,-,51.05,0.13%,"41,924"
898,BBBY,Bed Bath & Beyond Inc,Consumer Cyclical,Internet Retail,USA,320.33M,-,4.62,-0.86%,"2,003,509"
899,BBC,Virtus Biotech Clinical Trials ETF,Financial,Exchange Traded Fund,USA,-,-,42.84,0.98%,"11,975"
900,BBCA,JPMorgan BetaBuilders Canada ETF,Financial,Exchange Traded Fund,USA,-,-,94.92,0.31%,"331,652"
901,BBCB,JPMorgan BetaBuilders USD Investment Grade Corporate Bond ETF,Financial,Exchange Traded Fund,USA,-,-,45.31,0.41%,"5,146"
902,BBCP,Concrete Pumping Holdings Inc,Industrials,Engineering & Construction,USA,352.56M,75.30,6.98,-1.97%,"77,998"
903,BBCQ,Bleichroeder Acquisition Corp II,Financial,Shell Companies,USA,383.68M,-,10.01,-0.20%,"3,797"
904,BBD,Banco Bradesco S.A. ADR,Financial,Banks - Regional,Brazil,19.33B,9.12,3.66,-1.88%,"29,498,954"
905,BBDC,Barings BDC Inc,Financial,Asset Management,USA,876.40M,8.64,8.37,2.57%,"649,839"
906,BBEM,JPMorgan BetaBuilders Emerging Markets Equity ETF,Financial,Exchange Traded Fund,USA,-,-,65.63,-1.10%,"1,088"
907,BBEU,JPMorgan BetaBuilders Europe ETF,Financial,Exchange Traded Fund,USA,-,-,73.01,-0.69%,"377,968"
908,BBGI,Beasley Broadcast Group Inc,Communication Services,Broadcasting,USA,5.79M,-,3.21,-5.31%,"7,502"
909,BBH,VanEck Biotech ETF,Financial,Exchange Traded Fund,USA,-,-,187.79,-0.82%,"3,193"
910,BBHL,BBH Select Large Cap ETF,Financial,Exchange Traded Fund,USA,-,-,15.10,0.23%,"82,396"
911,BBHM,BBH Select Mid Cap ETF,Financial,Exchange Traded Fund,USA,-,-,11.17,0.72%,"222,232"
912,BBHY,JPMorgan BetaBuilders USD High Yield Corporate Bond ETF,Financial,Exchange Traded Fund,USA,-,-,45.75,0.18%,"69,943"
913,BBIB,JPMorgan BetaBuilders U.S. Treasury Bond 3-10 Year ETF,Financial,Exchange Traded Fund,USA,-,-,98.43,0.11%,242
914,BBIN,JPMorgan BetaBuilders International Equity ETF,Financial,Exchange Traded Fund,USA,-,-,73.89,-0.58%,"361,257"
915,BBIO,BridgeBio Pharma Inc,Healthcare,Biotechnology,USA,14.18B,-,73.15,-1.75%,"1,229,903"
916,BBJP,JPMorgan BetaBuilders Japan ETF,Financial,Exchange Traded Fund,USA,-,-,69.60,-1.49%,"1,616,328"
917,BBLB,JPMorgan BetaBuilders U.S. Treasury Bond 20+ Year ETF,Financial,Exchange Traded Fund,USA,-,-,82.13,0.59%,764
918,BBLG,Bone Biologics Corp,Healthcare,Biotechnology,USA,2.23M,-,1.24,6.90%,"24,542"
919,BBLU,EA Bridgeway Blue Chip ETF,Financial,Exchange Traded Fund,USA,-,-,14.81,0.37%,"110,408"
920,BBMC,JPMorgan BetaBuilders U.S. Mid Cap Equity ETF,Financial,Exchange Traded Fund,USA,-,-,110.07,0.55%,"113,026"
921,BBN,BlackRock Taxable Municipal Bond Trust,Financial,Closed-End Fund - Debt,USA,992.39M,12.65,16.06,-0.56%,"104,694"
922,BBNX,Beta Bionics Inc,Healthcare,Medical Devices,USA,440.71M,-,9.93,-0.80%,"612,133"
923,BBOT,BridgeBio Oncology Therapeutics Inc,Healthcare,Biotechnology,USA,713.09M,-,8.91,-1.33%,"164,718"
924,BBP,Virtus Biotech ETF,Financial,Exchange Traded Fund,USA,-,-,83.70,-0.03%,"2,743"
925,BBRE,JPMorgan BetaBuilders MSCI U.S. REIT ETF,Financial,Exchange Traded Fund,USA,-,-,97.29,1.10%,"8,248"
926,BBSB,JPMorgan BetaBuilders U.S. Treasury Bond 1-3 Year ETF,Financial,Exchange Traded Fund,USA,-,-,98.57,0.06%,"5,886"
927,BBSC,JPMorgan BetaBuilders U.S. Small Cap Equity ETF,Financial,Exchange Traded Fund,USA,-,-,76.01,0.72%,"21,423"
928,BBSI,Barrett Business Services Inc,Industrials,Staffing & Employment Services,USA,745.51M,14.16,29.58,2.35%,"155,922"
929,BBT,Beacon Financial Corp,Financial,Banks - Regional,USA,2.54B,23.62,30.25,0.00%,"975,736"
930,BBU,Brookfield Business Partners L.P,Industrials,Conglomerates,Canada,2.76B,-,31.46,0.00%,0
931,BBUC,Brookfield Business Corp,Financial,Asset Management,USA,3.27B,-,34.47,3.05%,"207,228"
932,BBUS,JPMorgan BetaBuilders U.S. Equity ETF,Financial,Exchange Traded Fund,USA,-,-,118.20,0.14%,"252,437"
933,BBVA,Banco Bilbao Vizcaya Argentaria S.A. ADR,Financial,Banks - Diversified,Spain,124.75B,10.60,21.92,0.46%,"1,502,619"
934,BBW,Build A Bear Workshop Inc,Consumer Cyclical,Specialty Retail,USA,492.85M,9.54,38.07,2.64%,"253,980"
935,BBWI,Bath & Body Works Inc,Consumer Cyclical,Specialty Retail,USA,3.74B,5.89,18.57,-3.93%,"4,471,943"
936,BBY,Best Buy Co. Inc,Consumer Cyclical,Specialty Retail,USA,13.49B,12.78,64.50,0.30%,"2,565,297"
937,BBYY,GraniteShares YieldBOOST BABA ETF,Financial,Exchange Traded Fund,USA,-,-,12.99,-2.12%,448
938,BC,Brunswick Corp,Consumer Cyclical,Recreational Vehicles,USA,4.75B,-,73.30,0.31%,"488,264"
939,BCAB,BioAtla Inc,Healthcare,Biotechnology,USA,10.80M,-,0.13,-3.12%,"1,065,956"
940,BCACU,Brookline Capital Acquisition Corp II,Financial,Shell Companies,USA,-,-,-,-,0
941,BCAL,California BanCorp,Financial,Banks - Regional,USA,574.13M,9.22,17.76,-0.45%,"144,935"
942,BCAR,D. Boral ARC Acquisition I Corp,Financial,Shell Companies,USA,417.36M,93.62,10.13,0.10%,"5,696"
943,BCAT,BlackRock Capital Allocation Term Trust,Financial,Closed-End Fund - Equity,USA,1.50B,6.75,14.31,-0.35%,"419,026"
944,BCAX,Bicara Therapeutics Inc,Healthcare,Biotechnology,USA,1.41B,-,21.47,4.73%,"919,780"
945,BCBP,BCB Bancorp Inc (NJ),Financial,Banks - Regional,USA,156.58M,-,9.02,-1.10%,"128,699"
946,BCC,Boise Cascade Co,Basic Materials,Lumber & Wood Production,USA,2.62B,20.84,73.20,-2.50%,"412,388"
947,BCCC,Global X Bitcoin Covered Call ETF,Financial,Exchange Traded Fund,USA,-,-,13.57,-0.52%,"14,229"
948,BCD,abrdn Bloomberg All Comm Longer Dt Strategy K-1 Free ETF,Financial,Exchange Traded Fund,USA,-,-,35.64,0.14%,"276,749"
949,BCDA,BioCardia Inc,Healthcare,Biotechnology,USA,13.13M,-,1.20,3.45%,"93,454"
950,BCDF,Horizon Kinetics Blockchain Development ETF,Financial,Exchange Traded Fund,USA,-,-,31.10,1.31%,723
951,BCE,BCE Inc,Communication Services,Telecom Services,Canada,22.80B,5.00,24.45,-3.66%,"7,590,262"
952,BCFN,Baron Financials ETF,Financial,Exchange Traded Fund,USA,-,-,20.92,0.64%,"1,048"
953,BCG,Binah Capital Group Inc,Financial,Asset Management,USA,38.61M,25.38,2.31,-2.94%,"744,646"
954,BCGD,Baron Global Durable Advantage ETF,Financial,Exchange Traded Fund,USA,-,-,23.63,-0.57%,"10,195"
955,BCGS,Bancreek Global Select ETF,Financial,Exchange Traded Fund,USA,-,-,24.49,-0.32%,406
956,BCH,Banco de Chile ADR,Financial,Banks - Regional,Chile,18.37B,14.66,36.38,-2.31%,"341,416"
957,BCHI,GMO Beyond China ETF,Financial,Exchange Traded Fund,USA,-,-,32.01,-1.35%,652
958,BCHP,Principal Focused Blue Chip ETF,Financial,Exchange Traded Fund,USA,-,-,33.02,0.24%,"13,079"
959,BCHT,Birchtech Corp,Industrials,Pollution & Treatment Controls,USA,48.93M,-,1.86,-3.63%,"118,483"
960,BCI,abrdn Bloomberg All Commodity Strategy K-1 Free ETF,Financial,Exchange Traded Fund,USA,-,-,24.67,2.45%,"997,029"
961,BCIC,BCP Investment Corp,Financial,Asset Management,USA,94.63M,10.11,7.64,1.19%,"77,967"
962,BCIL,Bancreek International Large Cap ETF,Financial,Exchange Traded Fund,USA,-,-,26.62,-1.01%,"16,446"
963,BCKT,LifeX 2030 Income Bucket ETF,Financial,Exchange Traded Fund,USA,-,-,43.42,-1.82%,6
964,BCLO,iShares BBB-B CLO Active ETF,Financial,Exchange Traded Fund,USA,-,-,49.01,0.51%,"13,105"
965,BCML,BayCom Corp,Financial,Banks - Regional,USA,324.33M,13.65,29.73,0.44%,"7,760"
966,BCO,Brink's Co,Industrials,Security & Protection Services,USA,4.25B,22.00,103.32,-0.06%,"353,558"
967,BCOR,Grayscale Bitcoin Adopters ETF,Financial,Exchange Traded Fund,USA,-,-,21.06,-1.06%,647
968,BCPC,Balchem Corp,Basic Materials,Specialty Chemicals,USA,5.46B,35.88,170.42,-0.85%,"175,647"
969,BCPL,BNY Mellon Core Plus ETF,Financial,Exchange Traded Fund,USA,-,-,24.80,0.22%,"75,860"
970,BCRX,Biocryst Pharmaceuticals Inc,Healthcare,Drug Manufacturers - Specialty & Generic,USA,2.26B,7.50,9.02,-3.84%,"7,820,211"
971,BCS,Barclays plc ADR,Financial,Banks - Diversified,United Kingdom,74.88B,9.32,21.80,-0.14%,"7,607,648"
972,BCSF,Bain Capital Specialty Finance Inc,Financial,Asset Management,USA,816.05M,8.26,12.58,2.28%,"548,630"
973,BCSM,Baron SMID Cap ETF,Financial,Exchange Traded Fund,USA,-,-,21.90,0.69%,"3,514"
974,BCSS,Bain Capital GSS Investment Corp,Financial,Shell Companies,USA,589.84M,138.36,10.10,-0.10%,"1,800"
975,BCTK,Baron Technology ETF,Financial,Exchange Traded Fund,USA,-,-,23.69,0.19%,"11,744"
976,BCTX,BriaCell Therapeutics Corp,Healthcare,Biotechnology,Canada,29.72M,-,4.10,-0.97%,"112,028"
977,BCUS,Bancreek U.S. Large Cap ETF,Financial,Exchange Traded Fund,USA,-,-,32.28,-0.03%,"11,744"
978,BCV,Bancroft Fund Ltd,Financial,Closed-End Fund - Debt,USA,126.11M,2.94,21.66,-1.68%,"25,662"
979,BCX,BlackRock Resources & Commodities Strategy Trust,Financial,Closed-End Fund - Equity,USA,936.20M,4.39,12.28,0.49%,"119,708"
980,BCYC,Bicycle Therapeutics Plc ADR,Healthcare,Biotechnology,United Kingdom,252.15M,-,5.05,3.06%,"324,694"
981,BDBT,Bluemonte Core Bond ETF,Financial,Exchange Traded Fund,USA,-,-,25.32,0.24%,"32,738"
982,BDC,Belden Inc,Technology,Communication Equipment,USA,4.46B,19.46,115.05,-1.34%,"161,148"
983,BDCI,BTC Development Corp,Financial,Shell Companies,USA,346.95M,-,9.97,0.00%,6
984,BDCX,"ETRACS Quarterly Pay 1.5X Leveraged MVIS BDC Index ETN due June 10, 20",Financial,Exchange Traded Fund,USA,-,-,20.53,2.26%,"2,714"
985,BDCZ,"ETRACS MVIS Business Development Companies Index ETN due April 26, 204",Financial,Exchange Traded Fund,USA,-,-,15.11,1.64%,529
986,BDEC,Innovator U.S. Equity Buffer ETF - December,Financial,Exchange Traded Fund,USA,-,-,48.33,0.06%,"10,275"
987,BDGS,Bridges Capital Tactical ETF,Financial,Exchange Traded Fund,USA,-,-,34.45,0.18%,"2,499"
988,BDIV,AAM Brentview Dividend Growth ETF,Financial,Exchange Traded Fund,USA,-,-,22.77,0.11%,"1,341"
989,BDJ,BlackRock Enhanced Equity Dividend Trust,Financial,Closed-End Fund - Equity,USA,1.55B,5.59,8.77,0.23%,"377,293"
990,BDL,"Flanigan's Enterprises, Inc",Consumer Cyclical,Restaurants,USA,59.94M,10.37,32.25,-3.01%,577
991,BDMD,Baird Medical Investment Holdings Limited,Healthcare,Medical Devices,China,71.62M,-,1.95,2.63%,"340,834"
992,BDN,Brandywine Realty Trust,Real Estate,REIT - Office,USA,447.76M,-,2.57,-3.02%,"1,754,480"
993,BDRX,Biodexa Pharmaceuticals Plc ADR,Healthcare,Biotechnology,United Kingdom,1.97M,-,0.87,42.23%,"120,555,421"
994,BDRY,Breakwave Dry Bulk Shipping ETF,Financial,Exchange Traded Fund,USA,-,-,10.45,1.21%,"29,328"
995,BDSX,Biodesix Inc,Healthcare,Diagnostics & Research,USA,148.57M,-,15.07,2.10%,"40,536"
996,BDTX,Black Diamond Therapeutics Inc,Healthcare,Biotechnology,USA,136.92M,6.28,2.39,2.58%,"534,510"
997,BDVG,iMGP Berkshire Dividend Growth ETF,Financial,Exchange Traded Fund,USA,-,-,13.13,0.36%,"5,755"
998,BDVL,iShares Disciplined Volatility Equity Active ETF,Financial,Exchange Traded Fund,USA,-,-,24.93,0.16%,"282,780"
999,BDX,Becton Dickinson & Co,Healthcare,Medical Instruments & Supplies,USA,44.00B,25.24,154.51,-1.17%,"2,368,036"
1000,BDYN,iShares Dynamic Equity Active ETF,Financial,Exchange Traded Fund,USA,-,-,24.50,-0.48%,"422,452"
